{"type":"FeatureCollection","features":[{"type":"Feature","geometry":{"type":"Polygon","coordinates":[[[43.2292,16.1792],[43.2201,16.1839],[43.204,16.2152],[43.1741,16.2203],[43.1501,16.219],[43.1303,16.223],[43.0794,16.2188],[43.0505,16.213],[43.0363,16.2167],[43.001,16.2107],[42.9872,16.2123],[42.9561,16.2072],[42.9686,16.1611],[42.9618,16.1328],[42.9603,16.1144],[42.9537,16.0903],[42.9525,16.044],[42.9533,16.0256],[42.9456,16.0052],[42.9258,15.9893],[42.9169,15.9628],[42.8957,15.948],[42.8652,15.9462],[42.8279,15.9482],[42.8178,15.9284],[42.8276,15.9244],[42.8308,15.9153],[42.8192,15.905],[42.822,15.8931],[42.8179,15.887],[42.8148,15.8648],[42.8602,15.8388],[42.8719,15.8255],[42.8824,15.8192],[42.9278,15.8138],[42.9664,15.814],[43.0305,15.8209],[43.1027,15.8428],[43.1329,15.8566],[43.1803,15.8734],[43.2042,15.8847],[43.2236,15.8817],[43.2139,15.9011],[43.2175,15.9273],[43.2259,15.9363],[43.2481,15.9468],[43.2581,15.9545],[43.2899,15.9569],[43.2827,15.9823],[43.2749,15.9965],[43.259,16.0181],[43.2572,16.0245],[43.2293,16.0403],[43.2238,16.0486],[43.2232,16.0852],[43.2299,16.1042],[43.2343,16.1314],[43.2282,16.1593],[43.2292,16.1792]]]},"properties":{"id":"YE1704","gov":"YE17","ar":"عبس","en":"Abs"}},{"type":"Feature","geometry":{"type":"Polygon","coordinates":[[[44.7119,13.8413],[44.6945,13.8405],[44.6749,13.8431],[44.6481,13.824],[44.5871,13.8235],[44.5684,13.8105],[44.5638,13.7952],[44.5623,13.7754],[44.5633,13.7467],[44.5857,13.7381],[44.6111,13.734],[44.6382,13.743],[44.6475,13.7435],[44.6534,13.7612],[44.6512,13.7716],[44.661,13.7792],[44.6712,13.7811],[44.7043,13.7522],[44.7178,13.7308],[44.7177,13.7156],[44.7052,13.7168],[44.7024,13.7063],[44.7142,13.7013],[44.7254,13.6808],[44.7397,13.656],[44.7392,13.6453],[44.7459,13.6272],[44.7529,13.5987],[44.7586,13.5987],[44.8012,13.5869],[44.8226,13.586],[44.8315,13.5935],[44.8348,13.598],[44.8338,13.6213],[44.8244,13.65],[44.8214,13.6957],[44.8099,13.7132],[44.8071,13.7299],[44.7945,13.7375],[44.7901,13.7494],[44.7674,13.7555],[44.7496,13.7876],[44.7365,13.7944],[44.7187,13.8124],[44.7132,13.8259],[44.7119,13.8413]]]},"properties":{"id":"YE3006","gov":"YE30","ar":"الضالع","en":"Ad Dali'"}},{"type":"Feature","geometry":{"type":"Polygon","coordinates":[[[50.2245,14.888],[50.182,14.8984],[50.1624,14.9085],[50.1357,14.9329],[50.1082,14.9721],[50.0867,15.01],[50.0725,15.051],[50.0652,15.0856],[50.0683,15.1603],[50.066,15.1913],[50.0604,15.2126],[50.0507,15.2217],[50.0158,15.225],[50.004,15.2336],[49.988,15.2564],[49.968,15.2977],[49.9639,15.3133],[49.9672,15.3408],[49.9789,15.3665],[49.9958,15.3911],[49.9289,15.3882],[49.8745,15.3754],[49.8588,15.373],[49.8402,15.378],[49.8306,15.3807],[49.8067,15.3803],[49.7811,15.3774],[49.7924,15.3399],[49.7936,15.3067],[49.781,15.2667],[49.7803,15.2531],[49.7843,15.2321],[49.777,15.1958],[49.7759,15.1781],[49.7989,15.1637],[49.8064,15.1518],[49.8128,15.1317],[49.8144,15.1172],[49.8236,15.1141],[49.8359,15.1021],[49.8403,15.0788],[49.8443,15.0388],[49.8443,15.0184],[49.8311,14.9884],[49.8108,14.9778],[49.7709,14.9658],[49.7605,14.9573],[49.7667,14.9386],[49.7916,14.9043],[49.8032,14.8942],[49.8308,14.884],[49.8433,14.867],[49.8524,14.8406],[49.8638,14.8211],[49.9262,14.8481],[49.94,14.8512],[49.9601,14.8462],[49.9711,14.8497],[49.9993,14.8531],[50.0119,14.8497],[50.0235,14.8335],[50.0257,14.8237],[50.0388,14.8234],[50.0716,14.834],[50.1081,14.8499],[50.1378,14.8482],[50.1467,14.8422],[50.1783,14.8446],[50.1797,14.8575],[50.1949,14.8701],[50.2245,14.888]]]},"properties":{"id":"YE1914","gov":"YE19","ar":"الديس","en":"Ad Dis"}},{"type":"Feature","geometry":{"type":"Polygon","coordinates":[[[43.3853,15.1929],[43.3755,15.1956],[43.3688,15.2086],[43.3592,15.2182],[43.3347,15.2232],[43.3254,15.2321],[43.3087,15.238],[43.3038,15.2482],[43.2816,15.2751],[43.2733,15.2926],[43.2566,15.2797],[43.2394,15.2627],[43.1769,15.255],[43.1511,15.2551],[43.145,15.2603],[43.1319,15.2551],[43.1051,15.2595],[43.0891,15.2584],[43.0742,15.2484],[43.0525,15.2243],[43.0285,15.2137],[43.0007,15.1822],[42.9853,15.1577],[43.009,15.1504],[43.0238,15.1539],[43.037,15.1697],[43.0485,15.1726],[43.053,15.1869],[43.0655,15.1935],[43.0796,15.1924],[43.0973,15.1865],[43.1198,15.1873],[43.154,15.1856],[43.1615,15.19],[43.1905,15.1884],[43.2002,15.1973],[43.2346,15.2107],[43.2407,15.2221],[43.2524,15.2332],[43.2818,15.2127],[43.2933,15.1967],[43.3148,15.1976],[43.3405,15.1835],[43.3459,15.1732],[43.3591,15.1622],[43.383,15.1617],[43.4022,15.1735],[43.3853,15.1929]]]},"properties":{"id":"YE1809","gov":"YE18","ar":"الضحى","en":"Ad Dohi"}},{"type":"Feature","geometry":{"type":"Polygon","coordinates":[[[47.9886,15.1938],[47.9658,15.1898],[47.9147,15.1765],[47.8677,15.1576],[47.8442,15.1514],[47.8288,15.1509],[47.8076,15.1569],[47.7985,15.1697],[47.7894,15.1944],[47.7619,15.2601],[47.7387,15.2815],[47.7164,15.2944],[47.7058,15.2801],[47.6796,15.2556],[47.6573,15.2374],[47.6408,15.2273],[47.6224,15.2206],[47.5965,15.2217],[47.5859,15.2046],[47.5822,15.1813],[47.5764,15.1653],[47.5764,15.1537],[47.5839,15.134],[47.6186,15.0999],[47.6284,15.0874],[47.6473,15.0722],[47.6624,15.0532],[47.6611,15.0377],[47.6561,15.0225],[47.6473,15.0093],[47.6124,14.9828],[47.6612,14.9311],[47.6814,14.9081],[47.7006,14.892],[47.7278,14.8761],[47.7649,14.8589],[47.8015,14.8391],[47.8447,14.8197],[47.8851,14.8034],[47.9202,14.7846],[47.9428,14.7751],[47.9937,14.7565],[48.0365,14.7438],[48.065,14.737],[48.1039,14.7342],[48.1418,14.7403],[48.1595,14.7468],[48.1528,14.7654],[48.1513,14.7898],[48.1533,14.7972],[48.1809,14.8377],[48.1957,14.8644],[48.2187,14.8988],[48.2319,14.9239],[48.2368,14.9376],[48.2319,14.9576],[48.2158,14.985],[48.188,15.0215],[48.1775,15.0301],[48.1515,15.0413],[48.139,15.0578],[48.1345,15.0728],[48.1357,15.1024],[48.1317,15.108],[48.1176,15.1093],[48.109,15.1205],[48.0927,15.1156],[48.0839,15.1031],[48.0703,15.0985],[48.0623,15.1134],[48.0496,15.1257],[48.0608,15.137],[48.0593,15.1513],[48.0509,15.1668],[48.0314,15.1792],[48.0101,15.1822],[47.9886,15.1938]]]},"properties":{"id":"YE1922","gov":"YE19","ar":"الضليعه","en":"Ad Dulay'ah"}},{"type":"Feature","geometry":{"type":"MultiPolygon","coordinates":[[[[43.1661,14.7164],[43.1481,14.713],[43.1295,14.6994],[43.1205,14.7117],[43.1236,14.7377],[43.1299,14.7589],[43.1249,14.77],[43.1134,14.7768],[43.0976,14.8038],[43.0735,14.7989],[43.0593,14.7907],[43.0504,14.7601],[43.0366,14.7428],[42.9952,14.7224],[42.9628,14.7058],[42.9566,14.7063],[42.9676,14.688],[42.9671,14.6784],[42.9827,14.6633],[42.9844,14.6515],[42.9812,14.6305],[42.9898,14.6168],[42.9993,14.6123],[42.9959,14.6017],[43.0058,14.5727],[43.0026,14.5539],[43.0144,14.5452],[43.0168,14.5367],[43.0089,14.5204],[43.0122,14.513],[43.009,14.4999],[43.0147,14.4818],[43.0078,14.4728],[43.0195,14.4613],[43.0184,14.4369],[43.0097,14.4379],[43.0044,14.4525],[43.0022,14.4688],[42.9894,14.479],[42.9894,14.4894],[42.9738,14.4904],[42.973,14.4826],[42.984,14.4638],[42.9847,14.4507],[42.9916,14.4397],[42.9962,14.4173],[42.9976,14.3973],[43.0106,14.3792],[43.0312,14.3908],[43.0515,14.412],[43.0786,14.459],[43.1044,14.5197],[43.1339,14.5605],[43.1443,14.5665],[43.2163,14.5711],[43.2326,14.5779],[43.2411,14.5879],[43.2394,14.6016],[43.2464,14.6359],[43.2397,14.6358],[43.2429,14.6561],[43.235,14.6798],[43.2136,14.6857],[43.1661,14.7164]]],[[[42.949,14.5451],[42.9504,14.5622],[42.9414,14.5648],[42.9443,14.545],[42.949,14.5451]]]]},"properties":{"id":"YE1814","gov":"YE18","ar":"الدريهمي","en":"Ad Durayhimi"}},{"type":"Feature","geometry":{"type":"Polygon","coordinates":[[[43.3403,16.8279],[43.3393,16.8494],[43.3241,16.8515],[43.3163,16.8731],[43.306,16.8692],[43.3023,16.8533],[43.286,16.8502],[43.2833,16.82],[43.2613,16.8172],[43.2372,16.8232],[43.2326,16.8339],[43.2234,16.8287],[43.2326,16.8069],[43.2462,16.8078],[43.2666,16.7949],[43.2574,16.7863],[43.2513,16.7691],[43.2651,16.754],[43.2479,16.7438],[43.2329,16.7417],[43.2305,16.7305],[43.2117,16.7097],[43.2192,16.7001],[43.2276,16.7019],[43.2364,16.667],[43.2347,16.6428],[43.2455,16.6374],[43.2739,16.6337],[43.3075,16.6122],[43.322,16.6048],[43.321,16.6439],[43.3248,16.6635],[43.3211,16.6939],[43.3032,16.7086],[43.2936,16.7364],[43.2947,16.7403],[43.321,16.7706],[43.3324,16.7768],[43.3393,16.8019],[43.3307,16.8157],[43.3403,16.8279]]]},"properties":{"id":"YE2207","gov":"YE22","ar":"الظاهر","en":"Adh Dhahir"}},{"type":"Feature","geometry":{"type":"Polygon","coordinates":[[[44.1918,13.9883],[44.192,14.003],[44.1767,14.0039],[44.1728,14.0096],[44.1313,14.0091],[44.1225,13.9912],[44.1301,13.9859],[44.1413,13.9932],[44.1476,13.9876],[44.1356,13.9726],[44.1201,13.9755],[44.1266,13.9692],[44.1186,13.957],[44.1203,13.9506],[44.1413,13.9453],[44.1409,13.9589],[44.1669,13.9544],[44.1767,13.9491],[44.183,13.9786],[44.1918,13.9883]]]},"properties":{"id":"YE1119","gov":"YE11","ar":"الظهار","en":"Adh Dhihar"}},{"type":"Feature","geometry":{"type":"Polygon","coordinates":[[[43.4473,15.9891],[43.43,15.9922],[43.4316,16.002],[43.4273,16.0161],[43.4331,16.0286],[43.4321,16.038],[43.4175,16.013],[43.3991,16.0144],[43.3862,16.0084],[43.3809,15.9982],[43.3816,15.9884],[43.398,15.9719],[43.4013,15.9624],[43.3911,15.9377],[43.4081,15.9358],[43.4122,15.9232],[43.4262,15.921],[43.4292,15.9395],[43.4243,15.9487],[43.4346,15.9524],[43.4364,15.9664],[43.4473,15.9891]]]},"properties":{"id":"YE1714","gov":"YE17","ar":"افلح اليمن","en":"Aflah Al Yaman"}},{"type":"Feature","geometry":{"type":"Polygon","coordinates":[[[43.4362,16.081],[43.4238,16.0822],[43.412,16.0974],[43.4019,16.0976],[43.4006,16.0734],[43.3927,16.0604],[43.386,16.0257],[43.3862,16.0084],[43.3991,16.0144],[43.4175,16.013],[43.4321,16.038],[43.4443,16.0399],[43.4474,16.0485],[43.4433,16.0686],[43.4362,16.081]]]},"properties":{"id":"YE1710","gov":"YE17","ar":"افلح الشام","en":"Aflah Ash Sham"}},{"type":"Feature","geometry":{"type":"Polygon","coordinates":[[[47.1909,13.6003],[47.1914,13.6086],[47.2054,13.647],[47.218,13.6736],[47.2191,13.6947],[47.2166,13.7121],[47.2083,13.7268],[47.1899,13.7415],[47.1887,13.7715],[47.1793,13.7877],[47.1789,13.7988],[47.1837,13.8299],[47.1953,13.8437],[47.1969,13.8634],[47.2282,13.8928],[47.231,13.9057],[47.2241,13.9192],[47.2139,13.9268],[47.2039,13.9516],[47.1956,13.9606],[47.0453,13.9551],[46.9192,13.9513],[46.8681,13.947],[46.8011,13.9428],[46.7798,13.9396],[46.767,13.9311],[46.7542,13.9098],[46.7276,13.8747],[46.7127,13.8619],[46.6904,13.8523],[46.6435,13.8438],[46.5137,13.8459],[46.4541,13.8534],[46.4444,13.856],[46.4206,13.8545],[46.3987,13.849],[46.3824,13.8417],[46.355,13.8305],[46.3156,13.8234],[46.2931,13.8212],[46.293,13.7962],[46.2801,13.731],[46.299,13.7278],[46.324,13.7144],[46.3406,13.695],[46.3582,13.6674],[46.3635,13.6551],[46.3688,13.6265],[46.3705,13.5742],[46.3613,13.5351],[46.3586,13.5096],[46.3658,13.4714],[46.3762,13.4449],[46.3917,13.4174],[46.4191,13.4176],[46.4442,13.4061],[46.4581,13.4117],[46.481,13.4155],[46.5062,13.4159],[46.5288,13.4203],[46.5667,13.4305],[46.5955,13.4363],[46.6189,13.4384],[46.6488,13.4357],[46.6818,13.4264],[46.7011,13.4289],[46.73,13.4435],[46.8147,13.4759],[46.8501,13.4951],[46.8881,13.5227],[46.9121,13.5354],[46.9264,13.5403],[46.9914,13.5556],[47.0058,13.5573],[47.0459,13.5674],[47.0819,13.5713],[47.115,13.5844],[47.1459,13.5909],[47.1671,13.5971],[47.1909,13.6003]]]},"properties":{"id":"YE1209","gov":"YE12","ar":"احور","en":"Ahwar"}},{"type":"Feature","geometry":{"type":"Polygon","coordinates":[[[45.4952,14.8568],[45.4536,14.8568],[45.425,14.8536],[45.4132,14.8495],[45.3742,14.842],[45.3631,14.8365],[45.3315,14.8105],[45.3161,14.8046],[45.3243,14.77],[45.2802,14.7487],[45.261,14.7471],[45.2561,14.7382],[45.2709,14.7219],[45.2791,14.7065],[45.2958,14.6879],[45.3009,14.6778],[45.2806,14.6735],[45.2642,14.6579],[45.2546,14.632],[45.2672,14.6166],[45.2795,14.5945],[45.2802,14.5861],[45.2916,14.5888],[45.3183,14.5765],[45.3539,14.577],[45.3733,14.5815],[45.3836,14.5965],[45.3991,14.6293],[45.4041,14.6347],[45.4168,14.6325],[45.4323,14.6079],[45.444,14.5996],[45.4612,14.5956],[45.4809,14.5971],[45.4944,14.6115],[45.4951,14.6235],[45.4857,14.6327],[45.4599,14.6454],[45.4487,14.6616],[45.4499,14.6735],[45.4715,14.6936],[45.4874,14.6835],[45.4824,14.6729],[45.4924,14.6576],[45.5082,14.6564],[45.5235,14.6663],[45.5288,14.6806],[45.529,14.7008],[45.5251,14.7141],[45.5152,14.7192],[45.4875,14.7252],[45.48,14.7318],[45.4793,14.7492],[45.4836,14.8029],[45.4849,14.8407],[45.4952,14.8568]]]},"properties":{"id":"YE2611","gov":"YE26","ar":"العبديه","en":"Al Abdiyah"}},{"type":"Feature","geometry":{"type":"Polygon","coordinates":[[[46.8108,16.1619],[46.6181,15.9652],[46.4721,15.7973],[46.3676,15.678],[46.3072,15.6062],[46.3888,15.6118],[46.53,15.6311],[46.5842,15.6385],[46.7992,15.6587],[46.921,15.6702],[47.3589,15.693],[47.4434,15.702],[47.6083,15.7233],[47.8375,15.7233],[47.8462,15.7226],[47.8917,15.7262],[47.936,15.7344],[47.9572,15.7406],[48.0164,15.7614],[48.044,15.7723],[48.1017,15.786],[48.1257,15.7895],[48.1761,15.7936],[48.1723,15.8093],[48.1636,15.8276],[48.1175,15.8788],[48.0821,15.9048],[48.0409,15.9305],[47.9873,15.9611],[47.9566,15.976],[47.9358,15.9834],[47.8947,15.9938],[47.8653,15.9974],[47.8132,15.9986],[47.7927,16.0037],[47.7599,16.0199],[47.7371,16.0368],[47.7031,16.0676],[47.6856,16.0896],[47.6615,16.1343],[47.6332,16.2004],[47.6286,16.2285],[47.5953,16.2266],[47.5444,16.2281],[47.4194,16.2395],[47.3665,16.2387],[47.2905,16.2326],[47.2598,16.2253],[47.2241,16.2128],[47.165,16.1861],[47.1456,16.1745],[47.1302,16.1618],[47.1171,16.1352],[47.1067,16.1025],[47.0992,16.0894],[47.0721,16.0538],[47.0491,16.034],[47.029,16.0278],[47.015,16.029],[47.0028,16.0367],[46.9877,16.055],[46.9693,16.0817],[46.9545,16.0981],[46.9245,16.1244],[46.8761,16.1598],[46.841,16.1954],[46.8108,16.1619]]]},"properties":{"id":"YE1906","gov":"YE19","ar":"العبر","en":"Al Abr"}},{"type":"Feature","geometry":{"type":"Polygon","coordinates":[[[44.7669,14.4473],[44.7609,14.4448],[44.7251,14.4571],[44.712,14.4293],[44.6919,14.3796],[44.6808,14.3627],[44.704,14.34],[44.7143,14.3231],[44.7328,14.3221],[44.7496,14.3162],[44.754,14.3078],[44.8018,14.2968],[44.8177,14.3052],[44.8265,14.3022],[44.844,14.2869],[44.8558,14.267],[44.874,14.2606],[44.8821,14.2614],[44.8779,14.2712],[44.8561,14.3032],[44.8479,14.3247],[44.8446,14.3492],[44.8334,14.3904],[44.8227,14.403],[44.8291,14.4114],[44.8185,14.4179],[44.8093,14.4179],[44.8013,14.4312],[44.7845,14.4434],[44.7754,14.4414],[44.7669,14.4473]]]},"properties":{"id":"YE1416","gov":"YE14","ar":"العرش","en":"Al Arsh"}},{"type":"Feature","geometry":{"type":"Polygon","coordinates":[[[43.9053,16.3611],[43.9118,16.4028],[43.9112,16.4127],[43.8955,16.4427],[43.8879,16.4633],[43.8775,16.4773],[43.8678,16.4848],[43.8123,16.4911],[43.8004,16.5009],[43.7937,16.5288],[43.7709,16.5629],[43.7558,16.5789],[43.7446,16.5672],[43.7296,16.567],[43.7076,16.5504],[43.707,16.5405],[43.6831,16.5401],[43.6721,16.5207],[43.655,16.5052],[43.6284,16.4779],[43.6411,16.4677],[43.659,16.4621],[43.6923,16.4415],[43.7255,16.4287],[43.7389,16.4214],[43.7476,16.4117],[43.7714,16.3719],[43.7794,16.3327],[43.7788,16.3171],[43.7821,16.3014],[43.7938,16.2826],[43.8124,16.2649],[43.8416,16.2427],[43.8194,16.2313],[43.8159,16.2223],[43.7996,16.2158],[43.7998,16.2037],[43.8069,16.1953],[43.8009,16.182],[43.7937,16.1787],[43.7956,16.1582],[43.8009,16.1479],[43.7902,16.129],[43.7701,16.1021],[43.7777,16.0913],[43.7877,16.096],[43.7977,16.1101],[43.7955,16.1225],[43.8057,16.1252],[43.8141,16.0998],[43.8271,16.109],[43.8379,16.1229],[43.8421,16.1303],[43.8561,16.1381],[43.873,16.1554],[43.8778,16.1661],[43.8784,16.1825],[43.8898,16.2005],[43.881,16.2153],[43.8716,16.2238],[43.8629,16.2414],[43.8841,16.2787],[43.9053,16.3611]]]},"properties":{"id":"YE2903","gov":"YE29","ar":"العشه","en":"Al Ashah"}},{"type":"Feature","geometry":{"type":"Polygon","coordinates":[[[44.6111,13.734],[44.5857,13.7381],[44.5633,13.7467],[44.5605,13.7362],[44.5484,13.7138],[44.5207,13.6682],[44.5195,13.6551],[44.5242,13.6385],[44.5182,13.6176],[44.5118,13.5879],[44.5453,13.5837],[44.5572,13.5667],[44.5843,13.5513],[44.6038,13.5449],[44.628,13.5454],[44.6549,13.559],[44.663,13.5665],[44.6879,13.5693],[44.6962,13.5739],[44.7128,13.5746],[44.7312,13.5755],[44.7453,13.5844],[44.7529,13.5987],[44.7459,13.6272],[44.7392,13.6453],[44.7397,13.656],[44.7254,13.6808],[44.7182,13.6798],[44.6645,13.6847],[44.6313,13.694],[44.6265,13.7012],[44.6043,13.7115],[44.6111,13.734]]]},"properties":{"id":"YE3008","gov":"YE30","ar":"الازارق","en":"Al Azariq"}},{"type":"Feature","geometry":{"type":"Polygon","coordinates":[[[45.5902,14.2275],[45.5721,14.2313],[45.5337,14.2314],[45.5066,14.233],[45.4824,14.2042],[45.4685,14.1919],[45.4885,14.1745],[45.5009,14.1609],[45.508,14.1309],[45.5186,14.1138],[45.5274,14.0906],[45.5221,14.0782],[45.5008,14.049],[45.4939,14.0338],[45.493,13.9767],[45.486,13.9663],[45.4814,13.949],[45.4678,13.9276],[45.4697,13.9011],[45.5017,13.9],[45.518,13.9051],[45.56,13.8965],[45.5934,13.9132],[45.6166,13.9497],[45.6321,13.968],[45.6393,13.9819],[45.6512,13.9924],[45.6316,14.0323],[45.6273,14.0751],[45.6367,14.1089],[45.6253,14.1166],[45.6278,14.1353],[45.6214,14.146],[45.598,14.1708],[45.5949,14.1791],[45.5935,14.2103],[45.5902,14.2275]],[[45.5686,13.9711],[45.5603,13.9864],[45.5625,13.9991],[45.5755,13.9991],[45.593,13.9725],[45.5708,13.9643],[45.5686,13.9711]]]},"properties":{"id":"YE1410","gov":"YE14","ar":"البيضاء","en":"Al Bayda"}},{"type":"Feature","geometry":{"type":"Polygon","coordinates":[[[45.5686,13.9711],[45.5708,13.9643],[45.593,13.9725],[45.5755,13.9991],[45.5625,13.9991],[45.5603,13.9864],[45.5686,13.9711]]]},"properties":{"id":"YE1409","gov":"YE14","ar":"مدينة البيضاء","en":"Al Bayda City"}},{"type":"Feature","geometry":{"type":"Polygon","coordinates":[[[44.4056,12.6813],[44.4185,12.6697],[44.4513,12.7142],[44.4841,12.7539],[44.5091,12.7786],[44.5431,12.8016],[44.5579,12.8082],[44.5817,12.815],[44.6024,12.8173],[44.6253,12.8162],[44.6542,12.8109],[44.6729,12.8054],[44.6926,12.796],[44.7083,12.784],[44.7208,12.7707],[44.7292,12.7755],[44.7382,12.7661],[44.7205,12.7479],[44.7239,12.7393],[44.735,12.7473],[44.7447,12.7594],[44.7757,12.7723],[44.8015,12.772],[44.8206,12.7639],[44.8279,12.7566],[44.8221,12.739],[44.8263,12.7346],[44.8488,12.7277],[44.8726,12.7296],[44.8765,12.7364],[44.8938,12.7506],[44.9011,12.7459],[44.913,12.7515],[44.9109,12.7669],[44.8834,12.7663],[44.8683,12.7762],[44.8413,12.7728],[44.8376,12.7781],[44.8514,12.7985],[44.869,12.7993],[44.8684,12.7891],[44.8865,12.7714],[44.8944,12.7789],[44.8949,12.7875],[44.9044,12.8066],[44.9176,12.8198],[44.9361,12.8254],[44.9611,12.8274],[44.926,12.8803],[44.8967,12.923],[44.8838,12.9169],[44.8279,12.8833],[44.6731,12.8685],[44.4837,12.8504],[44.4475,12.7888],[44.4373,12.7629],[44.4056,12.6813]]]},"properties":{"id":"YE2404","gov":"YE24","ar":"البريقه","en":"Al Burayqah"}},{"type":"Feature","geometry":{"type":"Polygon","coordinates":[[[52.5787,16.8696],[52.5539,16.8707],[52.4459,16.8717],[52.4363,16.869],[52.3915,16.8754],[52.3362,16.8809],[52.3217,16.885],[52.2839,16.8912],[52.2417,16.8925],[52.2206,16.8954],[52.2011,16.8879],[52.1255,16.8329],[52.1064,16.8206],[52.057,16.7815],[52.0336,16.7651],[52.0148,16.7479],[51.9968,16.7258],[51.9531,16.6776],[51.9324,16.6445],[51.9024,16.6068],[51.8821,16.5541],[51.8733,16.5121],[51.8725,16.495],[51.8643,16.4454],[51.8576,16.4268],[51.8354,16.3968],[51.8083,16.3734],[51.7802,16.3445],[51.7651,16.3261],[51.7538,16.2999],[51.728,16.2577],[51.7085,16.2356],[51.6965,16.2297],[51.6567,16.2289],[51.6276,16.223],[51.6044,16.2092],[51.5876,16.1885],[51.5782,16.1702],[51.5669,16.129],[51.5668,16.0875],[51.5753,16.0557],[51.602,16.0176],[51.6155,15.9945],[51.6216,15.9578],[51.6433,15.9568],[51.6822,15.9515],[51.7043,15.9503],[51.7465,15.943],[51.8014,15.939],[51.8382,15.9313],[51.906,15.9275],[51.932,15.9235],[51.9559,15.91],[51.9712,15.8967],[51.9911,15.8689],[52.0227,15.8421],[52.0416,15.8229],[52.1052,15.7839],[52.1154,15.7747],[52.1322,15.7509],[52.1512,15.7139],[52.1581,15.6931],[52.1692,15.6695],[52.1956,15.6473],[52.2217,15.6324],[52.2244,15.6382],[52.2173,15.6494],[52.2165,15.66],[52.2032,15.7033],[52.1962,15.719],[52.1942,15.7477],[52.1877,15.7626],[52.1972,15.7836],[52.1994,15.799],[52.1934,15.8131],[52.195,15.8286],[52.1888,15.8386],[52.1728,15.8445],[52.1596,15.8567],[52.163,15.9049],[52.1672,15.9216],[52.15,15.9417],[52.1466,15.9674],[52.1538,15.9942],[52.1614,16.0064],[52.1825,16.0574],[52.1946,16.0749],[52.2038,16.1018],[52.2033,16.1246],[52.2093,16.1429],[52.2185,16.1572],[52.2384,16.2016],[52.2693,16.2416],[52.28,16.2584],[52.3027,16.2809],[52.3494,16.3352],[52.3774,16.3624],[52.4293,16.4039],[52.4716,16.429],[52.5228,16.4511],[52.6043,16.4812],[52.6785,16.5051],[52.7065,16.5152],[52.7425,16.5318],[52.7264,16.5416],[52.7077,16.5368],[52.6902,16.545],[52.6804,16.5598],[52.6664,16.5667],[52.6566,16.5813],[52.6237,16.6229],[52.6135,16.6316],[52.5771,16.6556],[52.5679,16.6696],[52.5516,16.6846],[52.544,16.6986],[52.5449,16.7087],[52.5551,16.7182],[52.5757,16.7304],[52.5838,16.7411],[52.5824,16.7479],[52.5644,16.7731],[52.5597,16.7854],[52.5569,16.8066],[52.5496,16.8322],[52.5537,16.8476],[52.5787,16.8696]]]},"properties":{"id":"YE2804","gov":"YE28","ar":"الغيظه","en":"Al Ghaydhah"}},{"type":"Feature","geometry":{"type":"Polygon","coordinates":[[[44.5928,16.0285],[44.7154,16.0287],[44.7755,16.1099],[44.6757,16.1525],[44.5928,16.0285]]]},"properties":{"id":"YE1608","gov":"YE16","ar":"الغيل","en":"Al Ghayl"}},{"type":"Feature","geometry":{"type":"Polygon","coordinates":[[[45.3813,13.9113],[45.3763,13.9294],[45.3832,13.9716],[45.3806,14.0075],[45.3713,14.027],[45.3728,14.0479],[45.3689,14.0538],[45.3546,14.0579],[45.3342,14.0533],[45.317,14.0411],[45.2855,14.0226],[45.2604,13.995],[45.2336,13.9832],[45.2138,13.9811],[45.1925,13.9732],[45.1634,13.9817],[45.1516,13.9802],[45.1321,13.9735],[45.1285,13.9317],[45.1218,13.9075],[45.1157,13.8967],[45.1026,13.8752],[45.0962,13.8503],[45.1036,13.8435],[45.1269,13.8517],[45.1589,13.881],[45.1723,13.8869],[45.205,13.9062],[45.2284,13.9239],[45.2382,13.9273],[45.2693,13.9272],[45.2976,13.923],[45.3241,13.9248],[45.3308,13.9203],[45.3446,13.9144],[45.3813,13.9113]]]},"properties":{"id":"YE2501","gov":"YE25","ar":"الحد","en":"Al Had"}},{"type":"Feature","geometry":{"type":"Polygon","coordinates":[[[44.8288,14.7605],[44.7951,14.813],[44.7645,14.8362],[44.7505,14.8577],[44.7143,14.8622],[44.7058,14.9301],[44.7023,15.0021],[44.697,15.0121],[44.6809,15.0181],[44.6484,15.0142],[44.6323,15.0123],[44.5437,14.9813],[44.5355,14.9709],[44.5115,14.9546],[44.4603,14.9394],[44.439,14.9352],[44.3915,14.9579],[44.3781,14.9698],[44.3667,14.9843],[44.3539,14.9856],[44.3445,14.9713],[44.355,14.9506],[44.3506,14.9278],[44.2993,14.9277],[44.2907,14.8943],[44.2998,14.8803],[44.3148,14.8818],[44.3217,14.8868],[44.3292,14.8759],[44.3322,14.8401],[44.3368,14.82],[44.3488,14.7992],[44.3574,14.768],[44.3616,14.7461],[44.3458,14.736],[44.3714,14.7248],[44.3875,14.7128],[44.3931,14.7004],[44.4028,14.702],[44.4166,14.6876],[44.4099,14.6706],[44.4117,14.6592],[44.4234,14.6487],[44.4439,14.6193],[44.4549,14.6142],[44.4783,14.61],[44.4958,14.5968],[44.507,14.6136],[44.5243,14.6152],[44.5965,14.6386],[44.6044,14.6616],[44.6137,14.6669],[44.6362,14.664],[44.6412,14.6597],[44.6936,14.6493],[44.7086,14.6441],[44.7175,14.6757],[44.776,14.7197],[44.8288,14.7605]]]},"properties":{"id":"YE2001","gov":"YE20","ar":"الحداء","en":"Al Hada"}},{"type":"Feature","geometry":{"type":"Polygon","coordinates":[[[42.9735,14.8526],[42.9439,14.8498],[42.9362,14.8348],[42.9429,14.8284],[42.9425,14.8179],[42.959,14.8073],[42.9517,14.7971],[42.9591,14.7934],[42.979,14.776],[42.9908,14.7294],[42.9952,14.7224],[43.0366,14.7428],[43.0504,14.7601],[43.0593,14.7907],[43.028,14.7841],[43.0019,14.7974],[42.9805,14.8185],[42.9735,14.8526]]]},"properties":{"id":"YE1823","gov":"YE18","ar":"الحالي","en":"Al Hali"}},{"type":"Feature","geometry":{"type":"Polygon","coordinates":[[[44.8004,13.8439],[44.7551,13.8694],[44.7399,13.8509],[44.7284,13.8444],[44.7119,13.8413],[44.7132,13.8259],[44.7187,13.8124],[44.7365,13.7944],[44.7496,13.7876],[44.7674,13.7555],[44.7901,13.7494],[44.7945,13.7375],[44.8071,13.7299],[44.8249,13.737],[44.838,13.7343],[44.8596,13.7151],[44.8723,13.7116],[44.8838,13.718],[44.8891,13.7307],[44.9193,13.7438],[44.9357,13.741],[44.9421,13.7443],[44.9239,13.7664],[44.9139,13.7748],[44.8481,13.7992],[44.8283,13.815],[44.8004,13.8439]]]},"properties":{"id":"YE3005","gov":"YE30","ar":"الحصين","en":"Al Hasayn"}},{"type":"Feature","geometry":{"type":"Polygon","coordinates":[[[44.1091,16.7625],[44.1476,16.7808],[44.1672,16.7937],[44.1845,16.7937],[44.2431,16.8051],[44.2505,16.8086],[44.2866,16.8636],[44.2915,16.8814],[44.3041,16.8676],[44.3173,16.8704],[44.3138,16.8877],[44.3297,16.8919],[44.3289,16.912],[44.3378,16.9197],[44.3474,16.9169],[44.3574,16.931],[44.374,16.9468],[44.3775,16.9632],[44.3923,16.9854],[44.4043,17.0091],[44.4242,17.022],[44.3594,17.0694],[44.3358,17.0621],[44.3159,17.0414],[44.311,17.0288],[44.3105,16.975],[44.3039,16.9642],[44.2917,16.9597],[44.2733,16.9613],[44.2663,16.9544],[44.2428,16.9497],[44.1992,16.9467],[44.1907,16.9407],[44.1844,16.9119],[44.1515,16.8879],[44.1592,16.8739],[44.1247,16.8492],[44.1159,16.8366],[44.1093,16.7804],[44.1091,16.7625]]]},"properties":{"id":"YE2213","gov":"YE22","ar":"الحشوه","en":"Al Hashwah"}},{"type":"Feature","geometry":{"type":"Polygon","coordinates":[[[42.9952,14.7224],[42.9908,14.7294],[42.979,14.776],[42.9591,14.7934],[42.9517,14.7971],[42.9465,14.785],[42.9539,14.7606],[42.949,14.7357],[42.9566,14.7063],[42.9628,14.7058],[42.9952,14.7224]]]},"properties":{"id":"YE1821","gov":"YE18","ar":"الحوك","en":"Al Hawak"}},{"type":"Feature","geometry":{"type":"Polygon","coordinates":[[[44.8885,13.0481],[44.8924,13.0679],[44.8851,13.0759],[44.8648,13.0747],[44.8651,13.0536],[44.8735,13.0459],[44.8885,13.0481]]]},"properties":{"id":"YE2514","gov":"YE25","ar":"الحوطه","en":"Al Hawtah"}},{"type":"Feature","geometry":{"type":"Polygon","coordinates":[[[43.9618,15.2126],[43.9696,15.2242],[43.9712,15.2392],[43.9499,15.2581],[43.9538,15.2985],[43.9633,15.342],[43.9608,15.3523],[43.9493,15.3743],[43.9395,15.3782],[43.9168,15.3631],[43.9029,15.3606],[43.8851,15.3635],[43.8756,15.3716],[43.8644,15.3934],[43.8491,15.3825],[43.8407,15.3739],[43.8268,15.3759],[43.8054,15.3729],[43.7822,15.3453],[43.7712,15.3319],[43.7595,15.3244],[43.7481,15.3258],[43.7461,15.3136],[43.7369,15.3078],[43.7347,15.2956],[43.7173,15.2784],[43.7125,15.2698],[43.7115,15.2624],[43.7217,15.2516],[43.7228,15.2371],[43.7467,15.2175],[43.7488,15.2044],[43.7752,15.1813],[43.7952,15.186],[43.8076,15.1986],[43.8221,15.195],[43.8319,15.1992],[43.8496,15.1935],[43.8537,15.1854],[43.8345,15.1691],[43.8486,15.158],[43.8649,15.1597],[43.8974,15.1733],[43.9231,15.1934],[43.9403,15.213],[43.9618,15.2126]]]},"properties":{"id":"YE2308","gov":"YE23","ar":"الحيمة الداخليه","en":"Al Haymah Ad Dakhiliyah"}},{"type":"Feature","geometry":{"type":"Polygon","coordinates":[[[43.9618,15.2126],[43.9403,15.213],[43.9231,15.1934],[43.8974,15.1733],[43.8649,15.1597],[43.8486,15.158],[43.8345,15.1691],[43.8537,15.1854],[43.8496,15.1935],[43.8319,15.1992],[43.8221,15.195],[43.8076,15.1986],[43.7952,15.186],[43.7922,15.1689],[43.801,15.1487],[43.7999,15.1216],[43.7911,15.0979],[43.7946,15.0794],[43.8126,15.0694],[43.8186,15.0744],[43.8293,15.07],[43.822,15.0093],[43.8144,15.0063],[43.791,15.0069],[43.7795,15.0017],[43.7599,14.9806],[43.7447,14.9734],[43.7417,14.9572],[43.7449,14.9335],[43.7345,14.8862],[43.7255,14.8709],[43.7156,14.8606],[43.7204,14.8532],[43.7335,14.857],[43.7489,14.8555],[43.7796,14.8751],[43.7884,14.8742],[43.8019,14.8638],[43.8495,14.8543],[43.8684,14.8482],[43.8884,14.8571],[43.8975,14.8577],[43.9091,14.8835],[43.9147,14.89],[43.9154,14.9022],[43.9301,14.9083],[43.9468,14.9093],[43.9666,14.9283],[43.9733,14.9315],[43.9701,14.941],[43.9486,14.9532],[43.9466,14.9598],[43.9514,14.9797],[43.9542,15.0034],[43.9483,15.0232],[43.952,15.0649],[43.9708,15.0874],[43.982,15.1076],[43.978,15.1189],[43.9642,15.1334],[43.9623,15.1425],[43.9741,15.1596],[43.9675,15.1667],[43.9704,15.1804],[43.9775,15.1923],[43.9747,15.2068],[43.9618,15.2126]]]},"properties":{"id":"YE2309","gov":"YE23","ar":"الحيمة الخارجيه","en":"Al Haymah Al Kharijiyah"}},{"type":"Feature","geometry":{"type":"Polygon","coordinates":[[[45.2513,15.7539],[45.2413,15.9887],[45.2058,16.0934],[45.1254,16.1629],[45.0445,16.1922],[45.0438,16.2294],[45.0234,16.2856],[44.987,16.2892],[44.9648,16.2868],[44.942,16.2928],[44.9292,16.2995],[44.8785,16.3457],[44.8409,16.3657],[44.7946,16.3788],[44.7638,16.3827],[44.7331,16.3821],[44.704,16.3997],[44.691,16.3911],[44.6855,16.3748],[44.69,16.3569],[44.6737,16.3066],[44.6652,16.2658],[44.6615,16.2326],[44.6477,16.1882],[44.6982,16.1861],[44.6757,16.1525],[44.7755,16.1099],[44.8408,16.0962],[44.8539,16.072],[44.8636,16.0624],[44.8767,16.0604],[44.8744,16.0444],[44.8531,16.0437],[44.8467,16.0229],[44.9046,15.9842],[45.0598,15.8812],[45.2513,15.7539]]]},"properties":{"id":"YE1605","gov":"YE16","ar":"الحزم","en":"Al Hazm"}},{"type":"Feature","geometry":{"type":"Polygon","coordinates":[[[44.6273,15.0592],[44.6111,15.0569],[44.5313,15.0899],[44.5068,15.0947],[44.4867,15.0759],[44.469,15.073],[44.4483,15.104],[44.4316,15.1041],[44.4175,15.0976],[44.3685,15.0703],[44.3613,15.0188],[44.3667,14.9843],[44.3781,14.9698],[44.3915,14.9579],[44.439,14.9352],[44.4603,14.9394],[44.5115,14.9546],[44.5355,14.9709],[44.5437,14.9813],[44.6323,15.0123],[44.6484,15.0142],[44.6273,15.0592]]]},"properties":{"id":"YE2315","gov":"YE23","ar":"الحصن","en":"Al Hissn"}},{"type":"Feature","geometry":{"type":"Polygon","coordinates":[[[43.6431,15.0078],[43.6307,15.0083],[43.6197,14.9925],[43.593,14.9916],[43.5738,15.002],[43.568,15.0083],[43.5434,15.0219],[43.5301,15.0229],[43.5137,15.0361],[43.5122,15.0484],[43.4959,15.0483],[43.5022,15.0294],[43.4977,14.9999],[43.5345,14.9841],[43.5416,14.9687],[43.5566,14.9529],[43.57,14.9466],[43.5846,14.9464],[43.6185,14.9316],[43.6437,14.9261],[43.6508,14.9359],[43.6487,14.9434],[43.6577,14.9663],[43.6662,14.9723],[43.6601,14.9825],[43.6435,14.9975],[43.6431,15.0078]]]},"properties":{"id":"YE1811","gov":"YE18","ar":"الحجيله","en":"Al Hujjaylah"}},{"type":"Feature","geometry":{"type":"Polygon","coordinates":[[[44.629,16.4375],[44.598,16.4561],[44.5738,16.4577],[44.5418,16.4642],[44.5301,16.4696],[44.5182,16.4803],[44.5023,16.5223],[44.4961,16.5276],[44.418,16.5717],[44.3891,16.5597],[44.3743,16.5467],[44.3646,16.5279],[44.3665,16.5136],[44.3606,16.5054],[44.3448,16.5022],[44.3235,16.5027],[44.3075,16.4889],[44.2619,16.4886],[44.2618,16.4369],[44.2587,16.3988],[44.2701,16.3871],[44.2905,16.3769],[44.294,16.3714],[44.3104,16.3712],[44.3487,16.3766],[44.3733,16.3722],[44.4156,16.3621],[44.4503,16.3724],[44.4633,16.3894],[44.4773,16.3977],[44.5152,16.3919],[44.5421,16.3819],[44.6008,16.3883],[44.629,16.4375]]]},"properties":{"id":"YE1602","gov":"YE16","ar":"الحميدات","en":"Al Humaydat"}},{"type":"Feature","geometry":{"type":"Polygon","coordinates":[[[44.4493,13.8867],[44.4343,13.8863],[44.4297,13.8843],[44.4147,13.8637],[44.4067,13.8597],[44.4041,13.8471],[44.4093,13.8376],[44.4035,13.8256],[44.3838,13.8328],[44.3737,13.8304],[44.3665,13.8089],[44.3667,13.8009],[44.3797,13.786],[44.3704,13.769],[44.3905,13.7628],[44.4075,13.7199],[44.3989,13.7149],[44.3954,13.7049],[44.3963,13.6893],[44.3786,13.6708],[44.3734,13.6588],[44.3797,13.6416],[44.4038,13.6277],[44.4306,13.6209],[44.4324,13.6354],[44.4496,13.6421],[44.4847,13.6282],[44.5182,13.6176],[44.5242,13.6385],[44.5195,13.6551],[44.5207,13.6682],[44.5484,13.7138],[44.5605,13.7362],[44.5633,13.7467],[44.5623,13.7754],[44.5638,13.7952],[44.5684,13.8105],[44.5707,13.8306],[44.5673,13.8463],[44.5568,13.8579],[44.5309,13.8631],[44.519,13.8761],[44.4971,13.8831],[44.4917,13.8808],[44.4855,13.8587],[44.4742,13.8515],[44.4568,13.8723],[44.4493,13.8867]]]},"properties":{"id":"YE3009","gov":"YE30","ar":"الحشاء","en":"Al Husha"}},{"type":"Feature","geometry":{"type":"Polygon","coordinates":[[[43.6134,14.6448],[43.5963,14.6548],[43.5901,14.6678],[43.5797,14.6695],[43.5746,14.6597],[43.5876,14.6505],[43.5803,14.6404],[43.5708,14.6395],[43.5573,14.6512],[43.5474,14.6474],[43.5514,14.6263],[43.5179,14.6283],[43.5093,14.5936],[43.5076,14.5781],[43.5109,14.5528],[43.5227,14.5204],[43.5301,14.4943],[43.548,14.4436],[43.5492,14.4212],[43.5339,14.3985],[43.5214,14.3884],[43.5164,14.3766],[43.5319,14.3745],[43.5452,14.3667],[43.5704,14.3737],[43.5724,14.3814],[43.587,14.4003],[43.6046,14.4013],[43.6143,14.4105],[43.6328,14.4206],[43.6424,14.4332],[43.6464,14.4414],[43.648,14.462],[43.653,14.4661],[43.6423,14.4903],[43.6211,14.5052],[43.6088,14.5257],[43.6123,14.546],[43.6094,14.5543],[43.5969,14.5499],[43.594,14.5653],[43.6039,14.5744],[43.6048,14.5823],[43.5967,14.5987],[43.5886,14.606],[43.5867,14.6194],[43.6134,14.6448]]]},"properties":{"id":"YE3106","gov":"YE31","ar":"الجعفريه","en":"Al Ja'fariyyah"}},{"type":"Feature","geometry":{"type":"Polygon","coordinates":[[[43.7073,14.7862],[43.6865,14.7605],[43.6758,14.7587],[43.6404,14.786],[43.6306,14.7871],[43.6127,14.7621],[43.6016,14.7555],[43.5848,14.7554],[43.5624,14.7509],[43.557,14.7462],[43.5525,14.7309],[43.5137,14.7292],[43.5085,14.7157],[43.4867,14.706],[43.4761,14.6971],[43.4777,14.6721],[43.4849,14.653],[43.48,14.6199],[43.4932,14.5986],[43.5093,14.5936],[43.5179,14.6283],[43.5514,14.6263],[43.5474,14.6474],[43.5573,14.6512],[43.5708,14.6395],[43.5803,14.6404],[43.5876,14.6505],[43.5746,14.6597],[43.5797,14.6695],[43.5901,14.6678],[43.5963,14.6548],[43.6134,14.6448],[43.6319,14.6452],[43.6365,14.6514],[43.6668,14.6492],[43.6598,14.6704],[43.6773,14.6738],[43.7097,14.6761],[43.7436,14.6611],[43.754,14.6513],[43.7698,14.6514],[43.7667,14.6664],[43.7548,14.6926],[43.7418,14.6978],[43.7405,14.7204],[43.7325,14.7541],[43.7073,14.7862]]]},"properties":{"id":"YE3103","gov":"YE31","ar":"الجبين","en":"Al Jabin"}},{"type":"Feature","geometry":{"type":"Polygon","coordinates":[[[43.5728,16.0982],[43.5559,16.0988],[43.5273,16.1033],[43.5133,16.0982],[43.5006,16.0834],[43.4795,16.0823],[43.4399,16.0967],[43.4362,16.081],[43.4433,16.0686],[43.4586,16.0745],[43.4807,16.077],[43.4943,16.0673],[43.4978,16.0548],[43.4891,16.0442],[43.4987,16.0349],[43.5139,16.0043],[43.5193,16.0007],[43.5452,15.9967],[43.5482,15.9816],[43.5414,15.9724],[43.567,15.97],[43.5732,15.9581],[43.5804,15.9605],[43.5906,15.9789],[43.6111,15.9868],[43.628,16.0032],[43.6217,16.0223],[43.6047,16.0385],[43.601,16.0503],[43.5782,16.0917],[43.5728,16.0982]]]},"properties":{"id":"YE1708","gov":"YE17","ar":"الجميمه","en":"Al Jamimah"}},{"type":"Feature","geometry":{"type":"Polygon","coordinates":[[[43.538,14.133],[43.519,14.1611],[43.5048,14.1691],[43.499,14.1825],[43.5001,14.202],[43.5114,14.2083],[43.5228,14.206],[43.5315,14.2167],[43.5261,14.243],[43.5181,14.2535],[43.5245,14.2788],[43.513,14.2882],[43.5073,14.3024],[43.4999,14.3047],[43.483,14.2746],[43.4721,14.2485],[43.4759,14.216],[43.4504,14.2004],[43.4428,14.1925],[43.451,14.184],[43.4558,14.1644],[43.4165,14.1623],[43.4037,14.1668],[43.3855,14.1685],[43.3707,14.1744],[43.3474,14.1706],[43.3406,14.1623],[43.3007,14.174],[43.2905,14.1678],[43.2899,14.1422],[43.2804,14.1353],[43.2759,14.125],[43.2864,13.9033],[43.3065,13.9043],[43.3402,13.9114],[43.3555,13.9232],[43.3661,13.92],[43.3865,13.9462],[43.3984,13.9747],[43.4121,13.9726],[43.4261,13.9786],[43.4185,13.9863],[43.4186,13.9996],[43.4358,13.9998],[43.4506,13.9937],[43.4566,13.98],[43.4662,13.9764],[43.4848,13.9795],[43.4837,13.9955],[43.4911,14.0022],[43.4965,14.0215],[43.4959,14.0324],[43.4905,14.0701],[43.4787,14.0945],[43.4836,14.1135],[43.492,14.1167],[43.5122,14.1513],[43.5216,14.1392],[43.538,14.133]]]},"properties":{"id":"YE1825","gov":"YE18","ar":"الجراحي","en":"Al Jarrahi"}},{"type":"Feature","geometry":{"type":"Polygon","coordinates":[[[45.4809,15.1151],[45.4869,15.134],[45.4823,15.1412],[45.4736,15.1934],[45.456,15.233],[45.4436,15.2491],[45.4085,15.2858],[45.3976,15.2951],[45.3666,15.3162],[45.3014,15.3468],[45.2827,15.3312],[45.2513,15.3204],[45.24,15.3118],[45.2219,15.3051],[45.1888,15.2991],[45.1447,15.2944],[45.125,15.2814],[45.1059,15.2829],[45.1051,15.2664],[45.0801,15.1222],[45.0694,15.1089],[45.1057,15.1061],[45.2163,15.1061],[45.2213,15.0926],[45.2226,15.0757],[45.2401,15.056],[45.2471,15.0062],[45.2509,14.9901],[45.272,14.9317],[45.3159,14.9578],[45.3699,14.996],[45.4219,15.0536],[45.43,15.0594],[45.4494,15.0651],[45.4738,15.0929],[45.4809,15.1151]]]},"properties":{"id":"YE2607","gov":"YE26","ar":"الجوبه","en":"Al Jubah"}},{"type":"Feature","geometry":{"type":"Polygon","coordinates":[[[43.4841,15.547],[43.4715,15.5503],[43.4602,15.5589],[43.4456,15.5467],[43.437,15.5468],[43.4153,15.5477],[43.3784,15.5414],[43.3634,15.5364],[43.3235,15.5353],[43.2896,15.5281],[43.245,15.5095],[43.2469,15.4942],[43.2458,15.4724],[43.2508,15.4519],[43.2436,15.4379],[43.2698,15.4341],[43.3028,15.4419],[43.315,15.448],[43.3373,15.4542],[43.355,15.4291],[43.3562,15.4187],[43.3813,15.4121],[43.384,15.4452],[43.3729,15.4574],[43.3761,15.4701],[43.384,15.4746],[43.4038,15.4757],[43.4114,15.4552],[43.425,15.4318],[43.4326,15.4286],[43.4511,15.436],[43.4619,15.4505],[43.4651,15.4733],[43.4807,15.4848],[43.4784,15.4982],[43.4918,15.501],[43.4878,15.5138],[43.4897,15.5291],[43.4848,15.533],[43.4841,15.547]]]},"properties":{"id":"YE2704","gov":"YE27","ar":"الخبت","en":"Al Khabt"}},{"type":"Feature","geometry":{"type":"Polygon","coordinates":[[[44.8467,16.0229],[44.8531,16.0437],[44.8744,16.0444],[44.8767,16.0604],[44.8636,16.0624],[44.8539,16.072],[44.8408,16.0962],[44.7755,16.1099],[44.7154,16.0287],[44.8381,16.0288],[44.8467,16.0229]]]},"properties":{"id":"YE1609","gov":"YE16","ar":"الخلق","en":"Al Khalaq"}},{"type":"Feature","geometry":{"type":"MultiPolygon","coordinates":[[[[43.469,13.8246],[43.4466,13.8393],[43.438,13.8519],[43.438,13.8856],[43.4511,13.8989],[43.4498,13.9047],[43.428,13.919],[43.4105,13.9177],[43.3865,13.9462],[43.3661,13.92],[43.3555,13.9232],[43.3402,13.9114],[43.3065,13.9043],[43.2864,13.9033],[43.2411,13.9009],[43.2178,13.8973],[43.2304,13.8865],[43.2359,13.8746],[43.228,13.8522],[43.2356,13.8377],[43.2324,13.8217],[43.2444,13.8002],[43.2475,13.7845],[43.275,13.7216],[43.2819,13.7031],[43.2877,13.6791],[43.3385,13.6974],[43.4058,13.717],[43.423,13.7402],[43.4173,13.7678],[43.4299,13.7868],[43.4468,13.7961],[43.4815,13.7938],[43.4832,13.8033],[43.4735,13.8106],[43.469,13.8246]]],[[[42.7633,14.0706],[42.7454,14.0668],[42.7314,14.0593],[42.7148,14.043],[42.7035,14.0244],[42.693,14.0208],[42.6759,14.0047],[42.6866,14.0024],[42.6872,13.9914],[42.7124,13.9785],[42.7136,13.9633],[42.726,13.9633],[42.7287,13.9531],[42.753,13.9531],[42.7616,13.946],[42.7492,13.9333],[42.7462,13.9143],[42.7556,13.9125],[42.7609,13.9244],[42.773,13.9218],[42.7671,13.9101],[42.7825,13.9082],[42.7791,13.925],[42.7837,13.9493],[42.7796,13.9538],[42.7793,13.9724],[42.7902,13.9911],[42.7867,13.997],[42.7925,14.0294],[42.7856,14.0451],[42.7712,14.0559],[42.7633,14.0706]]],[[[42.7809,13.7819],[42.7664,13.7668],[42.7555,13.7675],[42.7379,13.7589],[42.7339,13.7479],[42.7178,13.7447],[42.709,13.7353],[42.702,13.7143],[42.7044,13.7002],[42.6847,13.689],[42.6756,13.6741],[42.6653,13.665],[42.6756,13.6501],[42.6882,13.6565],[42.7069,13.6706],[42.71,13.6772],[42.7367,13.681],[42.75,13.7047],[42.7561,13.7092],[42.7568,13.7216],[42.7666,13.7275],[42.7771,13.75],[42.7765,13.7605],[42.786,13.7708],[42.7809,13.7819]]],[[[42.8079,13.8793],[42.7942,13.8779],[42.7801,13.8647],[42.7726,13.8523],[42.7762,13.8402],[42.7944,13.8471],[42.8096,13.8737],[42.8079,13.8793]]]]},"properties":{"id":"YE1820","gov":"YE18","ar":"الخوخه","en":"Al Khukhah"}},{"type":"Feature","geometry":{"type":"Polygon","coordinates":[[[44.0564,13.412],[44.0188,13.4088],[44.0175,13.4355],[44.0014,13.4654],[43.9886,13.4662],[43.9761,13.4775],[43.9671,13.4639],[43.9655,13.4434],[43.9521,13.4343],[43.9443,13.4156],[43.9163,13.394],[43.8996,13.3849],[43.8954,13.366],[43.8846,13.3577],[43.8564,13.3633],[43.8452,13.3592],[43.8303,13.3594],[43.8224,13.354],[43.8091,13.3457],[43.7968,13.3311],[43.7855,13.3279],[43.7571,13.3341],[43.7617,13.3163],[43.7819,13.2906],[43.7818,13.2875],[43.7823,13.2876],[43.8227,13.2949],[43.8459,13.2924],[43.8603,13.2851],[43.8964,13.2797],[43.917,13.2745],[43.9447,13.2751],[43.9626,13.2913],[43.9828,13.2842],[43.9823,13.3079],[43.9926,13.31],[44.0041,13.3201],[44.0332,13.34],[44.0529,13.3483],[44.0742,13.3422],[44.0801,13.3503],[44.0786,13.3619],[44.0909,13.3609],[44.0967,13.3663],[44.079,13.3819],[44.0581,13.4055],[44.0564,13.412]]]},"properties":{"id":"YE1521","gov":"YE15","ar":"المعافر","en":"Al Ma'afer"}},{"type":"Feature","geometry":{"type":"Polygon","coordinates":[[[43.6715,16.2712],[43.6555,16.2735],[43.636,16.2952],[43.6196,16.3079],[43.6021,16.3014],[43.5984,16.2767],[43.6044,16.247],[43.5961,16.2218],[43.5999,16.2005],[43.6057,16.1852],[43.6204,16.1759],[43.6254,16.1673],[43.6389,16.1558],[43.6423,16.1656],[43.6523,16.1683],[43.661,16.1784],[43.67,16.2029],[43.677,16.2128],[43.6742,16.2316],[43.6774,16.2462],[43.6773,16.2638],[43.6715,16.2712]]]},"properties":{"id":"YE2906","gov":"YE29","ar":"المدان","en":"Al Madan"}},{"type":"Feature","geometry":{"type":"Polygon","coordinates":[[[43.9735,13.0519],[43.9459,13.0658],[43.9357,13.088],[43.9255,13.0877],[43.9094,13.0971],[43.8939,13.1011],[43.8848,13.0978],[43.865,13.1194],[43.8393,13.1206],[43.8229,13.1118],[43.8101,13.1128],[43.7898,13.0931],[43.7658,13.0803],[43.7545,13.0689],[43.7362,13.0756],[43.7161,13.0748],[43.6989,13.061],[43.7017,13.037],[43.7199,13.0279],[43.7288,13.0142],[43.7306,12.9863],[43.7112,12.9708],[43.7098,12.9501],[43.6486,12.9359],[43.6442,12.9321],[43.5138,12.706],[43.526,12.6984],[43.5175,12.6862],[43.5261,12.6826],[43.5575,12.7225],[43.5737,12.7373],[43.5975,12.7488],[43.6391,12.7348],[43.6543,12.7262],[43.6892,12.7238],[43.6966,12.7173],[43.7203,12.7126],[43.7465,12.7037],[43.753,12.6969],[43.7731,12.6894],[43.7892,12.6928],[43.8007,12.6892],[43.8177,12.6781],[43.8355,12.6704],[43.849,12.6596],[43.8713,12.6569],[43.9065,12.6449],[43.9135,12.6375],[43.915,12.6087],[43.9265,12.5997],[43.9458,12.5937],[43.9737,12.5955],[43.9868,12.6031],[44.0075,12.6012],[44.0354,12.6064],[44.0454,12.6028],[44.0741,12.6177],[44.0979,12.6237],[44.1338,12.6481],[44.1549,12.6559],[44.1827,12.6465],[44.1893,12.6392],[44.1882,12.6183],[44.2113,12.6299],[44.2239,12.6339],[44.2368,12.6325],[44.2509,12.6255],[44.2724,12.6304],[44.2837,12.6278],[44.3192,12.6458],[44.3647,12.6706],[44.4056,12.6813],[44.4373,12.7629],[44.3921,12.8071],[44.344,12.8561],[44.2768,12.9311],[44.2595,12.9641],[44.259,12.9722],[44.2677,12.9823],[44.2644,12.993],[44.2028,13.0407],[44.1962,13.0448],[44.1768,13.0365],[44.166,13.0278],[44.1533,13.0345],[44.1398,13.0311],[44.124,13.0165],[44.11,13.0158],[44.0901,13.0082],[44.0785,13.0162],[44.0606,13.0386],[44.0477,13.035],[44.04,13.0252],[44.0214,13.0356],[43.9998,13.0392],[43.9735,13.0519]]]},"properties":{"id":"YE2513","gov":"YE25","ar":"المضاربة و العاره","en":"Al Madaribah Wa Al Aarah"}},{"type":"Feature","geometry":{"type":"Polygon","coordinates":[[[45.2021,13.7946],[45.1951,13.8018],[45.1903,13.8152],[45.1712,13.831],[45.125,13.8352],[45.1094,13.8302],[45.0874,13.8304],[45.0798,13.8143],[45.0739,13.8093],[45.0742,13.7972],[45.0693,13.7897],[45.0944,13.7716],[45.0992,13.7594],[45.0605,13.7315],[45.0787,13.7322],[45.101,13.7389],[45.1194,13.7499],[45.141,13.7533],[45.1549,13.7502],[45.1658,13.7551],[45.1869,13.7556],[45.1985,13.7625],[45.2021,13.7946]]]},"properties":{"id":"YE2503","gov":"YE25","ar":"المفلحي","en":"Al Maflahi"}},{"type":"Feature","geometry":{"type":"Polygon","coordinates":[[[43.708,15.941],[43.6979,15.9681],[43.697,15.9781],[43.6757,15.9963],[43.673,16.0056],[43.664,16.0066],[43.6561,15.9985],[43.6408,15.9939],[43.6023,15.9399],[43.5822,15.9307],[43.5634,15.9251],[43.5436,15.9257],[43.5245,15.9338],[43.5063,15.9246],[43.5075,15.9167],[43.5287,15.896],[43.5334,15.8717],[43.519,15.8587],[43.5186,15.8431],[43.5115,15.8262],[43.5305,15.8291],[43.5408,15.8352],[43.5524,15.8363],[43.5744,15.8182],[43.6011,15.8024],[43.6215,15.7967],[43.6456,15.8046],[43.6577,15.825],[43.6633,15.8425],[43.6969,15.8557],[43.7067,15.8485],[43.7166,15.864],[43.7152,15.8831],[43.7042,15.9152],[43.708,15.941]]]},"properties":{"id":"YE1717","gov":"YE17","ar":"المغربه","en":"Al Maghrabah"}},{"type":"Feature","geometry":{"type":"MultiPolygon","coordinates":[[[[43.5063,15.9246],[43.4961,15.9336],[43.4896,15.9499],[43.4813,15.9546],[43.4727,15.9488],[43.4613,15.9558],[43.4554,15.9731],[43.4606,15.9832],[43.4473,15.9891],[43.4364,15.9664],[43.4346,15.9524],[43.4243,15.9487],[43.4292,15.9395],[43.4262,15.921],[43.4231,15.915],[43.4215,15.8928],[43.4359,15.8931],[43.4555,15.8975],[43.4719,15.8902],[43.4838,15.878],[43.519,15.8587],[43.5334,15.8717],[43.5287,15.896],[43.5075,15.9167],[43.5063,15.9246]]],[[[43.3911,15.9377],[43.4013,15.9624],[43.398,15.9719],[43.3816,15.9884],[43.3765,15.9788],[43.3809,15.9636],[43.3643,15.9451],[43.3911,15.9377]]]]},"properties":{"id":"YE1715","gov":"YE17","ar":"المحابشه","en":"Al Mahabishah"}},{"type":"Feature","geometry":{"type":"Polygon","coordinates":[[[47.0114,14.1523],[47.0042,14.1548],[46.9879,14.1418],[46.9741,14.1405],[46.9611,14.1522],[46.9559,14.1615],[46.937,14.1704],[46.9031,14.1706],[46.897,14.1676],[46.8759,14.1702],[46.8603,14.1665],[46.8388,14.1766],[46.7993,14.1534],[46.7858,14.1685],[46.7631,14.1747],[46.7519,14.1762],[46.6931,14.1773],[46.6701,14.1765],[46.6517,14.173],[46.6231,14.1633],[46.6118,14.1541],[46.5956,14.1245],[46.5824,14.1116],[46.5512,14.0939],[46.4862,14.0738],[46.4437,14.0675],[46.4029,14.0649],[46.3926,14.0671],[46.3907,14.0039],[46.3848,13.9834],[46.3748,13.964],[46.3737,13.9541],[46.3787,13.938],[46.3886,13.9197],[46.3941,13.8936],[46.3824,13.8417],[46.3987,13.849],[46.4206,13.8545],[46.4444,13.856],[46.4541,13.8534],[46.5137,13.8459],[46.6435,13.8438],[46.6904,13.8523],[46.7127,13.8619],[46.7276,13.8747],[46.7542,13.9098],[46.767,13.9311],[46.7798,13.9396],[46.8011,13.9428],[46.8681,13.947],[46.9192,13.9513],[47.0453,13.9551],[47.1956,13.9606],[47.1903,13.9676],[47.1912,13.9929],[47.1949,14.017],[47.1862,14.0374],[47.1668,14.0507],[47.1623,14.0589],[47.1382,14.0825],[47.0992,14.1162],[47.0934,14.1299],[47.0851,14.1354],[47.0728,14.134],[47.0515,14.1248],[47.0291,14.1338],[47.0203,14.1494],[47.0114,14.1523]]]},"properties":{"id":"YE1201","gov":"YE12","ar":"المحفد","en":"Al Mahfad"}},{"type":"Feature","geometry":{"type":"Polygon","coordinates":[[[43.5489,15.5467],[43.5072,15.5515],[43.499,15.5442],[43.4841,15.547],[43.4848,15.533],[43.4897,15.5291],[43.4878,15.5138],[43.4918,15.501],[43.4784,15.4982],[43.4807,15.4848],[43.4651,15.4733],[43.4619,15.4505],[43.4511,15.436],[43.4569,15.432],[43.4615,15.3903],[43.4659,15.3821],[43.4759,15.379],[43.4779,15.3681],[43.4892,15.3715],[43.4835,15.381],[43.4911,15.3993],[43.4906,15.4181],[43.4988,15.4206],[43.5195,15.4141],[43.5188,15.409],[43.5376,15.3892],[43.5424,15.3454],[43.5528,15.3456],[43.5624,15.3282],[43.5692,15.322],[43.6001,15.3285],[43.6158,15.3151],[43.6272,15.2968],[43.6434,15.2797],[43.6427,15.2699],[43.6608,15.2735],[43.6677,15.2708],[43.6829,15.2795],[43.6795,15.2857],[43.6823,15.3095],[43.6762,15.3278],[43.6691,15.3317],[43.6676,15.3613],[43.6519,15.3713],[43.6359,15.3778],[43.6054,15.4043],[43.5901,15.4543],[43.5824,15.457],[43.5731,15.4496],[43.5643,15.4523],[43.5638,15.4332],[43.5581,15.4321],[43.542,15.4539],[43.5268,15.4639],[43.5353,15.4694],[43.5371,15.4857],[43.5522,15.4948],[43.5598,15.5196],[43.5745,15.5333],[43.5745,15.5419],[43.5609,15.5414],[43.5489,15.5467]]]},"properties":{"id":"YE2709","gov":"YE27","ar":"المحويت","en":"Al Mahwit"}},{"type":"Feature","geometry":{"type":"Polygon","coordinates":[[[43.5643,15.4523],[43.5594,15.4861],[43.5522,15.4948],[43.5371,15.4857],[43.5353,15.4694],[43.5268,15.4639],[43.542,15.4539],[43.5581,15.4321],[43.5638,15.4332],[43.5643,15.4523]]]},"properties":{"id":"YE2708","gov":"YE27","ar":"مدينة المحويت","en":"Al Mahwit City"}},{"type":"Feature","geometry":{"type":"Polygon","coordinates":[[[43.4815,13.7938],[43.4468,13.7961],[43.4299,13.7868],[43.4173,13.7678],[43.423,13.7402],[43.4058,13.717],[43.3385,13.6974],[43.2877,13.6791],[43.2833,13.6511],[43.2832,13.6192],[43.291,13.6095],[43.2922,13.5971],[43.2786,13.5892],[43.2815,13.5759],[43.2709,13.5567],[43.2734,13.5515],[43.2646,13.5348],[43.2572,13.5074],[43.2567,13.4783],[43.2543,13.4624],[43.2581,13.4393],[43.2497,13.4205],[43.2485,13.3937],[43.2533,13.3675],[43.2487,13.3584],[43.2497,13.3401],[43.243,13.3301],[43.2381,13.3114],[43.2413,13.2887],[43.2447,13.2867],[43.2441,13.256],[43.2825,13.263],[43.323,13.2531],[43.3748,13.2597],[43.4017,13.2572],[43.4132,13.2501],[43.4567,13.247],[43.4738,13.2575],[43.4877,13.2783],[43.4888,13.2906],[43.5021,13.2999],[43.5348,13.3009],[43.6137,13.341],[43.6196,13.3579],[43.6109,13.3839],[43.5795,13.4133],[43.5544,13.4265],[43.5322,13.4231],[43.5048,13.4271],[43.4596,13.4313],[43.4609,13.4837],[43.4673,13.4951],[43.4879,13.5478],[43.5367,13.545],[43.5477,13.5538],[43.5488,13.5632],[43.5828,13.5864],[43.5894,13.6248],[43.5852,13.6652],[43.5797,13.6739],[43.5657,13.6848],[43.5087,13.713],[43.5094,13.7373],[43.5034,13.7616],[43.5032,13.7866],[43.4815,13.7938]]]},"properties":{"id":"YE1505","gov":"YE15","ar":"المخاء","en":"Al Makha"}},{"type":"Feature","geometry":{"type":"Polygon","coordinates":[[[44.2698,14.205],[44.255,14.2129],[44.2382,14.2266],[44.2234,14.2283],[44.2111,14.2405],[44.2018,14.2388],[44.1846,14.2243],[44.1596,14.2173],[44.1493,14.2076],[44.1507,14.1941],[44.137,14.1896],[44.1393,14.1734],[44.1474,14.1625],[44.1641,14.1275],[44.1621,14.1067],[44.1647,14.0905],[44.1582,14.0764],[44.1591,14.0577],[44.1655,14.0463],[44.1777,14.0494],[44.1877,14.0457],[44.2,14.0406],[44.2359,14.0432],[44.2506,14.0497],[44.2347,14.0703],[44.2401,14.0782],[44.2607,14.0847],[44.2709,14.0909],[44.2528,14.118],[44.2524,14.1492],[44.2257,14.1538],[44.245,14.1672],[44.2551,14.1774],[44.2589,14.1918],[44.2698,14.205]]]},"properties":{"id":"YE1107","gov":"YE11","ar":"المخادر","en":"Al Makhadir"}},{"type":"Feature","geometry":{"type":"Polygon","coordinates":[[[44.7128,13.5746],[44.6962,13.5739],[44.6879,13.5693],[44.663,13.5665],[44.6549,13.559],[44.6945,13.5373],[44.7043,13.519],[44.7071,13.505],[44.7202,13.4883],[44.716,13.4707],[44.7326,13.4536],[44.7367,13.4402],[44.7292,13.4282],[44.7291,13.3978],[44.7361,13.3833],[44.7424,13.3446],[44.7486,13.3217],[44.7499,13.2993],[44.8353,13.3001],[44.8789,13.2929],[44.9258,13.2783],[44.9591,13.2538],[44.9975,13.2319],[45.0238,13.2188],[45.0783,13.1955],[45.1075,13.1863],[45.1102,13.1992],[45.1284,13.2268],[45.1556,13.2564],[45.1677,13.2758],[45.1711,13.2873],[45.1708,13.3076],[45.1572,13.33],[45.1467,13.3427],[45.1442,13.3551],[45.1438,13.3897],[45.1217,13.4036],[45.1074,13.4062],[45.0632,13.41],[45.0413,13.4083],[45.0162,13.4367],[45.0022,13.4375],[44.9802,13.4338],[44.961,13.4254],[44.9401,13.4306],[44.9066,13.4791],[44.8849,13.4844],[44.8559,13.4843],[44.8335,13.4867],[44.8071,13.5001],[44.7975,13.5106],[44.7783,13.5219],[44.7507,13.5318],[44.721,13.5371],[44.712,13.5481],[44.7087,13.5614],[44.7128,13.5746]]]},"properties":{"id":"YE2508","gov":"YE25","ar":"الملاح","en":"Al Malah"}},{"type":"Feature","geometry":{"type":"Polygon","coordinates":[[[45.4889,14.352],[45.4722,14.3942],[45.4678,14.4196],[45.4924,14.4519],[45.4822,14.4744],[45.4756,14.4831],[45.4541,14.4719],[45.4222,14.4676],[45.3814,14.4284],[45.3635,14.4202],[45.3379,14.384],[45.3235,14.3785],[45.2863,14.383],[45.2815,14.3798],[45.2943,14.3643],[45.307,14.3542],[45.3035,14.3372],[45.3056,14.3182],[45.3029,14.3055],[45.3109,14.3038],[45.3062,14.2892],[45.2895,14.2765],[45.2819,14.2466],[45.2758,14.2401],[45.2594,14.1928],[45.2729,14.1729],[45.3001,14.1819],[45.324,14.2114],[45.3321,14.2423],[45.3475,14.2466],[45.3549,14.2551],[45.3634,14.2528],[45.3781,14.2597],[45.3882,14.2758],[45.4252,14.3093],[45.435,14.3228],[45.4619,14.3251],[45.477,14.3308],[45.4889,14.352]]]},"properties":{"id":"YE1420","gov":"YE14","ar":"الملاجم","en":"Al Malajim"}},{"type":"Feature","geometry":{"type":"Polygon","coordinates":[[[44.2616,14.655],[44.2452,14.6644],[44.2304,14.6846],[44.2268,14.7026],[44.2163,14.7048],[44.2063,14.6992],[44.1711,14.6942],[44.1417,14.7132],[44.1202,14.7158],[44.1224,14.7377],[44.1159,14.7499],[44.1009,14.744],[44.0905,14.7092],[44.0809,14.7003],[44.0548,14.689],[44.0503,14.6658],[44.0577,14.6519],[44.0561,14.6401],[44.0304,14.6446],[44.022,14.6362],[44.0083,14.6311],[43.9975,14.6129],[43.9862,14.5995],[43.9708,14.5961],[43.976,14.585],[44.0011,14.5829],[44.0085,14.5746],[44.0308,14.5638],[44.0523,14.5574],[44.0559,14.5609],[44.0795,14.5624],[44.0837,14.5561],[44.0949,14.5621],[44.1088,14.5594],[44.1301,14.5607],[44.1359,14.5565],[44.1523,14.5617],[44.1557,14.5785],[44.1757,14.5963],[44.1882,14.6134],[44.1985,14.5962],[44.2049,14.5929],[44.2134,14.5743],[44.2483,14.5747],[44.2639,14.5894],[44.2608,14.605],[44.2521,14.6239],[44.2616,14.655]]]},"properties":{"id":"YE2012","gov":"YE20","ar":"المنار","en":"Al Manar"}},{"type":"Feature","geometry":{"type":"Polygon","coordinates":[[[44.9794,12.8788],[44.926,12.8803],[44.9611,12.8274],[44.9784,12.8278],[44.9884,12.8245],[44.9903,12.8495],[45.0007,12.8438],[45.0009,12.8441],[45.0193,12.8446],[45.0218,12.8477],[45.0089,12.865],[44.9902,12.8652],[44.9794,12.8788]]]},"properties":{"id":"YE2403","gov":"YE24","ar":"المنصوره","en":"Al Mansurah"}},{"type":"Feature","geometry":{"type":"Polygon","coordinates":[[[43.4761,14.6971],[43.4726,14.7147],[43.4632,14.7203],[43.4472,14.7413],[43.4355,14.7447],[43.4214,14.7395],[43.4128,14.7211],[43.393,14.7176],[43.3742,14.7082],[43.367,14.7162],[43.3513,14.7237],[43.3154,14.7302],[43.2939,14.7305],[43.2779,14.7219],[43.2645,14.7201],[43.2598,14.7115],[43.2789,14.6723],[43.2836,14.6483],[43.3014,14.6487],[43.3211,14.6398],[43.3483,14.6468],[43.3703,14.647],[43.3827,14.6553],[43.4043,14.639],[43.4194,14.6365],[43.4244,14.6258],[43.4421,14.6369],[43.4549,14.6503],[43.4849,14.653],[43.4777,14.6721],[43.4761,14.6971]]]},"properties":{"id":"YE1816","gov":"YE18","ar":"المنصوريه","en":"Al Mansuriyah"}},{"type":"Feature","geometry":{"type":"Polygon","coordinates":[[[44.1838,13.2421],[44.1711,13.2511],[44.1649,13.2422],[44.1656,13.2232],[44.172,13.2045],[44.138,13.2029],[44.1292,13.195],[44.139,13.1784],[44.1504,13.1659],[44.1551,13.1515],[44.1025,13.1533],[44.0945,13.1612],[44.0846,13.1522],[44.0818,13.1306],[44.0854,13.1044],[44.078,13.0906],[44.0506,13.0901],[44.0252,13.107],[44.0095,13.1263],[43.9997,13.1325],[43.9891,13.1038],[44.0096,13.0878],[44.0014,13.0714],[43.9735,13.0519],[43.9998,13.0392],[44.0214,13.0356],[44.04,13.0252],[44.0477,13.035],[44.0606,13.0386],[44.0785,13.0162],[44.0901,13.0082],[44.11,13.0158],[44.124,13.0165],[44.1398,13.0311],[44.1533,13.0345],[44.166,13.0278],[44.1768,13.0365],[44.1962,13.0448],[44.2028,13.0407],[44.2081,13.0431],[44.2125,13.0642],[44.2258,13.0697],[44.2201,13.0815],[44.2235,13.1022],[44.244,13.1063],[44.2552,13.1141],[44.2596,13.1279],[44.2692,13.1381],[44.2756,13.1509],[44.2918,13.1658],[44.2936,13.1725],[44.2853,13.1838],[44.2853,13.1978],[44.2915,13.2094],[44.2785,13.2039],[44.2711,13.2148],[44.2307,13.2163],[44.2151,13.2146],[44.1838,13.2201],[44.1802,13.227],[44.1838,13.2421]]]},"properties":{"id":"YE2512","gov":"YE25","ar":"المقاطره","en":"Al Maqatirah"}},{"type":"Feature","geometry":{"type":"Polygon","coordinates":[[[43.4013,14.966],[43.384,14.9721],[43.3608,14.969],[43.3557,14.973],[43.3393,14.9728],[43.3366,14.9795],[43.313,14.9806],[43.2776,14.9848],[43.2452,14.9786],[43.2357,14.9737],[43.1964,14.9621],[43.1843,14.9622],[43.1718,14.9694],[43.1602,14.9672],[43.1498,14.9572],[43.1258,14.9469],[43.0892,14.9361],[43.0699,14.925],[43.0227,14.8863],[42.9897,14.8685],[42.9735,14.8526],[42.9805,14.8185],[43.0019,14.7974],[43.028,14.7841],[43.0593,14.7907],[43.0735,14.7989],[43.0976,14.8038],[43.1134,14.7768],[43.1249,14.77],[43.1299,14.7589],[43.1236,14.7377],[43.1205,14.7117],[43.1295,14.6994],[43.1481,14.713],[43.1661,14.7164],[43.1667,14.7256],[43.1771,14.7507],[43.1977,14.7641],[43.2392,14.7688],[43.2539,14.7789],[43.2618,14.7991],[43.2702,14.8037],[43.2851,14.8198],[43.3078,14.8152],[43.323,14.8206],[43.3367,14.8378],[43.3668,14.8512],[43.4012,14.8504],[43.4017,14.8598],[43.3953,14.8735],[43.4025,14.8768],[43.4032,14.888],[43.3851,14.8976],[43.3787,14.9166],[43.3924,14.9278],[43.393,14.9395],[43.4052,14.9569],[43.4013,14.966]]]},"properties":{"id":"YE1813","gov":"YE18","ar":"المراوعه","en":"Al Marawi'ah"}},{"type":"Feature","geometry":{"type":"Polygon","coordinates":[[[44.2303,13.9188],[44.2303,13.9346],[44.2049,13.9422],[44.1936,13.964],[44.1993,13.9739],[44.1918,13.9883],[44.183,13.9786],[44.1767,13.9491],[44.1669,13.9544],[44.1409,13.9589],[44.1413,13.9453],[44.1416,13.9389],[44.1569,13.9303],[44.1694,13.9271],[44.179,13.9296],[44.1868,13.9414],[44.2155,13.9272],[44.2303,13.9188]]]},"properties":{"id":"YE1118","gov":"YE11","ar":"المشنه","en":"Al Mashannah"}},{"type":"Feature","geometry":{"type":"Polygon","coordinates":[[[50.8696,15.8161],[50.8442,15.8168],[50.8205,15.8225],[50.7958,15.826],[50.72,15.8432],[50.6525,15.8633],[50.6409,15.8705],[50.6169,15.8919],[50.5791,15.9043],[50.5509,15.9109],[50.5245,15.9193],[50.4923,15.9374],[50.4759,15.9637],[50.4532,15.9761],[50.4295,15.9805],[50.4082,15.9812],[50.3914,15.9852],[50.3467,15.9911],[50.3193,15.9971],[50.306,16.0037],[50.2655,16.0164],[50.2263,16.0256],[50.2203,16.0038],[50.2048,15.9828],[50.2045,15.9621],[50.1841,15.9381],[50.1602,15.9265],[50.1508,15.9106],[50.163,15.895],[50.157,15.886],[50.1668,15.8702],[50.1491,15.8606],[50.1418,15.8409],[50.1382,15.8141],[50.1416,15.8047],[50.1562,15.7844],[50.1557,15.7633],[50.1499,15.75],[50.14,15.7485],[50.128,15.7273],[50.1337,15.7132],[50.1297,15.699],[50.131,15.688],[50.1169,15.6676],[50.1172,15.6531],[50.126,15.6406],[50.131,15.627],[50.1418,15.6151],[50.1711,15.6075],[50.2073,15.6117],[50.2347,15.5956],[50.27,15.5891],[50.2634,15.5819],[50.2725,15.5693],[50.2682,15.5536],[50.2707,15.5439],[50.2667,15.5182],[50.2565,15.5073],[50.2421,15.5093],[50.2305,15.4716],[50.2205,15.4601],[50.1878,15.4337],[50.185,15.4288],[50.1888,15.4203],[50.1848,15.39],[50.1987,15.3684],[50.2158,15.3607],[50.2529,15.3369],[50.2724,15.3324],[50.3029,15.3345],[50.334,15.3342],[50.3745,15.3417],[50.3946,15.3406],[50.4262,15.3457],[50.4377,15.356],[50.4479,15.359],[50.4627,15.357],[50.5182,15.3683],[50.5428,15.3625],[50.5588,15.3434],[50.5732,15.3444],[50.5795,15.3324],[50.5937,15.3381],[50.6066,15.3301],[50.63,15.3402],[50.6439,15.3342],[50.6532,15.3381],[50.6669,15.3123],[50.6813,15.2916],[50.6808,15.2818],[50.6929,15.2725],[50.6969,15.2631],[50.6958,15.2479],[50.7,15.2244],[50.7131,15.2154],[50.7169,15.2062],[50.7321,15.1919],[50.7261,15.1727],[50.7276,15.1628],[50.7452,15.1443],[50.765,15.1147],[50.7684,15.1048],[50.7573,15.0873],[50.7562,15.079],[50.8082,15.0917],[50.8129,15.0897],[50.8955,15.1148],[50.9174,15.1172],[50.9527,15.1291],[51.0526,15.1522],[51.0615,15.1559],[51.1203,15.1652],[51.1618,15.1768],[51.1482,15.2604],[51.1438,15.2815],[51.1273,15.3345],[51.1009,15.3964],[51.0677,15.4477],[51.0184,15.5106],[51,15.5766],[50.9705,15.6788],[50.9444,15.7231],[50.8925,15.792],[50.8696,15.8161]]]},"properties":{"id":"YE2806","gov":"YE28","ar":"المسيله","en":"Al Masilah"}},{"type":"Feature","geometry":{"type":"Polygon","coordinates":[[[44.6757,16.1525],[44.6982,16.1861],[44.6477,16.1882],[44.5951,16.1903],[44.5022,16.189],[44.4981,16.1883],[44.4948,16.178],[44.4689,16.1724],[44.44,16.1689],[44.4353,16.14],[44.4714,16.1002],[44.4906,16.0576],[44.4844,16.0202],[44.575,16.0019],[44.5928,16.0285],[44.6757,16.1525]]]},"properties":{"id":"YE1607","gov":"YE16","ar":"المصلوب","en":"Al Maslub"}},{"type":"Feature","geometry":{"type":"Polygon","coordinates":[[[44.4503,16.3724],[44.4156,16.3621],[44.3733,16.3722],[44.3487,16.3766],[44.3104,16.3712],[44.294,16.3714],[44.2941,16.3497],[44.2861,16.3245],[44.2742,16.3063],[44.2868,16.295],[44.3019,16.2914],[44.3031,16.2773],[44.2975,16.266],[44.295,16.2507],[44.2638,16.2105],[44.2839,16.2024],[44.2912,16.1857],[44.288,16.1739],[44.2872,16.1478],[44.2759,16.1336],[44.2813,16.1233],[44.2946,16.1143],[44.3194,16.0786],[44.3246,16.0642],[44.3302,16.0591],[44.3572,16.0468],[44.3829,16.03],[44.4267,16.0318],[44.4844,16.0202],[44.4906,16.0576],[44.4714,16.1002],[44.4353,16.14],[44.44,16.1689],[44.4689,16.1724],[44.4948,16.178],[44.4981,16.1883],[44.5104,16.2397],[44.5187,16.2639],[44.5115,16.2743],[44.5067,16.295],[44.4828,16.2903],[44.4608,16.3156],[44.4606,16.3329],[44.4541,16.3386],[44.4588,16.3501],[44.4503,16.3724]]]},"properties":{"id":"YE1603","gov":"YE16","ar":"المطمه","en":"Al Matammah"}},{"type":"Feature","geometry":{"type":"Polygon","coordinates":[[[44.0967,13.3663],[44.0909,13.3609],[44.0786,13.3619],[44.0801,13.3503],[44.0742,13.3422],[44.0529,13.3483],[44.0332,13.34],[44.0041,13.3201],[43.9926,13.31],[43.9823,13.3079],[43.9828,13.2842],[44.0355,13.2569],[44.0851,13.2432],[44.0992,13.2468],[44.1172,13.2576],[44.1311,13.2504],[44.1458,13.2534],[44.1552,13.2597],[44.1711,13.2511],[44.1838,13.2421],[44.1861,13.2587],[44.2019,13.2676],[44.2184,13.2734],[44.2188,13.2882],[44.2174,13.294],[44.2,13.3058],[44.1704,13.3196],[44.162,13.3185],[44.1508,13.3273],[44.1537,13.3479],[44.1105,13.3537],[44.0967,13.3663]]]},"properties":{"id":"YE1522","gov":"YE15","ar":"المواسط","en":"Al Mawasit"}},{"type":"Feature","geometry":{"type":"Polygon","coordinates":[[[43.5414,15.9724],[43.5091,15.982],[43.4938,15.994],[43.4768,15.9905],[43.4563,15.9997],[43.4473,15.9891],[43.4606,15.9832],[43.4554,15.9731],[43.4613,15.9558],[43.4727,15.9488],[43.4813,15.9546],[43.4896,15.9499],[43.4961,15.9336],[43.5063,15.9246],[43.5245,15.9338],[43.5436,15.9257],[43.5634,15.9251],[43.5822,15.9307],[43.5839,15.9467],[43.5732,15.9581],[43.567,15.97],[43.5414,15.9724]]]},"properties":{"id":"YE1716","gov":"YE17","ar":"المفتاح","en":"Al Miftah"}},{"type":"Feature","geometry":{"type":"Polygon","coordinates":[[[43.2476,15.3544],[43.2284,15.3624],[43.191,15.3662],[43.1454,15.3674],[43.1262,15.364],[43.0957,15.3664],[43.0956,15.3519],[43.1088,15.336],[43.1073,15.3257],[43.1187,15.3048],[43.1215,15.2898],[43.1468,15.2718],[43.145,15.2603],[43.1511,15.2551],[43.1769,15.255],[43.2394,15.2627],[43.2566,15.2797],[43.2733,15.2926],[43.2546,15.3168],[43.2499,15.3302],[43.2476,15.3544]]]},"properties":{"id":"YE1808","gov":"YE18","ar":"المغلاف","en":"Al Mighlaf"}},{"type":"Feature","geometry":{"type":"Polygon","coordinates":[[[42.9362,14.8348],[42.9389,14.8254],[42.9351,14.8139],[42.9252,14.8149],[42.93,14.8317],[42.9128,14.8534],[42.8933,14.8483],[42.8918,14.8603],[42.8846,14.8727],[42.8832,14.8951],[42.8888,14.9008],[42.8812,14.9237],[42.8733,14.9211],[42.8692,14.9113],[42.8688,14.8919],[42.8746,14.8816],[42.8812,14.8593],[42.8859,14.8523],[42.9167,14.8264],[42.92,14.8125],[42.9404,14.7958],[42.9465,14.785],[42.9517,14.7971],[42.959,14.8073],[42.9425,14.8179],[42.9429,14.8284],[42.9362,14.8348]]]},"properties":{"id":"YE1822","gov":"YE18","ar":"الميناء","en":"Al Mina"}},{"type":"Feature","geometry":{"type":"MultiPolygon","coordinates":[[[[44.0175,13.5174],[43.9915,13.5153],[43.9791,13.5225],[43.9755,13.5146],[43.9822,13.4995],[43.9785,13.4863],[43.9761,13.4775],[43.9886,13.4662],[44.0014,13.4654],[44.0175,13.4355],[44.0188,13.4088],[44.0564,13.412],[44.0826,13.4124],[44.0884,13.4229],[44.0984,13.4263],[44.1026,13.4392],[44.07,13.4518],[44.0573,13.4602],[44.0448,13.4589],[44.0408,13.4714],[44.0513,13.4811],[44.0394,13.4974],[44.022,13.4844],[44.0187,13.4922],[44.0269,13.5057],[44.0401,13.5158],[44.0175,13.5174]]],[[[44.1153,13.533],[44.0971,13.5272],[44.0833,13.5315],[44.0728,13.5247],[44.0669,13.5121],[44.0953,13.4956],[44.1159,13.4947],[44.1108,13.5073],[44.1153,13.533]]]]},"properties":{"id":"YE1511","gov":"YE15","ar":"المسراخ","en":"Al Misrakh"}},{"type":"Feature","geometry":{"type":"Polygon","coordinates":[[[45.0087,12.7791],[45.0261,12.7878],[45.0271,12.7935],[45.0255,12.8038],[45.0207,12.7934],[45.0047,12.799],[44.9979,12.7957],[44.9993,12.7863],[45.0087,12.7791]]]},"properties":{"id":"YE2406","gov":"YE24","ar":"المعلا","en":"Al Mu'alla"}},{"type":"Feature","geometry":{"type":"Polygon","coordinates":[[[44.0048,13.5938],[43.976,13.5929],[43.966,13.601],[43.9568,13.5898],[43.9513,13.5776],[43.9574,13.5735],[43.9901,13.5676],[44.0044,13.5611],[44.0195,13.5615],[44.0068,13.5778],[44.0048,13.5938]]]},"properties":{"id":"YE1517","gov":"YE15","ar":"المظفر","en":"Al Mudhaffar"}},{"type":"Feature","geometry":{"type":"Polygon","coordinates":[[[49.3179,14.6611],[49.297,14.6974],[49.2773,14.7168],[49.2259,14.7407],[49.1811,14.7502],[49.1396,14.761],[49.116,14.7628],[49.0706,14.7565],[49.0475,14.7594],[49.0163,14.7784],[48.973,14.7975],[48.9167,14.8166],[48.8673,14.8254],[48.8355,14.8271],[48.8045,14.8352],[48.7841,14.8443],[48.7561,14.8608],[48.7379,14.8749],[48.7181,14.8996],[48.7082,14.9284],[48.7009,14.9375],[48.6849,14.9423],[48.6614,14.9423],[48.6466,14.9603],[48.592,14.9792],[48.5801,14.9818],[48.5718,14.9487],[48.5659,14.9121],[48.5688,14.8743],[48.5763,14.8407],[48.5755,14.8271],[48.5467,14.7844],[48.5306,14.7534],[48.5173,14.7341],[48.5432,14.7192],[48.5697,14.6949],[48.5838,14.6797],[48.6066,14.6598],[48.6311,14.6434],[48.6368,14.636],[48.6646,14.6452],[48.6887,14.6496],[48.7307,14.6503],[48.7448,14.6485],[48.7648,14.622],[48.7894,14.5818],[48.7985,14.563],[48.8128,14.5448],[48.8377,14.536],[48.8445,14.5292],[48.8614,14.5208],[48.8958,14.5247],[48.9152,14.5111],[48.9548,14.4793],[48.9828,14.4598],[48.9928,14.4809],[48.9985,14.5086],[49.0099,14.5359],[49.0203,14.5473],[49.0469,14.5594],[49.0877,14.5842],[49.1015,14.5902],[49.1242,14.5953],[49.1532,14.5955],[49.169,14.5977],[49.1805,14.6046],[49.2177,14.6363],[49.2472,14.6514],[49.286,14.6576],[49.3179,14.6611]]]},"properties":{"id":"YE1926","gov":"YE19","ar":"المكلا","en":"Al Mukalla"}},{"type":"Feature","geometry":{"type":"Polygon","coordinates":[[[49.0001,14.4019],[49.0144,14.4249],[49.0153,14.4327],[49.0289,14.453],[49.0633,14.4949],[49.0915,14.5201],[49.1059,14.5287],[49.1247,14.5312],[49.1485,14.5256],[49.1589,14.5108],[49.1664,14.5202],[49.1683,14.5331],[49.177,14.5473],[49.2184,14.5689],[49.2505,14.5897],[49.2971,14.6158],[49.3409,14.6385],[49.386,14.6554],[49.3769,14.6637],[49.3472,14.6634],[49.3179,14.6611],[49.286,14.6576],[49.2472,14.6514],[49.2177,14.6363],[49.1805,14.6046],[49.169,14.5977],[49.1532,14.5955],[49.1242,14.5953],[49.1015,14.5902],[49.0877,14.5842],[49.0469,14.5594],[49.0203,14.5473],[49.0099,14.5359],[48.9985,14.5086],[48.9928,14.4809],[48.9828,14.4598],[48.983,14.4335],[49.0001,14.4019]]]},"properties":{"id":"YE1927","gov":"YE19","ar":"مدينة المكلا","en":"Al Mukalla City"}},{"type":"Feature","geometry":{"type":"MultiPolygon","coordinates":[[[[42.9933,15.3578],[42.9806,15.374],[42.9841,15.3899],[42.991,15.3999],[43.0072,15.4379],[43.0166,15.4387],[43.0173,15.4812],[43.0284,15.5129],[43.0308,15.5296],[43.0324,15.5472],[43.0243,15.5538],[42.9966,15.5404],[42.9401,15.5049],[42.8974,15.4808],[42.8448,15.4427],[42.8226,15.4281],[42.7781,15.4218],[42.7819,15.4177],[42.7886,15.3675],[42.7981,15.3564],[42.8053,15.3553],[42.8106,15.3449],[42.7951,15.3349],[42.7939,15.3134],[42.8048,15.2906],[42.8142,15.2813],[42.8098,15.269],[42.7944,15.2534],[42.7757,15.2275],[42.789,15.2082],[42.7823,15.2044],[42.7816,15.1882],[42.8231,15.1685],[42.8458,15.1532],[42.8683,15.1642],[42.877,15.1832],[42.8961,15.1975],[42.9176,15.2009],[42.9264,15.2113],[42.8961,15.2156],[42.8889,15.2228],[42.8876,15.2393],[42.8987,15.2575],[42.9229,15.2777],[42.9242,15.2814],[42.9356,15.3124],[42.9482,15.3263],[42.9547,15.3351],[42.9614,15.3538],[42.9688,15.3562],[42.9842,15.3505],[42.9933,15.3578]]],[[[43.0219,15.3683],[43.0266,15.384],[43.0281,15.4077],[43.0377,15.4098],[43.042,15.4299],[43.0299,15.4277],[43.0223,15.4172],[43.0167,15.3998],[43.0064,15.3826],[43.0035,15.3645],[43.0219,15.3683]]]]},"properties":{"id":"YE1805","gov":"YE18","ar":"المنيره","en":"Al Munirah"}},{"type":"Feature","geometry":{"type":"Polygon","coordinates":[[[44.6549,13.559],[44.628,13.5454],[44.6038,13.5449],[44.5843,13.5513],[44.5572,13.5667],[44.5453,13.5837],[44.5118,13.5879],[44.5092,13.5692],[44.5051,13.5619],[44.4907,13.5503],[44.4775,13.5506],[44.4703,13.5435],[44.4659,13.5295],[44.4512,13.526],[44.4273,13.5265],[44.4233,13.5222],[44.4256,13.5047],[44.4194,13.4977],[44.4348,13.4847],[44.448,13.4779],[44.4775,13.477],[44.5035,13.4631],[44.5647,13.4267],[44.6104,13.3985],[44.6387,13.373],[44.6422,13.3449],[44.6513,13.317],[44.6636,13.2995],[44.681,13.2871],[44.7244,13.272],[44.7315,13.2897],[44.7499,13.2993],[44.7486,13.3217],[44.7424,13.3446],[44.7361,13.3833],[44.7291,13.3978],[44.7292,13.4282],[44.7367,13.4402],[44.7326,13.4536],[44.716,13.4707],[44.7202,13.4883],[44.7071,13.505],[44.7043,13.519],[44.6945,13.5373],[44.6549,13.559]]]},"properties":{"id":"YE2509","gov":"YE25","ar":"المسيمير","en":"Al Musaymir"}},{"type":"Feature","geometry":{"type":"Polygon","coordinates":[[[44.6477,16.1882],[44.6615,16.2326],[44.6652,16.2658],[44.6737,16.3066],[44.69,16.3569],[44.6855,16.3748],[44.691,16.3911],[44.704,16.3997],[44.6936,16.4129],[44.6643,16.4282],[44.629,16.4375],[44.6008,16.3883],[44.5472,16.2974],[44.5353,16.2824],[44.5318,16.272],[44.5187,16.2639],[44.5104,16.2397],[44.4981,16.1883],[44.5022,16.189],[44.5951,16.1903],[44.6477,16.1882]]]},"properties":{"id":"YE1606","gov":"YE16","ar":"المتون","en":"Al Mutun"}},{"type":"Feature","geometry":{"type":"Polygon","coordinates":[[[44.0069,14.0288],[44.0073,14.0171],[43.9899,13.9993],[43.9829,13.9867],[43.9615,14.0084],[43.9516,14.0112],[43.935,13.9938],[43.9149,13.9993],[43.9071,14.01],[43.8976,14.0121],[43.9162,14.0409],[43.9049,14.0595],[43.9122,14.0771],[43.9237,14.0903],[43.935,14.1163],[43.931,14.1345],[43.9251,14.138],[43.9113,14.1273],[43.9084,14.1092],[43.9032,14.0972],[43.8699,14.08],[43.8542,14.0644],[43.8416,14.0585],[43.8207,14.0554],[43.8081,14.0587],[43.7895,14.0451],[43.7926,14.0316],[43.8295,14.0089],[43.8511,13.9978],[43.8902,13.99],[43.9028,13.9917],[43.9134,13.9849],[43.9079,13.9684],[43.8991,13.9735],[43.8885,13.9724],[43.8659,13.9639],[43.8697,13.9596],[43.8662,13.9455],[43.8488,13.9254],[43.8574,13.9063],[43.8666,13.9003],[43.8641,13.8908],[43.8694,13.8798],[43.8626,13.8726],[43.8656,13.8622],[43.8896,13.8525],[43.9055,13.8571],[43.9071,13.8664],[43.9255,13.8696],[43.9297,13.8778],[43.9273,13.898],[43.9705,13.9112],[43.9773,13.8997],[43.9874,13.907],[44.0039,13.9075],[44.0034,13.9223],[44.0194,13.9166],[44.027,13.917],[44.0294,13.9255],[44.0384,13.9289],[44.0532,13.9275],[44.0677,13.9197],[44.0782,13.9198],[44.0943,13.9266],[44.085,13.9364],[44.0859,13.946],[44.0739,13.959],[44.0612,13.9629],[44.0567,13.971],[44.0625,13.9925],[44.0515,13.9984],[44.0543,14.012],[44.0439,14.0082],[44.0276,14.0207],[44.0252,14.0313],[44.0176,14.0351],[44.0069,14.0288]]]},"properties":{"id":"YE1111","gov":"YE11","ar":"العدين","en":"Al Odayn"}},{"type":"Feature","geometry":{"type":"Polygon","coordinates":[[[48.4853,18.313],[48.4995,18.1402],[48.5427,17.6312],[48.5671,17.3337],[48.5748,17.2208],[48.5716,17.1774],[48.5606,17.1443],[48.5487,17.1236],[48.5202,17.0577],[48.5066,17.0226],[48.4716,16.9549],[48.4463,16.9161],[48.4259,16.8891],[48.3739,16.8139],[48.3452,16.7799],[48.317,16.753],[48.2914,16.7254],[48.25,16.6888],[48.192,16.6543],[48.1551,16.6338],[48.2031,16.5721],[48.2412,16.5313],[48.2767,16.4898],[48.3153,16.4394],[48.3466,16.3968],[48.363,16.3667],[48.3702,16.3473],[48.37,16.3236],[48.3524,16.2827],[48.3376,16.2416],[48.3301,16.2103],[48.3763,16.2132],[48.4375,16.2157],[48.474,16.2126],[48.519,16.202],[48.5517,16.1865],[48.5741,16.1807],[48.6132,16.1795],[48.6495,16.1876],[48.699,16.2054],[48.7375,16.2164],[48.7588,16.225],[48.793,16.2457],[48.8179,16.2636],[48.8364,16.2785],[48.8532,16.2966],[48.8713,16.3197],[48.899,16.3607],[48.916,16.3887],[48.9273,16.4027],[48.9604,16.426],[48.9858,16.4381],[49.0131,16.4442],[49.0856,16.4523],[49.1372,16.4614],[49.1975,16.479],[49.2576,16.4939],[49.2851,16.5027],[49.3149,16.5148],[49.3741,16.5338],[49.3742,16.5946],[49.3759,16.6377],[49.3868,16.6967],[49.3986,16.732],[49.4076,16.7665],[49.4254,16.8049],[49.453,16.8422],[49.4803,16.8847],[49.4934,16.9026],[49.5144,16.923],[49.5516,16.9623],[49.5661,16.9886],[49.5735,17.0181],[49.5865,17.0979],[49.5893,17.1212],[49.5939,17.1867],[49.5944,17.2356],[49.5928,17.2668],[49.5941,17.2973],[49.5999,17.3348],[49.6097,17.3544],[49.6443,17.3967],[49.6761,17.4246],[49.6906,17.4392],[49.6978,17.4524],[49.7081,17.4957],[49.7203,17.5845],[49.7297,17.8641],[49.7333,18.0456],[49.7489,18.6838],[49.5221,18.66],[49.3043,18.6368],[49.1167,18.6167],[48.8556,18.4915],[48.6728,18.4035],[48.4853,18.313]]]},"properties":{"id":"YE1903","gov":"YE19","ar":"القف","en":"Al Qaff"}},{"type":"Feature","geometry":{"type":"MultiPolygon","coordinates":[[[[44.1715,14.3866],[44.145,14.3761],[44.1194,14.3693],[44.1038,14.3688],[44.0951,14.3641],[44.0869,14.3718],[44.0808,14.3897],[44.0782,14.4113],[44.0801,14.43],[44.0757,14.4605],[44.0484,14.4471],[44.019,14.4139],[44.0187,14.4031],[44.0043,14.3938],[43.9949,14.381],[43.9839,14.3808],[43.9701,14.3712],[43.9652,14.3441],[43.9551,14.3596],[43.9464,14.3608],[43.9355,14.358],[43.9263,14.3468],[43.918,14.3494],[43.9104,14.3378],[43.9187,14.322],[43.9299,14.3097],[43.9316,14.2879],[43.9367,14.282],[43.922,14.2488],[43.9045,14.2267],[43.9254,14.2078],[43.9599,14.2083],[43.97,14.1995],[43.9939,14.206],[43.998,14.2161],[44.0284,14.2174],[44.0346,14.2377],[44.0501,14.2279],[44.0616,14.2231],[44.0815,14.2241],[44.0806,14.1869],[44.0942,14.188],[44.1023,14.1945],[44.137,14.1896],[44.1507,14.1941],[44.1493,14.2076],[44.1596,14.2173],[44.1846,14.2243],[44.2018,14.2388],[44.2111,14.2405],[44.2234,14.2283],[44.2382,14.2266],[44.255,14.2129],[44.2698,14.205],[44.2649,14.2391],[44.2586,14.2464],[44.2645,14.2602],[44.254,14.267],[44.2699,14.2934],[44.2742,14.3109],[44.2719,14.3281],[44.2647,14.3437],[44.2516,14.3546],[44.2439,14.347],[44.2333,14.3473],[44.2266,14.3333],[44.2303,14.3235],[44.2285,14.3109],[44.2202,14.3008],[44.1956,14.2931],[44.1767,14.2797],[44.1636,14.2791],[44.1462,14.283],[44.1531,14.2997],[44.165,14.3012],[44.1702,14.317],[44.1576,14.3314],[44.1591,14.3385],[44.1789,14.3624],[44.1715,14.3866]]],[[[43.8297,14.1861],[43.8257,14.2001],[43.83,14.2201],[43.845,14.2434],[43.8432,14.251],[43.8221,14.2572],[43.8259,14.2462],[43.8199,14.2341],[43.8042,14.2286],[43.7892,14.1928],[43.7839,14.1537],[43.8075,14.1737],[43.8297,14.1861]]]]},"properties":{"id":"YE1101","gov":"YE11","ar":"القفر","en":"Al Qafr"}},{"type":"Feature","geometry":{"type":"Polygon","coordinates":[[[44.0048,13.5938],[44.0068,13.5778],[44.0195,13.5615],[44.028,13.5575],[44.0179,13.5855],[44.023,13.602],[44.0164,13.6146],[43.9966,13.6117],[44.0048,13.5938]]]},"properties":{"id":"YE1518","gov":"YE15","ar":"القاهره","en":"Al Qahirah"}},{"type":"Feature","geometry":{"type":"MultiPolygon","coordinates":[[[[43.2266,15.5582],[43.1653,15.5601],[43.1124,15.5552],[43.0802,15.5429],[43.0662,15.5337],[43.0308,15.5296],[43.0284,15.5129],[43.0173,15.4812],[43.0166,15.4387],[43.0072,15.4379],[42.991,15.3999],[42.9841,15.3899],[42.9806,15.374],[42.9933,15.3578],[43.0035,15.3645],[43.0064,15.3826],[43.0167,15.3998],[43.0223,15.4172],[43.0299,15.4277],[43.042,15.4299],[43.0377,15.4098],[43.0281,15.4077],[43.0266,15.384],[43.0219,15.3683],[43.0351,15.3649],[43.0466,15.385],[43.0588,15.401],[43.0735,15.4064],[43.0686,15.4227],[43.0751,15.4421],[43.0864,15.4401],[43.1051,15.4455],[43.1175,15.4362],[43.1159,15.43],[43.1027,15.4202],[43.1064,15.4104],[43.1267,15.3993],[43.1528,15.427],[43.1582,15.4392],[43.2436,15.4379],[43.2508,15.4519],[43.2458,15.4724],[43.2469,15.4942],[43.245,15.5095],[43.2249,15.5058],[43.2236,15.539],[43.2266,15.5582]]],[[[42.9242,15.2814],[42.9453,15.2813],[42.965,15.2854],[42.9743,15.2911],[42.9722,15.3023],[42.9646,15.3133],[42.9482,15.3263],[42.9356,15.3124],[42.9242,15.2814]]],[[[43.0828,15.3667],[43.066,15.3653],[43.0702,15.3573],[43.0828,15.3667]]]]},"properties":{"id":"YE1806","gov":"YE18","ar":"القناوص","en":"Al Qanawis"}},{"type":"Feature","geometry":{"type":"Polygon","coordinates":[[[48.5741,16.1807],[48.5517,16.1865],[48.519,16.202],[48.474,16.2126],[48.4375,16.2157],[48.3763,16.2132],[48.3301,16.2103],[48.2771,16.2092],[48.2423,16.2036],[48.1795,16.1875],[48.1554,16.1839],[48.1176,16.1824],[48.0804,16.1745],[48.0551,16.1573],[48.0367,16.1346],[48.0242,16.1143],[48.0121,16.0844],[47.9991,16.0476],[47.9896,15.9875],[47.9873,15.9611],[48.0409,15.9305],[48.0821,15.9048],[48.1175,15.8788],[48.1636,15.8276],[48.1723,15.8093],[48.1761,15.7936],[48.2236,15.7952],[48.2465,15.7912],[48.3029,15.785],[48.317,15.7726],[48.3366,15.7457],[48.3526,15.7087],[48.3708,15.6802],[48.385,15.6632],[48.398,15.6515],[48.4344,15.6314],[48.4733,15.6184],[48.5254,15.6091],[48.5328,15.6301],[48.5486,15.705],[48.5584,15.7721],[48.5687,15.8264],[48.5791,15.852],[48.5976,15.8753],[48.6002,15.8961],[48.5945,15.9097],[48.5934,15.9264],[48.5791,15.9394],[48.5843,15.961],[48.5775,16.0172],[48.5762,16.0746],[48.5727,16.1264],[48.5741,16.1807]]]},"properties":{"id":"YE1907","gov":"YE19","ar":"القطن","en":"Al Qatn"}},{"type":"Feature","geometry":{"type":"Polygon","coordinates":[[[44.4194,13.4977],[44.3819,13.4941],[44.3765,13.4827],[44.3642,13.485],[44.3585,13.4777],[44.3446,13.4803],[44.3369,13.4766],[44.3333,13.4576],[44.331,13.4523],[44.3413,13.4399],[44.3745,13.444],[44.4114,13.4225],[44.4312,13.4004],[44.4375,13.3792],[44.4276,13.3735],[44.4106,13.38],[44.3763,13.3813],[44.3492,13.3855],[44.3333,13.3835],[44.3245,13.3735],[44.3104,13.3677],[44.2929,13.3676],[44.2942,13.357],[44.3058,13.3634],[44.3292,13.3541],[44.3378,13.3439],[44.3356,13.332],[44.3281,13.3163],[44.3259,13.3027],[44.3412,13.2677],[44.3361,13.2525],[44.3337,13.2344],[44.3127,13.2232],[44.3052,13.2121],[44.3181,13.2096],[44.3571,13.2285],[44.3661,13.2391],[44.3731,13.24],[44.38,13.2286],[44.3769,13.2224],[44.3833,13.2024],[44.3969,13.2005],[44.4089,13.2084],[44.4225,13.212],[44.4461,13.2128],[44.467,13.2173],[44.4737,13.2148],[44.4874,13.1994],[44.5159,13.1963],[44.5168,13.1681],[44.5281,13.1621],[44.565,13.1656],[44.586,13.1624],[44.6058,13.1664],[44.6294,13.1623],[44.6636,13.1608],[44.6916,13.1665],[44.7178,13.1669],[44.7208,13.2252],[44.7236,13.2423],[44.7244,13.272],[44.681,13.2871],[44.6636,13.2995],[44.6513,13.317],[44.6422,13.3449],[44.6387,13.373],[44.6104,13.3985],[44.5647,13.4267],[44.5035,13.4631],[44.4775,13.477],[44.448,13.4779],[44.4348,13.4847],[44.4194,13.4977]]]},"properties":{"id":"YE2510","gov":"YE25","ar":"القبيطه","en":"Al Qubaytah"}},{"type":"Feature","geometry":{"type":"Polygon","coordinates":[[[45.0164,14.4602],[45.0094,14.5106],[45.0074,14.5396],[45.003,14.5618],[44.9929,14.5855],[44.9818,14.5994],[44.9661,14.6141],[44.9466,14.6234],[44.9635,14.7063],[44.9678,14.7358],[44.9665,14.7847],[44.9625,14.8063],[44.9305,14.8022],[44.8862,14.7898],[44.8288,14.7605],[44.776,14.7197],[44.7833,14.6946],[44.7945,14.665],[44.8168,14.6213],[44.8279,14.6087],[44.8008,14.5899],[44.7968,14.5797],[44.7766,14.5663],[44.7966,14.5564],[44.8083,14.5609],[44.8461,14.5968],[44.8675,14.5912],[44.8589,14.57],[44.8289,14.528],[44.8101,14.5124],[44.7534,14.473],[44.7669,14.4473],[44.7754,14.4414],[44.7845,14.4434],[44.8013,14.4312],[44.8049,14.4456],[44.8187,14.4575],[44.8376,14.4582],[44.8467,14.4512],[44.8462,14.4361],[44.8739,14.4143],[44.8761,14.408],[44.9046,14.4044],[44.9411,14.4042],[44.9509,14.4052],[44.9647,14.4233],[44.9796,14.4375],[45.0164,14.4602]]]},"properties":{"id":"YE1414","gov":"YE14","ar":"القريشيه","en":"Al Quraishyah"}},{"type":"Feature","geometry":{"type":"Polygon","coordinates":[[[46.2931,13.8212],[46.1727,13.8159],[46.1601,13.816],[46.1253,13.8226],[46.0804,13.8281],[46.0374,13.8362],[46.0308,13.8427],[45.9904,13.8145],[45.9643,13.787],[45.9533,13.7798],[45.9332,13.7723],[45.9028,13.7556],[45.8821,13.7497],[45.8586,13.7318],[45.8601,13.7214],[45.8704,13.6996],[45.904,13.647],[45.9584,13.5475],[46.0366,13.5697],[46.0896,13.5902],[46.2441,13.6746],[46.2656,13.697],[46.2784,13.7216],[46.2801,13.731],[46.293,13.7962],[46.2931,13.8212]]]},"properties":{"id":"YE1208","gov":"YE12","ar":"الوضيع","en":"Al Wadi'"}},{"type":"Feature","geometry":{"type":"Polygon","coordinates":[[[43.7818,13.2875],[43.7662,13.2699],[43.7584,13.2913],[43.7352,13.2786],[43.7344,13.265],[43.7077,13.2523],[43.7053,13.2256],[43.6878,13.1937],[43.6178,13.146],[43.5916,13.1314],[43.5852,13.1165],[43.6006,13.0782],[43.6949,13.0767],[43.7161,13.0748],[43.7362,13.0756],[43.7545,13.0689],[43.7658,13.0803],[43.7898,13.0931],[43.8101,13.1128],[43.8229,13.1118],[43.8393,13.1206],[43.865,13.1194],[43.875,13.1313],[43.8686,13.1795],[43.8265,13.1853],[43.8065,13.2028],[43.7977,13.222],[43.8055,13.2422],[43.8054,13.2553],[43.7904,13.279],[43.7823,13.2876],[43.7818,13.2875]]]},"properties":{"id":"YE1515","gov":"YE15","ar":"الوازعيه","en":"Al Wazi'yah"}},{"type":"Feature","geometry":{"type":"Polygon","coordinates":[[[44.2102,15.3353],[44.2111,15.3497],[44.2063,15.3483],[44.1905,15.3441],[44.1592,15.34],[44.1765,15.3293],[44.1777,15.3249],[44.1832,15.3306],[44.1989,15.3201],[44.1985,15.3347],[44.2102,15.3353]]]},"properties":{"id":"YE1306","gov":"YE13","ar":"الوحده","en":"Al Wehdah"}},{"type":"Feature","geometry":{"type":"MultiPolygon","coordinates":[[[[42.8824,15.8192],[42.8719,15.8255],[42.8602,15.8388],[42.8148,15.8648],[42.789,15.8436],[42.7826,15.8328],[42.7843,15.8226],[42.77,15.8098],[42.765,15.7959],[42.7509,15.7817],[42.7442,15.7809],[42.7441,15.7672],[42.7376,15.7536],[42.7193,15.7417],[42.7124,15.7252],[42.6939,15.7147],[42.687,15.6969],[42.7077,15.6992],[42.7107,15.6819],[42.7003,15.6696],[42.6983,15.6545],[42.7056,15.6419],[42.7036,15.6341],[42.709,15.6186],[42.7249,15.605],[42.7113,15.5697],[42.701,15.5621],[42.7077,15.5503],[42.7247,15.5453],[42.7433,15.5328],[42.7553,15.5163],[42.7551,15.5071],[42.766,15.4908],[42.7636,15.4812],[42.7759,15.4646],[42.7738,15.454],[42.7767,15.4405],[42.7696,15.4294],[42.7781,15.4218],[42.8226,15.4281],[42.8448,15.4427],[42.8974,15.4808],[42.9401,15.5049],[42.9966,15.5404],[43.0243,15.5538],[43.0324,15.5472],[43.0308,15.5296],[43.0662,15.5337],[43.0802,15.5429],[43.1124,15.5552],[43.1653,15.5601],[43.1519,15.6121],[43.1445,15.6236],[43.1288,15.6326],[43.1137,15.6334],[43.0815,15.6306],[43.06,15.6461],[43.0441,15.6523],[43.0382,15.6601],[43.0078,15.6648],[42.9957,15.6763],[42.9883,15.6903],[42.9752,15.6972],[42.9614,15.6893],[42.9496,15.6886],[42.9394,15.6975],[42.9324,15.7164],[42.9176,15.7285],[42.911,15.7399],[42.9116,15.7496],[42.9034,15.7608],[42.9017,15.7714],[42.889,15.7888],[42.8824,15.8192]]],[[[42.3888,15.7474],[42.3775,15.7395],[42.3853,15.7258],[42.3786,15.7141],[42.3855,15.7009],[42.3916,15.7055],[42.4242,15.7073],[42.4351,15.7035],[42.4622,15.7002],[42.4821,15.7015],[42.4847,15.7159],[42.4659,15.716],[42.4498,15.7222],[42.428,15.7222],[42.3888,15.7474]]],[[[42.2963,15.7471],[42.3032,15.7639],[42.3055,15.7776],[42.2994,15.7922],[42.2887,15.7876],[42.2864,15.7593],[42.2795,15.7432],[42.2826,15.7341],[42.2917,15.7341],[42.2963,15.7471]]],[[[42.6027,15.65],[42.587,15.644],[42.6038,15.6213],[42.6235,15.63],[42.6082,15.6416],[42.6027,15.65]]],[[[42.297,15.7131],[42.2867,15.71],[42.2827,15.6862],[42.291,15.6837],[42.2955,15.669],[42.3079,15.6613],[42.2993,15.6921],[42.297,15.7131]]],[[[42.2986,15.8388],[42.2948,15.8586],[42.2871,15.8701],[42.2749,15.8693],[42.2764,15.8502],[42.2818,15.8395],[42.2986,15.8388]]],[[[42.6073,15.7391],[42.6204,15.7558],[42.6159,15.7656],[42.604,15.7499],[42.6073,15.7391]]],[[[42.6478,15.5494],[42.655,15.5584],[42.6495,15.5651],[42.6344,15.5515],[42.6478,15.5494]]]]},"properties":{"id":"YE1802","gov":"YE18","ar":"اللحيه","en":"Alluhayah"}},{"type":"Feature","geometry":{"type":"Polygon","coordinates":[[[48.1386,15.4042],[48.1376,15.4161],[48.1317,15.4288],[48.1057,15.4655],[48.094,15.4732],[48.0842,15.4741],[48.0604,15.4683],[48.0402,15.4716],[47.9955,15.4902],[47.9833,15.4987],[47.9688,15.5149],[47.9604,15.5305],[47.9277,15.5147],[47.9008,15.4951],[47.8858,15.4766],[47.8716,15.4446],[47.8624,15.4305],[47.8343,15.4086],[47.8111,15.3979],[47.7758,15.385],[47.7584,15.3755],[47.7395,15.3532],[47.7164,15.2944],[47.7387,15.2815],[47.7619,15.2601],[47.7894,15.1944],[47.7985,15.1697],[47.8076,15.1569],[47.8288,15.1509],[47.8442,15.1514],[47.8677,15.1576],[47.9147,15.1765],[47.9658,15.1898],[47.9886,15.1938],[47.9827,15.2012],[47.9866,15.2205],[48.0035,15.2458],[48.0326,15.276],[48.0535,15.2927],[48.1105,15.3317],[48.1206,15.3451],[48.1314,15.3661],[48.1386,15.4042]]]},"properties":{"id":"YE1921","gov":"YE19","ar":"عمد","en":"Amd"}},{"type":"Feature","geometry":{"type":"MultiPolygon","coordinates":[[[[43.9842,15.7208],[43.9661,15.7265],[43.9472,15.7269],[43.9334,15.6997],[43.9158,15.6857],[43.9125,15.6673],[43.8918,15.6576],[43.8775,15.6365],[43.8723,15.6178],[43.9013,15.6066],[43.9264,15.6169],[43.9389,15.6361],[43.9409,15.6506],[43.9662,15.6452],[43.9688,15.6565],[43.9654,15.6811],[43.975,15.6916],[43.9782,15.7027],[43.9866,15.7126],[43.9842,15.7208]]],[[[43.7957,15.6653],[43.786,15.6936],[43.7818,15.7186],[43.7745,15.7262],[43.7608,15.7309],[43.7651,15.7425],[43.7511,15.7415],[43.7409,15.7265],[43.7416,15.708],[43.7276,15.7001],[43.7374,15.6535],[43.7471,15.6411],[43.7739,15.6418],[43.7826,15.6614],[43.7957,15.6653]]]]},"properties":{"id":"YE2915","gov":"YE29","ar":"عمران","en":"Amran"}},{"type":"Feature","geometry":{"type":"Polygon","coordinates":[[[44.5948,14.1364],[44.5485,14.1349],[44.5378,14.1311],[44.5113,14.1479],[44.4932,14.1616],[44.4799,14.1568],[44.4682,14.1615],[44.4655,14.1419],[44.4497,14.1314],[44.4465,14.1084],[44.4407,14.1033],[44.4225,14.1022],[44.4105,14.0889],[44.3915,14.0778],[44.3936,14.0648],[44.4177,14.0613],[44.4315,14.0462],[44.4291,14.0322],[44.436,14.0157],[44.436,14.0064],[44.4456,13.9916],[44.4519,13.9741],[44.461,13.961],[44.4793,13.9691],[44.4972,13.9819],[44.5116,13.9857],[44.5263,13.9854],[44.5413,13.9923],[44.5631,13.9846],[44.5748,13.9877],[44.5893,13.9846],[44.6081,14.0036],[44.6121,14.0177],[44.5868,14.0223],[44.5693,14.023],[44.5553,14.0336],[44.5534,14.0547],[44.5594,14.0703],[44.5718,14.0734],[44.5841,14.0811],[44.5932,14.0808],[44.6092,14.1019],[44.6055,14.114],[44.5939,14.1253],[44.5948,14.1364]]]},"properties":{"id":"YE1104","gov":"YE11","ar":"النادره","en":"An Nadirah"}},{"type":"Feature","geometry":{"type":"Polygon","coordinates":[[[44.2483,14.5747],[44.2134,14.5743],[44.2049,14.5929],[44.1985,14.5962],[44.1882,14.6134],[44.1757,14.5963],[44.1557,14.5785],[44.1523,14.5617],[44.17,14.5666],[44.1825,14.5483],[44.1824,14.5412],[44.1738,14.5183],[44.1761,14.4971],[44.2002,14.4858],[44.1946,14.4593],[44.2344,14.4416],[44.2427,14.4276],[44.2538,14.418],[44.2748,14.4116],[44.2817,14.3912],[44.2959,14.3759],[44.3357,14.3788],[44.35,14.3763],[44.3656,14.3638],[44.3751,14.3485],[44.3905,14.3458],[44.4174,14.3538],[44.4356,14.3488],[44.4447,14.3412],[44.4506,14.3289],[44.469,14.3081],[44.4796,14.3015],[44.4881,14.2981],[44.511,14.3005],[44.5401,14.2961],[44.5483,14.2917],[44.5558,14.2739],[44.5679,14.2694],[44.5881,14.2937],[44.5852,14.3578],[44.6254,14.3646],[44.6111,14.4168],[44.5989,14.4172],[44.5719,14.408],[44.5453,14.4022],[44.5222,14.4012],[44.5217,14.4345],[44.5196,14.4574],[44.5114,14.4672],[44.5105,14.4877],[44.4891,14.5383],[44.4793,14.5697],[44.4461,14.5621],[44.4378,14.5402],[44.4399,14.5318],[44.4197,14.525],[44.4177,14.5185],[44.4045,14.5109],[44.3921,14.5133],[44.3853,14.5238],[44.3639,14.5241],[44.3502,14.5198],[44.3148,14.5419],[44.2983,14.5386],[44.2775,14.5423],[44.2526,14.5388],[44.2503,14.5492],[44.2601,14.5554],[44.2483,14.5747]]]},"properties":{"id":"YE2010","gov":"YE20","ar":"عنس","en":"Ans"}},{"type":"Feature","geometry":{"type":"Polygon","coordinates":[[[44.5881,14.2937],[44.5679,14.2694],[44.5558,14.2739],[44.5483,14.2917],[44.5401,14.2961],[44.511,14.3005],[44.4881,14.2981],[44.4796,14.3015],[44.4792,14.2885],[44.472,14.2756],[44.4572,14.268],[44.447,14.2543],[44.4511,14.2347],[44.4811,14.2357],[44.4939,14.2251],[44.4848,14.2073],[44.4766,14.2037],[44.484,14.1878],[44.4972,14.187],[44.4977,14.1746],[44.4932,14.1616],[44.5113,14.1479],[44.5378,14.1311],[44.5485,14.1349],[44.5948,14.1364],[44.6223,14.1331],[44.6436,14.1202],[44.6598,14.1224],[44.6685,14.1393],[44.6734,14.1765],[44.6395,14.1898],[44.6182,14.2009],[44.6148,14.2386],[44.6175,14.2555],[44.6294,14.2675],[44.6343,14.2817],[44.6329,14.2905],[44.6202,14.2945],[44.5881,14.2937]]]},"properties":{"id":"YE1103","gov":"YE11","ar":"الرضمه","en":"Ar Radmah"}},{"type":"Feature","geometry":{"type":"Polygon","coordinates":[[[47.4235,14.8248],[47.4045,14.8291],[47.3895,14.8357],[47.3425,14.8527],[47.3019,14.8631],[47.2983,14.848],[47.2996,14.8233],[47.3079,14.8102],[47.3014,14.7959],[47.2952,14.7715],[47.2861,14.7663],[47.2344,14.7517],[47.1884,14.747],[47.1584,14.7551],[47.116,14.7598],[47.0813,14.7591],[47.0559,14.756],[46.9716,14.7609],[46.9436,14.7577],[46.9542,14.746],[46.9586,14.7301],[46.949,14.6987],[46.9611,14.6793],[46.9704,14.669],[47.0165,14.6264],[47.0433,14.5886],[47.0462,14.5693],[47.0444,14.5347],[47.036,14.4829],[47.1186,14.4887],[47.1259,14.4918],[47.1588,14.4902],[47.1742,14.4957],[47.182,14.4941],[47.2066,14.4618],[47.2144,14.4388],[47.2141,14.4146],[47.2099,14.373],[47.213,14.3316],[47.221,14.3002],[47.251,14.2518],[47.2691,14.2358],[47.2714,14.2184],[47.2681,14.178],[47.2687,14.1541],[47.2643,14.1395],[47.2907,14.1463],[47.3581,14.1553],[47.4167,14.1563],[47.4021,14.3119],[47.4058,14.3293],[47.4012,14.3531],[47.3883,14.363],[47.3551,14.376],[47.3249,14.3967],[47.3184,14.4084],[47.3242,14.4167],[47.3371,14.4212],[47.3656,14.4232],[47.4098,14.42],[47.4229,14.4361],[47.4188,14.4505],[47.4194,14.4648],[47.4244,14.4917],[47.4293,14.5046],[47.4399,14.5198],[47.4587,14.54],[47.4904,14.5592],[47.5256,14.5852],[47.5582,14.5997],[47.5891,14.6265],[47.6047,14.6457],[47.6215,14.6702],[47.5881,14.6933],[47.5795,14.7068],[47.5727,14.73],[47.572,14.7464],[47.5656,14.7614],[47.5548,14.7728],[47.5075,14.7907],[47.4773,14.804],[47.4612,14.8017],[47.4344,14.8084],[47.4235,14.8248]]]},"properties":{"id":"YE2115","gov":"YE21","ar":"الروضه","en":"Ar Rawdah"}},{"type":"Feature","geometry":{"type":"Polygon","coordinates":[[[50.185,15.4288],[50.1704,15.4305],[50.115,15.4271],[50.0646,15.4159],[50.035,15.4058],[50.0159,15.3968],[49.9958,15.3911],[49.9789,15.3665],[49.9672,15.3408],[49.9639,15.3133],[49.968,15.2977],[49.988,15.2564],[50.004,15.2336],[50.0158,15.225],[50.0507,15.2217],[50.0604,15.2126],[50.066,15.1913],[50.0683,15.1603],[50.0652,15.0856],[50.0725,15.051],[50.0867,15.01],[50.1082,14.9721],[50.1357,14.9329],[50.1624,14.9085],[50.182,14.8984],[50.2245,14.888],[50.2622,14.9084],[50.2953,14.9222],[50.317,14.9276],[50.3292,14.9196],[50.3395,14.9363],[50.3509,14.9476],[50.3944,14.9797],[50.4143,14.9916],[50.4628,15.0166],[50.4751,15.0243],[50.4909,15.0268],[50.5531,15.0457],[50.5602,15.0455],[50.6033,15.0552],[50.6602,15.0622],[50.7012,15.0722],[50.7194,15.0703],[50.7562,15.079],[50.7573,15.0873],[50.7684,15.1048],[50.765,15.1147],[50.7452,15.1443],[50.7276,15.1628],[50.7261,15.1727],[50.7321,15.1919],[50.7169,15.2062],[50.7131,15.2154],[50.7,15.2244],[50.6958,15.2479],[50.6969,15.2631],[50.6929,15.2725],[50.6808,15.2818],[50.6813,15.2916],[50.6669,15.3123],[50.6532,15.3381],[50.6439,15.3342],[50.63,15.3402],[50.6066,15.3301],[50.5937,15.3381],[50.5795,15.3324],[50.5732,15.3444],[50.5588,15.3434],[50.5428,15.3625],[50.5182,15.3683],[50.4627,15.357],[50.4479,15.359],[50.4377,15.356],[50.4262,15.3457],[50.3946,15.3406],[50.3745,15.3417],[50.334,15.3342],[50.3029,15.3345],[50.2724,15.3324],[50.2529,15.3369],[50.2158,15.3607],[50.1987,15.3684],[50.1848,15.39],[50.1888,15.4203],[50.185,15.4288]]]},"properties":{"id":"YE1913","gov":"YE19","ar":"الريدة وقصيعر","en":"Ar Raydah wa Qussay'ar"}},{"type":"Feature","geometry":{"type":"Polygon","coordinates":[[[43.6293,15.5326],[43.6237,15.5313],[43.6038,15.542],[43.5841,15.5382],[43.5745,15.5419],[43.5745,15.5333],[43.5598,15.5196],[43.5522,15.4948],[43.5594,15.4861],[43.5643,15.4523],[43.5731,15.4496],[43.5824,15.457],[43.5901,15.4543],[43.6054,15.4043],[43.6359,15.3778],[43.6519,15.3713],[43.6676,15.3613],[43.6691,15.3317],[43.6762,15.3278],[43.6823,15.3095],[43.6795,15.2857],[43.6829,15.2795],[43.7016,15.2783],[43.7125,15.2698],[43.7173,15.2784],[43.7347,15.2956],[43.7369,15.3078],[43.7461,15.3136],[43.7481,15.3258],[43.7595,15.3244],[43.7712,15.3319],[43.7822,15.3453],[43.7721,15.3536],[43.7643,15.3657],[43.7562,15.405],[43.7457,15.4107],[43.7411,15.4277],[43.7489,15.4329],[43.7453,15.4611],[43.7359,15.4654],[43.7285,15.4594],[43.7122,15.4594],[43.7052,15.4722],[43.6926,15.4746],[43.6888,15.4882],[43.6697,15.4988],[43.6611,15.5081],[43.6521,15.5342],[43.6293,15.5326]]]},"properties":{"id":"YE2703","gov":"YE27","ar":"الرجم","en":"Ar Rujum"}},{"type":"Feature","geometry":{"type":"Polygon","coordinates":[[[44.8821,14.2614],[44.874,14.2606],[44.8558,14.267],[44.844,14.2869],[44.8265,14.3022],[44.8177,14.3052],[44.8018,14.2968],[44.754,14.3078],[44.7193,14.2644],[44.7041,14.2316],[44.6884,14.2119],[44.6812,14.184],[44.6735,14.1764],[44.6914,14.177],[44.7295,14.19],[44.7413,14.2109],[44.7521,14.2143],[44.7703,14.2128],[44.8,14.2002],[44.8211,14.202],[44.8504,14.218],[44.8914,14.2321],[44.8821,14.2614]]]},"properties":{"id":"YE1418","gov":"YE14","ar":"الرياشيه","en":"Ar Ryashyyah"}},{"type":"Feature","geometry":{"type":"Polygon","coordinates":[[[44.3829,16.03],[44.3572,16.0468],[44.3471,16.0381],[44.3348,16.0374],[44.2994,16.0401],[44.2813,16.031],[44.2702,16.0296],[44.2506,16.0158],[44.2366,16.0134],[44.2248,15.9911],[44.2151,15.9912],[44.2059,15.9978],[44.1509,15.9875],[44.1584,15.9715],[44.1513,15.914],[44.1517,15.8966],[44.1556,15.87],[44.1692,15.852],[44.1812,15.8238],[44.1803,15.7764],[44.171,15.7572],[44.1488,15.7482],[44.1214,15.7454],[44.0937,15.7451],[44.1013,15.7334],[44.0972,15.7163],[44.1075,15.6909],[44.1191,15.6553],[44.1182,15.633],[44.1132,15.614],[44.1191,15.6102],[44.1287,15.5826],[44.1483,15.5717],[44.1955,15.5624],[44.2109,15.5535],[44.2313,15.5582],[44.2338,15.5664],[44.2604,15.5702],[44.271,15.5964],[44.2764,15.6017],[44.3061,15.6117],[44.3191,15.6117],[44.3509,15.5994],[44.3613,15.5886],[44.3681,15.5887],[44.3748,15.5781],[44.3817,15.5924],[44.3608,15.6201],[44.3507,15.6442],[44.3516,15.656],[44.3613,15.6797],[44.3889,15.7193],[44.3968,15.7745],[44.3966,15.8377],[44.3932,15.9055],[44.3913,15.9923],[44.3829,16.03]]]},"properties":{"id":"YE2302","gov":"YE23","ar":"ارحب","en":"Arhab"}},{"type":"Feature","geometry":{"type":"Polygon","coordinates":[[[47.393,15.2918],[47.3819,15.3125],[47.3656,15.331],[47.3629,15.3385],[47.384,15.3833],[47.3926,15.4064],[47.4103,15.4437],[47.416,15.4675],[47.427,15.4987],[47.4435,15.5178],[47.4651,15.5293],[47.4918,15.5496],[47.5271,15.5732],[47.5286,15.6005],[47.5026,15.6205],[47.4625,15.6298],[47.4491,15.6448],[47.4434,15.702],[47.3589,15.693],[46.921,15.6702],[46.7992,15.6587],[46.5842,15.6385],[46.53,15.6311],[46.5654,15.5455],[46.6548,15.4048],[46.8195,15.1943],[46.8374,15.1803],[46.8457,15.1662],[46.8446,15.1516],[46.9036,15.1257],[46.9465,15.0803],[46.9517,15.0892],[46.9682,15.0928],[46.9921,15.1154],[47.0399,15.0967],[47.0515,15.0954],[47.0972,15.1267],[47.1432,15.1515],[47.1687,15.1578],[47.1854,15.1651],[47.1972,15.1559],[47.2002,15.1389],[47.21,15.1178],[47.2345,15.1176],[47.2511,15.1218],[47.2771,15.1406],[47.2926,15.1598],[47.3099,15.1978],[47.3253,15.2177],[47.3652,15.2479],[47.3811,15.2665],[47.393,15.2918]]]},"properties":{"id":"YE2104","gov":"YE21","ar":"عرماء","en":"Arma'a"}},{"type":"Feature","geometry":{"type":"Polygon","coordinates":[[[47.0077,14.3895],[46.9665,14.3794],[46.9422,14.3759],[46.9262,14.3783],[46.8877,14.396],[46.8376,14.4051],[46.8055,14.4133],[46.7622,14.4156],[46.729,14.4102],[46.6961,14.4077],[46.7036,14.3961],[46.7119,14.3732],[46.7122,14.3564],[46.7017,14.3165],[46.7029,14.3001],[46.7251,14.2579],[46.7631,14.1747],[46.7858,14.1685],[46.7993,14.1534],[46.8388,14.1766],[46.8603,14.1665],[46.8759,14.1702],[46.897,14.1676],[46.9031,14.1706],[46.937,14.1704],[46.9559,14.1615],[46.9611,14.1522],[46.9741,14.1405],[46.9879,14.1418],[47.0042,14.1548],[47.0114,14.1523],[47.0121,14.2163],[47.0094,14.2494],[47.0036,14.2821],[47.0212,14.2981],[47.0333,14.3196],[47.0314,14.3356],[47.0077,14.3895]]]},"properties":{"id":"YE2112","gov":"YE21","ar":"الصعيد","en":"As Sa'id"}},{"type":"Feature","geometry":{"type":"Polygon","coordinates":[[[44.2662,15.3287],[44.2653,15.3339],[44.2282,15.3317],[44.2216,15.3366],[44.2102,15.3353],[44.1985,15.3347],[44.1989,15.3201],[44.1832,15.3306],[44.1777,15.3249],[44.1669,15.3125],[44.1508,15.3167],[44.1499,15.3055],[44.1396,15.3035],[44.1399,15.2953],[44.1538,15.2947],[44.1605,15.2873],[44.1722,15.2858],[44.177,15.2938],[44.2033,15.2898],[44.2221,15.2763],[44.2443,15.2803],[44.2366,15.3009],[44.2474,15.3048],[44.2532,15.2993],[44.2609,15.3255],[44.2662,15.3287]]]},"properties":{"id":"YE1305","gov":"YE13","ar":"السبعين","en":"As Sab'in"}},{"type":"Feature","geometry":{"type":"Polygon","coordinates":[[[44.4343,13.8863],[44.4337,13.8935],[44.3986,13.9057],[44.3917,13.919],[44.3777,13.9197],[44.3649,13.9267],[44.3644,13.9514],[44.3428,13.9564],[44.3379,13.9669],[44.3179,13.9795],[44.3011,13.9719],[44.2738,13.9757],[44.2719,13.9652],[44.2791,13.9488],[44.2951,13.9461],[44.3072,13.9395],[44.3128,13.9289],[44.3116,13.9191],[44.2988,13.9091],[44.3057,13.8972],[44.2943,13.8786],[44.2877,13.8835],[44.2757,13.8776],[44.2623,13.8815],[44.2596,13.8674],[44.2664,13.8445],[44.2742,13.8341],[44.2911,13.8237],[44.2902,13.8157],[44.2772,13.8117],[44.2605,13.8117],[44.2498,13.8046],[44.2532,13.7718],[44.2523,13.7596],[44.2412,13.7501],[44.2361,13.7388],[44.244,13.7411],[44.2594,13.7324],[44.2661,13.7161],[44.279,13.708],[44.2991,13.7053],[44.3229,13.7063],[44.3527,13.7374],[44.3695,13.7603],[44.3704,13.769],[44.3797,13.786],[44.3667,13.8009],[44.3665,13.8089],[44.3737,13.8304],[44.3838,13.8328],[44.4035,13.8256],[44.4093,13.8376],[44.4041,13.8471],[44.4067,13.8597],[44.4147,13.8637],[44.4297,13.8843],[44.4343,13.8863]],[[44.3312,13.8411],[44.3235,13.8482],[44.3317,13.8582],[44.3571,13.8449],[44.3606,13.83],[44.3448,13.8144],[44.3313,13.8167],[44.3312,13.8411]]]},"properties":{"id":"YE1114","gov":"YE11","ar":"السبره","en":"As Sabrah"}},{"type":"Feature","geometry":{"type":"Polygon","coordinates":[[[44.4932,14.1616],[44.4977,14.1746],[44.4972,14.187],[44.484,14.1878],[44.4766,14.2037],[44.4848,14.2073],[44.4939,14.2251],[44.4811,14.2357],[44.4511,14.2347],[44.447,14.2543],[44.4255,14.2528],[44.4022,14.2451],[44.3925,14.2287],[44.3958,14.2173],[44.3816,14.2021],[44.3578,14.2125],[44.3407,14.1823],[44.3446,14.1544],[44.3568,14.1194],[44.338,14.1287],[44.31,14.1311],[44.2885,14.1364],[44.2671,14.1505],[44.2524,14.1492],[44.2528,14.118],[44.2709,14.0909],[44.2776,14.0955],[44.287,14.0878],[44.3055,14.0997],[44.3161,14.0861],[44.3503,14.0879],[44.3709,14.0844],[44.3915,14.0778],[44.4105,14.0889],[44.4225,14.1022],[44.4407,14.1033],[44.4465,14.1084],[44.4497,14.1314],[44.4655,14.1419],[44.4682,14.1615],[44.4799,14.1568],[44.4932,14.1616]]]},"properties":{"id":"YE1106","gov":"YE11","ar":"السده","en":"As Saddah"}},{"type":"Feature","geometry":{"type":"Polygon","coordinates":[[[44.2111,15.3497],[44.2102,15.3353],[44.2216,15.3366],[44.2282,15.3317],[44.2653,15.3339],[44.2633,15.3445],[44.2296,15.3437],[44.2227,15.3563],[44.2111,15.3497]]]},"properties":{"id":"YE1304","gov":"YE13","ar":"الصافيه","en":"As Safiyah"}},{"type":"Feature","geometry":{"type":"MultiPolygon","coordinates":[[[[43.9081,17.3412],[43.8319,17.3389],[43.8058,17.3566],[43.7889,17.375],[43.7678,17.3744],[43.6833,17.3667],[43.6809,17.3688],[43.6834,17.3341],[43.6861,17.3078],[43.6775,17.2917],[43.683,17.2513],[43.6822,17.2116],[43.7336,17.2128],[43.7347,17.1888],[43.7335,17.1497],[43.7297,17.1104],[43.7376,17.0943],[43.7754,17.0948],[43.7784,17.0996],[43.7779,17.1265],[43.7991,17.1286],[43.7979,17.1031],[43.7844,17.094],[43.7828,17.0632],[43.7945,17.0513],[43.7855,17.0337],[43.7853,17.0102],[43.7914,16.9978],[43.779,16.9793],[43.7701,16.972],[43.7701,16.9567],[43.7768,16.9437],[43.7897,16.9325],[43.7866,16.9008],[43.7671,16.8821],[43.763,16.8621],[43.7771,16.8627],[43.7937,16.8471],[43.7849,16.8112],[43.7733,16.8007],[43.7749,16.7616],[43.7728,16.7374],[43.746,16.7348],[43.738,16.7385],[43.7289,16.7578],[43.715,16.7621],[43.708,16.7551],[43.708,16.6846],[43.7496,16.7001],[43.7717,16.6863],[43.787,16.6831],[43.7984,16.6885],[43.843,16.6708],[43.8992,16.6501],[43.9259,16.6306],[43.9484,16.6204],[43.9822,16.6147],[44.0224,16.6161],[44.0526,16.6235],[44.0742,16.6361],[44.1018,16.6447],[44.1211,16.7204],[44.121,16.7397],[44.0559,16.7469],[43.9812,16.7698],[43.9268,16.7837],[43.9118,16.7904],[43.9069,16.7969],[43.9038,16.816],[43.9084,16.8408],[43.9083,16.8662],[43.9043,16.8878],[43.8965,16.8986],[43.8733,16.9087],[43.8214,16.9266],[43.8113,16.9505],[43.9078,16.951],[43.9076,16.9869],[43.8296,17.0012],[43.8457,17.0242],[43.8502,17.0391],[43.8625,17.052],[43.887,17.0695],[43.8967,17.0798],[43.9069,17.0988],[43.9056,17.3178],[43.9081,17.3412]],[[43.8171,16.8633],[43.8342,16.8625],[43.8537,16.8331],[43.8195,16.8383],[43.8081,16.8555],[43.8171,16.8633]]],[[[43.7203,16.9223],[43.7271,16.9324],[43.738,16.9367],[43.7301,16.9454],[43.7297,16.9666],[43.7169,16.9634],[43.7174,16.9487],[43.7132,16.9387],[43.6993,16.9324],[43.704,16.9173],[43.7203,16.9223]]]]},"properties":{"id":"YE2212","gov":"YE22","ar":"الصفراء","en":"As Safra"}},{"type":"Feature","geometry":{"type":"MultiPolygon","coordinates":[[[[44.2623,13.8815],[44.2662,13.8924],[44.2536,13.9071],[44.2303,13.9188],[44.2155,13.9272],[44.2005,13.9094],[44.1735,13.9029],[44.1763,13.8842],[44.1715,13.8743],[44.1589,13.8837],[44.1326,13.8689],[44.1347,13.838],[44.1409,13.815],[44.1487,13.8144],[44.1494,13.8008],[44.1449,13.7903],[44.1509,13.7847],[44.1543,13.7703],[44.1644,13.76],[44.1654,13.75],[44.1707,13.7492],[44.1825,13.7341],[44.1918,13.7291],[44.1978,13.7176],[44.2111,13.7219],[44.2231,13.7343],[44.2361,13.7388],[44.2412,13.7501],[44.2523,13.7596],[44.2532,13.7718],[44.2498,13.8046],[44.2605,13.8117],[44.2772,13.8117],[44.2902,13.8157],[44.2911,13.8237],[44.2742,13.8341],[44.2664,13.8445],[44.2596,13.8674],[44.2623,13.8815]]],[[[44.3312,13.8411],[44.3313,13.8167],[44.3448,13.8144],[44.3606,13.83],[44.3571,13.8449],[44.3317,13.8582],[44.3235,13.8482],[44.3312,13.8411]]]]},"properties":{"id":"YE1115","gov":"YE11","ar":"السياني","en":"As Saiyani"}},{"type":"Feature","geometry":{"type":"Polygon","coordinates":[[[43.7489,14.8555],[43.7335,14.857],[43.736,14.827],[43.7073,14.7862],[43.7325,14.7541],[43.7405,14.7204],[43.7418,14.6978],[43.7548,14.6926],[43.7667,14.6664],[43.7698,14.6514],[43.766,14.6461],[43.7792,14.6262],[43.7848,14.6128],[43.7996,14.6034],[43.8037,14.5941],[43.7906,14.5748],[43.7923,14.556],[43.7981,14.549],[43.8307,14.5626],[43.8409,14.5594],[43.8503,14.5637],[43.8652,14.5573],[43.8724,14.5462],[43.8876,14.5334],[43.9066,14.5506],[43.9203,14.5744],[43.9301,14.5863],[43.9323,14.597],[43.9393,14.6036],[43.9412,14.6105],[43.9225,14.6187],[43.92,14.6247],[43.9012,14.6366],[43.8932,14.6568],[43.9034,14.669],[43.9024,14.6807],[43.891,14.6922],[43.879,14.7172],[43.8595,14.7296],[43.8357,14.7523],[43.8115,14.7599],[43.7987,14.7708],[43.7871,14.7892],[43.7692,14.8099],[43.7567,14.8329],[43.7489,14.8555]]]},"properties":{"id":"YE3102","gov":"YE31","ar":"السلفيه","en":"As Salafiyyah"}},{"type":"Feature","geometry":{"type":"Polygon","coordinates":[[[42.7823,15.2044],[42.7844,15.2092],[42.763,15.2413],[42.7663,15.2683],[42.7597,15.2739],[42.7483,15.2671],[42.7319,15.2726],[42.7252,15.2804],[42.7286,15.2957],[42.7166,15.3074],[42.7023,15.3071],[42.6929,15.2962],[42.6858,15.2962],[42.694,15.3393],[42.7046,15.361],[42.6938,15.361],[42.6892,15.3451],[42.6912,15.3324],[42.6814,15.3198],[42.6696,15.3159],[42.6687,15.3085],[42.6756,15.2925],[42.6918,15.2759],[42.6791,15.247],[42.6688,15.2363],[42.6488,15.2333],[42.6303,15.236],[42.6243,15.2451],[42.6111,15.2536],[42.6045,15.2519],[42.5984,15.2339],[42.6008,15.2258],[42.6173,15.2092],[42.6284,15.1847],[42.6422,15.1812],[42.6622,15.1858],[42.6667,15.193],[42.6642,15.2047],[42.6751,15.2141],[42.6949,15.2144],[42.7288,15.207],[42.7816,15.1882],[42.7823,15.2044]]]},"properties":{"id":"YE1804","gov":"YE18","ar":"الصليف","en":"As Salif"}},{"type":"Feature","geometry":{"type":"MultiPolygon","coordinates":[[[[45.3635,14.4202],[45.3814,14.4284],[45.4222,14.4676],[45.4541,14.4719],[45.4756,14.4831],[45.4626,14.495],[45.4616,14.5213],[45.4612,14.5956],[45.444,14.5996],[45.4323,14.6079],[45.4168,14.6325],[45.4041,14.6347],[45.3991,14.6293],[45.3836,14.5965],[45.3733,14.5815],[45.3539,14.577],[45.3183,14.5765],[45.3148,14.5548],[45.3159,14.5295],[45.3336,14.4677],[45.3396,14.4284],[45.3548,14.4271],[45.3635,14.4202]]],[[[45.2815,14.3798],[45.2226,14.3863],[45.2089,14.3864],[45.1933,14.3592],[45.1739,14.3319],[45.1881,14.2728],[45.2008,14.2266],[45.1997,14.192],[45.2594,14.1928],[45.2758,14.2401],[45.2819,14.2466],[45.2895,14.2765],[45.3062,14.2892],[45.3109,14.3038],[45.3029,14.3055],[45.3056,14.3182],[45.3035,14.3372],[45.307,14.3542],[45.2943,14.3643],[45.2815,14.3798]]]]},"properties":{"id":"YE1411","gov":"YE14","ar":"السواديه","en":"As Sawadiyah"}},{"type":"Feature","geometry":{"type":"Polygon","coordinates":[[[43.7651,15.7425],[43.7776,15.7483],[43.7976,15.7623],[43.8047,15.7631],[43.8184,15.7546],[43.8393,15.7589],[43.8432,15.769],[43.8357,15.7873],[43.8181,15.8082],[43.817,15.8348],[43.8138,15.8558],[43.8068,15.8739],[43.8024,15.9059],[43.7831,15.8848],[43.762,15.8797],[43.7435,15.884],[43.736,15.8793],[43.7268,15.8845],[43.7152,15.8831],[43.7166,15.864],[43.719,15.8522],[43.7289,15.8415],[43.7179,15.8233],[43.7064,15.8158],[43.7117,15.7945],[43.7076,15.7874],[43.7153,15.7711],[43.7114,15.753],[43.7355,15.7539],[43.7511,15.7415],[43.7651,15.7425]]]},"properties":{"id":"YE2914","gov":"YE29","ar":"السود","en":"As Sawd"}},{"type":"Feature","geometry":{"type":"Polygon","coordinates":[[[50.097,16.6578],[50.0606,16.6587],[50.0036,16.6649],[49.9807,16.6704],[49.9367,16.6727],[49.9038,16.6698],[49.8745,16.6654],[49.8328,16.6544],[49.7999,16.6423],[49.7117,16.6024],[49.6259,16.5676],[49.5782,16.5507],[49.5483,16.5431],[49.5124,16.5379],[49.4702,16.5407],[49.4312,16.5415],[49.4069,16.5402],[49.3741,16.5338],[49.3149,16.5148],[49.2851,16.5027],[49.2576,16.4939],[49.2468,16.4695],[49.2429,16.4556],[49.2561,16.4404],[49.2774,16.4368],[49.2817,16.4264],[49.2499,16.4102],[49.2395,16.4003],[49.2295,16.3794],[49.2247,16.3575],[49.2278,16.3368],[49.2381,16.3198],[49.2206,16.2999],[49.2239,16.2794],[49.2139,16.2376],[49.2143,16.2009],[49.2281,16.1411],[49.2352,16.1054],[49.2595,16.0694],[49.2746,16.0436],[49.2805,16.0226],[49.2825,15.9947],[49.2751,15.9687],[49.2507,15.9217],[49.2476,15.9084],[49.2512,15.8475],[49.2494,15.8085],[49.2804,15.8058],[49.3135,15.81],[49.3365,15.8105],[49.3829,15.8082],[49.4256,15.8117],[49.4638,15.8109],[49.4907,15.7986],[49.5098,15.7836],[49.5224,15.7647],[49.5296,15.7483],[49.543,15.6934],[49.5489,15.6641],[49.5537,15.6124],[49.5585,15.5879],[49.5592,15.5732],[49.5539,15.5527],[49.56,15.5395],[49.5843,15.5151],[49.5986,15.4981],[49.6281,15.4463],[49.6502,15.4185],[49.6766,15.3945],[49.6886,15.3871],[49.6998,15.3879],[49.7284,15.4073],[49.7661,15.4199],[49.7856,15.421],[49.8084,15.4153],[49.8324,15.3924],[49.8402,15.378],[49.8588,15.373],[49.8745,15.3754],[49.9289,15.3882],[49.9958,15.3911],[50.0159,15.3968],[50.035,15.4058],[50.0646,15.4159],[50.115,15.4271],[50.1704,15.4305],[50.185,15.4288],[50.1878,15.4337],[50.2205,15.4601],[50.2305,15.4716],[50.2421,15.5093],[50.2565,15.5073],[50.2667,15.5182],[50.2707,15.5439],[50.2682,15.5536],[50.2725,15.5693],[50.2634,15.5819],[50.27,15.5891],[50.2347,15.5956],[50.2073,15.6117],[50.1711,15.6075],[50.1418,15.6151],[50.131,15.627],[50.126,15.6406],[50.1172,15.6531],[50.1169,15.6676],[50.131,15.688],[50.1297,15.699],[50.1337,15.7132],[50.128,15.7273],[50.14,15.7485],[50.1499,15.75],[50.1557,15.7633],[50.1562,15.7844],[50.1416,15.8047],[50.1382,15.8141],[50.1418,15.8409],[50.1491,15.8606],[50.1668,15.8702],[50.157,15.886],[50.163,15.895],[50.1508,15.9106],[50.1602,15.9265],[50.1841,15.9381],[50.2045,15.9621],[50.2048,15.9828],[50.2203,16.0038],[50.2263,16.0256],[50.2302,16.0333],[50.2574,16.065],[50.2629,16.0786],[50.2571,16.0867],[50.2438,16.0938],[50.2279,16.1211],[50.2142,16.1268],[50.1936,16.1423],[50.1583,16.1546],[50.1588,16.1677],[50.1641,16.1817],[50.1656,16.2179],[50.1701,16.2331],[50.1932,16.2542],[50.1994,16.2685],[50.1991,16.2891],[50.2106,16.312],[50.2149,16.3743],[50.2385,16.4098],[50.2382,16.43],[50.2492,16.4525],[50.2508,16.4729],[50.2597,16.4865],[50.2586,16.5056],[50.2704,16.5154],[50.2612,16.5205],[50.257,16.5295],[50.2446,16.5382],[50.2202,16.5457],[50.2169,16.5582],[50.2343,16.5779],[50.239,16.5932],[50.2599,16.6094],[50.2562,16.6182],[50.2471,16.6233],[50.244,16.6327],[50.2256,16.6427],[50.2178,16.6546],[50.1725,16.6573],[50.097,16.6578]]]},"properties":{"id":"YE1912","gov":"YE19","ar":"السوم","en":"As Sawm"}},{"type":"Feature","geometry":{"type":"Polygon","coordinates":[[[46.005,14.2191],[45.9873,14.2301],[45.9796,14.2429],[45.9859,14.255],[45.9815,14.2676],[45.9705,14.2687],[45.9751,14.2798],[45.9694,14.2909],[45.9697,14.3097],[45.9773,14.3166],[45.972,14.3271],[45.9531,14.3439],[45.939,14.3614],[45.8701,14.3446],[45.8518,14.3469],[45.8443,14.3337],[45.8308,14.3269],[45.8232,14.315],[45.8015,14.2984],[45.7993,14.2855],[45.8,14.2626],[45.7858,14.2547],[45.7494,14.2751],[45.7363,14.2798],[45.6897,14.2735],[45.6575,14.2649],[45.5902,14.2275],[45.5935,14.2103],[45.5949,14.1791],[45.598,14.1708],[45.6214,14.146],[45.6278,14.1353],[45.6253,14.1166],[45.6367,14.1089],[45.6273,14.0751],[45.6316,14.0323],[45.6512,13.9924],[45.6696,14.0007],[45.6834,14.0007],[45.7245,14.0155],[45.7686,14.0234],[45.7833,14.0343],[45.7991,14.0572],[45.8231,14.1035],[45.8191,14.1238],[45.8256,14.1348],[45.8744,14.1539],[45.9213,14.179],[45.957,14.1913],[46.005,14.2191]]]},"properties":{"id":"YE1404","gov":"YE14","ar":"الصومعه","en":"As Sawma'ah"}},{"type":"Feature","geometry":{"type":"Polygon","coordinates":[[[44.2188,13.2882],[44.2259,13.2974],[44.2259,13.3067],[44.219,13.3283],[44.2293,13.3288],[44.2437,13.3387],[44.2563,13.3526],[44.2614,13.3674],[44.1994,13.4004],[44.181,13.4037],[44.1768,13.3994],[44.1664,13.381],[44.1664,13.3577],[44.1537,13.3479],[44.1508,13.3273],[44.162,13.3185],[44.1704,13.3196],[44.2,13.3058],[44.2174,13.294],[44.2188,13.2882]]]},"properties":{"id":"YE1513","gov":"YE15","ar":"الصلو","en":"As Silw"}},{"type":"Feature","geometry":{"type":"Polygon","coordinates":[[[43.8191,15.9927],[43.7943,15.988],[43.7971,16.0045],[43.7883,16.03],[43.787,16.0438],[43.7798,16.0527],[43.7681,16.0555],[43.7583,16.0374],[43.7456,15.9926],[43.7483,15.9816],[43.7377,15.9792],[43.723,15.9819],[43.7131,15.9789],[43.7185,15.9522],[43.708,15.941],[43.7042,15.9152],[43.7152,15.8831],[43.7268,15.8845],[43.736,15.8793],[43.7435,15.884],[43.762,15.8797],[43.7831,15.8848],[43.8024,15.9059],[43.8303,15.922],[43.8484,15.943],[43.839,15.9716],[43.8287,15.979],[43.8191,15.9927]]]},"properties":{"id":"YE2913","gov":"YE29","ar":"السوده","en":"As Sudah"}},{"type":"Feature","geometry":{"type":"Polygon","coordinates":[[[43.4012,14.8504],[43.3668,14.8512],[43.3367,14.8378],[43.323,14.8206],[43.3078,14.8152],[43.2851,14.8198],[43.2702,14.8037],[43.2618,14.7991],[43.2539,14.7789],[43.2392,14.7688],[43.1977,14.7641],[43.1771,14.7507],[43.1667,14.7256],[43.1661,14.7164],[43.2136,14.6857],[43.235,14.6798],[43.2429,14.6561],[43.2498,14.6548],[43.2528,14.6428],[43.2645,14.6401],[43.2768,14.6496],[43.2836,14.6483],[43.2789,14.6723],[43.2598,14.7115],[43.2645,14.7201],[43.2779,14.7219],[43.2939,14.7305],[43.3154,14.7302],[43.3513,14.7237],[43.367,14.7162],[43.3742,14.7082],[43.393,14.7176],[43.4128,14.7211],[43.4214,14.7395],[43.4355,14.7447],[43.4472,14.7413],[43.4632,14.7203],[43.4726,14.7147],[43.4761,14.6971],[43.4867,14.706],[43.5085,14.7157],[43.5137,14.7292],[43.5116,14.7363],[43.497,14.7563],[43.4819,14.7981],[43.4732,14.8158],[43.4475,14.8172],[43.4382,14.8137],[43.4211,14.818],[43.4024,14.8384],[43.4012,14.8504]]]},"properties":{"id":"YE1815","gov":"YE18","ar":"السخنه","en":"As Sukhnah"}},{"type":"Feature","geometry":{"type":"Polygon","coordinates":[[[44.3915,14.0778],[44.3709,14.0844],[44.3503,14.0879],[44.3161,14.0861],[44.3055,14.0997],[44.287,14.0878],[44.2776,14.0955],[44.2709,14.0909],[44.2791,14.0768],[44.3093,14.0503],[44.3064,14.0281],[44.3321,14.014],[44.3616,13.987],[44.3714,13.9989],[44.3696,14.0115],[44.3901,14.0096],[44.4099,13.9861],[44.4008,13.9796],[44.4165,13.9674],[44.4387,13.9668],[44.4519,13.9741],[44.4456,13.9916],[44.436,14.0064],[44.436,14.0157],[44.4291,14.0322],[44.4315,14.0462],[44.4177,14.0613],[44.3936,14.0648],[44.3915,14.0778]]]},"properties":{"id":"YE1105","gov":"YE11","ar":"الشعر","en":"Ash Sha'ir"}},{"type":"Feature","geometry":{"type":"Polygon","coordinates":[[[43.5071,15.6673],[43.4842,15.6702],[43.4732,15.6666],[43.4762,15.6548],[43.4698,15.6418],[43.4476,15.6598],[43.4371,15.6542],[43.4355,15.6271],[43.4465,15.6268],[43.4459,15.608],[43.4503,15.5926],[43.4494,15.5825],[43.4424,15.5722],[43.4314,15.5654],[43.437,15.5468],[43.4456,15.5467],[43.4602,15.5589],[43.4715,15.5503],[43.4841,15.547],[43.499,15.5442],[43.5072,15.5515],[43.5489,15.5467],[43.5567,15.5729],[43.5719,15.5896],[43.5648,15.6],[43.5691,15.6075],[43.5591,15.6142],[43.5378,15.6128],[43.5242,15.6357],[43.5242,15.6496],[43.5071,15.6673]]]},"properties":{"id":"YE1725","gov":"YE17","ar":"الشغادره","en":"Ash Shaghadirah"}},{"type":"Feature","geometry":{"type":"Polygon","coordinates":[[[43.519,15.8587],[43.4838,15.878],[43.4719,15.8902],[43.4555,15.8975],[43.4359,15.8931],[43.4215,15.8928],[43.4031,15.8905],[43.3919,15.8967],[43.3761,15.8897],[43.372,15.8798],[43.3766,15.857],[43.3906,15.8474],[43.3954,15.8342],[43.4127,15.8148],[43.4315,15.813],[43.4585,15.8191],[43.4544,15.8326],[43.4657,15.836],[43.4784,15.8297],[43.5115,15.8262],[43.5186,15.8431],[43.519,15.8587]]]},"properties":{"id":"YE1721","gov":"YE17","ar":"الشاهل","en":"Ash Shahil"}},{"type":"Feature","geometry":{"type":"Polygon","coordinates":[[[43.9828,13.2842],[43.9626,13.2913],[43.9447,13.2751],[43.917,13.2745],[43.8964,13.2797],[43.8603,13.2851],[43.8459,13.2924],[43.8227,13.2949],[43.7823,13.2876],[43.7904,13.279],[43.8054,13.2553],[43.8055,13.2422],[43.7977,13.222],[43.8065,13.2028],[43.8265,13.1853],[43.8686,13.1795],[43.875,13.1313],[43.865,13.1194],[43.8848,13.0978],[43.8939,13.1011],[43.9094,13.0971],[43.9255,13.0877],[43.9357,13.088],[43.9459,13.0658],[43.9735,13.0519],[44.0014,13.0714],[44.0096,13.0878],[43.9891,13.1038],[43.9997,13.1325],[44.0095,13.1263],[44.0252,13.107],[44.0506,13.0901],[44.078,13.0906],[44.0854,13.1044],[44.0818,13.1306],[44.0846,13.1522],[44.0945,13.1612],[44.1025,13.1533],[44.1551,13.1515],[44.1504,13.1659],[44.139,13.1784],[44.1292,13.195],[44.138,13.2029],[44.172,13.2045],[44.1656,13.2232],[44.1649,13.2422],[44.1711,13.2511],[44.1552,13.2597],[44.1458,13.2534],[44.1311,13.2504],[44.1172,13.2576],[44.0992,13.2468],[44.0851,13.2432],[44.0355,13.2569],[43.9828,13.2842]]]},"properties":{"id":"YE1514","gov":"YE15","ar":"الشمايتين","en":"Ash Shamayatayn"}},{"type":"Feature","geometry":{"type":"Polygon","coordinates":[[[45.2089,14.3864],[45.2198,14.4181],[45.1854,14.4778],[45.1869,14.5043],[45.1662,14.4998],[45.131,14.487],[45.0404,14.4691],[45.0164,14.4602],[44.9796,14.4375],[44.9647,14.4233],[44.9509,14.4052],[44.9411,14.4042],[44.9623,14.3295],[44.9646,14.318],[44.9658,14.2711],[44.9576,14.2369],[44.9962,14.2192],[45.0065,14.197],[45.0159,14.1871],[45.0508,14.1671],[45.0648,14.1424],[45.0683,14.1202],[45.06,14.1134],[45.0648,14.0938],[45.1176,14.0874],[45.1355,14.0635],[45.1394,14.0737],[45.1512,14.0844],[45.1582,14.101],[45.1595,14.1163],[45.1681,14.136],[45.1653,14.1447],[45.1683,14.1734],[45.1744,14.1795],[45.1997,14.192],[45.2008,14.2266],[45.1881,14.2728],[45.1739,14.3319],[45.1933,14.3592],[45.2089,14.3864]]]},"properties":{"id":"YE1419","gov":"YE14","ar":"الشريه","en":"Ash Sharyah"}},{"type":"Feature","geometry":{"type":"Polygon","coordinates":[[[45.0218,12.8477],[45.0313,12.8478],[45.0487,12.9133],[45.0467,12.9232],[45.002,12.8892],[44.9877,12.8856],[44.9794,12.8788],[44.9902,12.8652],[45.0089,12.865],[45.0218,12.8477]]]},"properties":{"id":"YE2402","gov":"YE24","ar":"الشيخ عثمان","en":"Ash Shaykh Othman"}},{"type":"Feature","geometry":{"type":"Polygon","coordinates":[[[49.7759,15.1781],[49.7462,15.1818],[49.7037,15.181],[49.6567,15.1733],[49.6196,15.163],[49.5594,15.1411],[49.5433,15.1389],[49.4783,15.1404],[49.4213,15.1463],[49.4004,15.1408],[49.3831,15.1262],[49.3656,15.1051],[49.3534,15.0859],[49.3543,15.073],[49.3646,15.0609],[49.3665,15.0471],[49.364,15.0331],[49.3695,15.0133],[49.3636,14.9936],[49.3657,14.9748],[49.3792,14.9483],[49.402,14.9091],[49.4328,14.8619],[49.4393,14.8487],[49.4595,14.7978],[49.464,14.7766],[49.4619,14.7154],[49.4657,14.6867],[49.4904,14.6954],[49.53,14.7188],[49.5601,14.7347],[49.5925,14.7476],[49.683,14.7733],[49.7062,14.7786],[49.7367,14.7814],[49.7874,14.7956],[49.8217,14.8089],[49.8498,14.814],[49.8638,14.8211],[49.8524,14.8406],[49.8433,14.867],[49.8308,14.884],[49.8032,14.8942],[49.7916,14.9043],[49.7667,14.9386],[49.7605,14.9573],[49.7709,14.9658],[49.8108,14.9778],[49.8311,14.9884],[49.8443,15.0184],[49.8443,15.0388],[49.8403,15.0788],[49.8359,15.1021],[49.8236,15.1141],[49.8144,15.1172],[49.8128,15.1317],[49.8064,15.1518],[49.7989,15.1637],[49.7759,15.1781]]]},"properties":{"id":"YE1915","gov":"YE19","ar":"الشحر","en":"Ash Shihr"}},{"type":"Feature","geometry":{"type":"Polygon","coordinates":[[[45.1157,13.8967],[45.0967,13.8924],[45.0869,13.8933],[45.0567,13.8823],[45.0455,13.8805],[45.0303,13.866],[45.0252,13.8739],[45.0027,13.8717],[44.9807,13.874],[44.9719,13.8693],[44.9494,13.8837],[44.9302,13.8846],[44.9254,13.8919],[44.9148,13.8903],[44.9032,13.8941],[44.9017,13.9012],[44.876,13.9139],[44.8508,13.9161],[44.8447,13.9229],[44.8286,13.9034],[44.818,13.9],[44.8079,13.853],[44.8004,13.8439],[44.8283,13.815],[44.8481,13.7992],[44.9139,13.7748],[44.9239,13.7664],[44.9421,13.7443],[44.9564,13.7563],[44.9604,13.7678],[44.9785,13.7749],[44.9945,13.792],[45.0446,13.8037],[45.0535,13.8079],[45.0739,13.8093],[45.0798,13.8143],[45.0874,13.8304],[45.0962,13.8503],[45.1026,13.8752],[45.1157,13.8967]]]},"properties":{"id":"YE3004","gov":"YE30","ar":"الشعيب","en":"Ash Shu'ayb"}},{"type":"Feature","geometry":{"type":"Polygon","coordinates":[[[43.3433,15.9584],[43.3452,15.9857],[43.3637,15.9964],[43.367,16.0044],[43.3568,16.0202],[43.3498,16.0179],[43.3492,16.0386],[43.3524,16.0449],[43.3485,16.0591],[43.3566,16.0722],[43.3543,16.0817],[43.3439,16.0909],[43.3359,16.1082],[43.3223,16.1147],[43.2769,16.1567],[43.2737,16.1633],[43.2769,16.1759],[43.2658,16.1827],[43.2499,16.1843],[43.2453,16.1752],[43.2292,16.1792],[43.2282,16.1593],[43.2343,16.1314],[43.2299,16.1042],[43.2232,16.0852],[43.2238,16.0486],[43.2293,16.0403],[43.2572,16.0245],[43.259,16.0181],[43.2749,15.9965],[43.2827,15.9823],[43.2899,15.9569],[43.3074,15.9429],[43.3427,15.9331],[43.3455,15.9501],[43.3433,15.9584]]]},"properties":{"id":"YE1712","gov":"YE17","ar":"اسلم","en":"Aslam"}},{"type":"Feature","geometry":{"type":"Polygon","coordinates":[[[44.1654,13.75],[44.1257,13.747],[44.1182,13.7549],[44.0989,13.7672],[44.0891,13.7827],[44.0801,13.7811],[44.0773,13.771],[44.0581,13.7672],[44.0386,13.7694],[44.0108,13.7797],[43.9822,13.8001],[43.9726,13.7899],[43.953,13.7948],[43.9496,13.7791],[43.9619,13.7536],[43.9655,13.7351],[43.9608,13.7232],[43.976,13.7089],[43.9812,13.6984],[43.9683,13.6834],[43.9493,13.6755],[43.9455,13.7017],[43.9265,13.7083],[43.9154,13.7278],[43.8978,13.7208],[43.8835,13.6865],[43.8741,13.677],[43.8617,13.6856],[43.8637,13.6966],[43.857,13.7054],[43.8483,13.6874],[43.8294,13.7012],[43.8211,13.6958],[43.8223,13.6772],[43.8293,13.6652],[43.838,13.6585],[43.8602,13.6542],[43.8638,13.6404],[43.8627,13.5921],[43.8611,13.58],[43.8661,13.5673],[43.8837,13.5751],[43.8937,13.5678],[43.9349,13.568],[43.9403,13.5781],[43.9568,13.5898],[43.966,13.601],[43.976,13.5929],[44.0048,13.5938],[43.9966,13.6117],[44.0164,13.6146],[44.023,13.602],[44.0741,13.6032],[44.0994,13.6015],[44.1036,13.6085],[44.1148,13.5913],[44.1269,13.5845],[44.1376,13.6016],[44.1344,13.6134],[44.1545,13.6071],[44.1716,13.6099],[44.1839,13.6153],[44.2102,13.6136],[44.2109,13.6269],[44.1993,13.651],[44.1762,13.6507],[44.1709,13.69],[44.1894,13.7041],[44.1978,13.7176],[44.1918,13.7291],[44.1825,13.7341],[44.1707,13.7492],[44.1654,13.75]]]},"properties":{"id":"YE1520","gov":"YE15","ar":"التعزيه","en":"At Ta'iziyah"}},{"type":"Feature","geometry":{"type":"Polygon","coordinates":[[[45.5066,14.233],[45.508,14.2753],[45.5064,14.2997],[45.5015,14.3274],[45.4889,14.352],[45.477,14.3308],[45.4619,14.3251],[45.435,14.3228],[45.4252,14.3093],[45.3882,14.2758],[45.3781,14.2597],[45.3634,14.2528],[45.3549,14.2551],[45.3475,14.2466],[45.3321,14.2423],[45.324,14.2114],[45.3001,14.1819],[45.2729,14.1729],[45.2594,14.1928],[45.1997,14.192],[45.1744,14.1795],[45.1683,14.1734],[45.1653,14.1447],[45.1681,14.136],[45.1595,14.1163],[45.1582,14.101],[45.1512,14.0844],[45.1394,14.0737],[45.1355,14.0635],[45.1477,14.0529],[45.1525,14.0247],[45.1516,13.9802],[45.1634,13.9817],[45.1925,13.9732],[45.2138,13.9811],[45.2336,13.9832],[45.2604,13.995],[45.2855,14.0226],[45.317,14.0411],[45.3342,14.0533],[45.3546,14.0579],[45.3603,14.0696],[45.3876,14.097],[45.4134,14.1226],[45.4258,14.1444],[45.4585,14.1849],[45.4685,14.1919],[45.4824,14.2042],[45.5066,14.233]]]},"properties":{"id":"YE1407","gov":"YE14","ar":"الطفه","en":"At Taffah"}},{"type":"Feature","geometry":{"type":"Polygon","coordinates":[[[44.2075,15.3596],[44.1919,15.3634],[44.1905,15.3441],[44.2063,15.3483],[44.2075,15.3596]]]},"properties":{"id":"YE1307","gov":"YE13","ar":"التحرير","en":"At Tahrir"}},{"type":"Feature","geometry":{"type":"Polygon","coordinates":[[[47.5965,15.2217],[47.6037,15.2414],[47.6055,15.2569],[47.6173,15.2681],[47.626,15.2813],[47.6146,15.2926],[47.6203,15.3619],[47.6094,15.356],[47.5887,15.3524],[47.5721,15.3443],[47.5544,15.3439],[47.5259,15.3302],[47.5094,15.3293],[47.4957,15.3222],[47.4801,15.3279],[47.4643,15.3228],[47.4594,15.3002],[47.4374,15.3091],[47.4268,15.2971],[47.4085,15.3045],[47.393,15.2918],[47.3811,15.2665],[47.3652,15.2479],[47.3253,15.2177],[47.3099,15.1978],[47.2926,15.1598],[47.2771,15.1406],[47.2511,15.1218],[47.2345,15.1176],[47.21,15.1178],[47.2002,15.1389],[47.1972,15.1559],[47.1854,15.1651],[47.1687,15.1578],[47.1432,15.1515],[47.0972,15.1267],[47.0515,15.0954],[47.0809,15.0477],[47.1184,15.0395],[47.1256,15.0355],[47.1428,15.007],[47.1467,14.9514],[47.1439,14.9334],[47.1516,14.9193],[47.1779,14.9154],[47.21,14.9075],[47.2235,14.8991],[47.2424,14.8732],[47.2578,14.8646],[47.3019,14.8631],[47.3425,14.8527],[47.3895,14.8357],[47.4045,14.8291],[47.4235,14.8248],[47.4336,14.8479],[47.4436,14.8608],[47.4598,14.8711],[47.5045,14.8891],[47.5203,14.901],[47.5267,14.9102],[47.5369,14.9366],[47.573,14.9549],[47.6124,14.9828],[47.6473,15.0093],[47.6561,15.0225],[47.6611,15.0377],[47.6624,15.0532],[47.6473,15.0722],[47.6284,15.0874],[47.6186,15.0999],[47.5839,15.134],[47.5764,15.1537],[47.5764,15.1653],[47.5822,15.1813],[47.5859,15.2046],[47.5965,15.2217]]]},"properties":{"id":"YE2102","gov":"YE21","ar":"الطلح","en":"At Talh"}},{"type":"Feature","geometry":{"type":"Polygon","coordinates":[[[44.9979,12.7957],[44.9721,12.7866],[44.9744,12.7757],[45.0053,12.7587],[45.0087,12.7791],[44.9993,12.7863],[44.9979,12.7957]]]},"properties":{"id":"YE2405","gov":"YE24","ar":"التواهي","en":"At Tawahi"}},{"type":"Feature","geometry":{"type":"Polygon","coordinates":[[[43.8129,15.5686],[43.7996,15.5808],[43.784,15.5757],[43.774,15.5519],[43.7599,15.5427],[43.7478,15.5412],[43.739,15.5441],[43.7216,15.5278],[43.7146,15.528],[43.6982,15.5423],[43.68,15.5534],[43.6642,15.5398],[43.6521,15.5342],[43.6611,15.5081],[43.6697,15.4988],[43.6888,15.4882],[43.6926,15.4746],[43.7052,15.4722],[43.7122,15.4594],[43.7285,15.4594],[43.7359,15.4654],[43.7453,15.4611],[43.7489,15.4329],[43.7411,15.4277],[43.7457,15.4107],[43.7562,15.405],[43.7643,15.3657],[43.7721,15.3536],[43.7822,15.3453],[43.8054,15.3729],[43.8268,15.3759],[43.8407,15.3739],[43.8491,15.3825],[43.8476,15.4213],[43.8492,15.4428],[43.8461,15.4562],[43.831,15.4604],[43.8155,15.4508],[43.804,15.4508],[43.7881,15.4639],[43.7843,15.4771],[43.77,15.4919],[43.7728,15.5025],[43.783,15.5082],[43.7998,15.5303],[43.8097,15.5519],[43.8129,15.5686]]]},"properties":{"id":"YE2702","gov":"YE27","ar":"الطويله","en":"At Tawilah"}},{"type":"Feature","geometry":{"type":"Polygon","coordinates":[[[43.2864,13.9033],[43.2759,14.125],[43.2804,14.1353],[43.2899,14.1422],[43.2905,14.1678],[43.3007,14.174],[43.3015,14.1874],[43.296,14.1993],[43.2958,14.2144],[43.265,14.2193],[43.1204,14.2616],[43.1135,14.2781],[43.0554,14.2646],[43.0505,14.2644],[43.069,14.2326],[43.0751,14.2125],[43.0755,14.1827],[43.0851,14.1624],[43.0897,14.1399],[43.0891,14.1239],[43.1085,14.0873],[43.1073,14.0782],[43.0977,14.0641],[43.1119,14.0562],[43.1225,14.0424],[43.1272,14.0262],[43.1463,14.0069],[43.1455,13.9867],[43.1547,13.9765],[43.1603,13.9532],[43.1858,13.9367],[43.2013,13.9173],[43.2016,13.9049],[43.2178,13.8973],[43.2411,13.9009],[43.2864,13.9033]]]},"properties":{"id":"YE1826","gov":"YE18","ar":"التحيتا","en":"At Tuhayta"}},{"type":"Feature","geometry":{"type":"MultiPolygon","coordinates":[[[[44.5286,15.4729],[44.5147,15.4713],[44.5015,15.4802],[44.4941,15.4668],[44.4671,15.4634],[44.4454,15.4573],[44.4179,15.4427],[44.4008,15.4104],[44.3917,15.3848],[44.3835,15.3757],[44.3901,15.3636],[44.4096,15.3637],[44.4334,15.3773],[44.4432,15.38],[44.4516,15.3719],[44.4502,15.3543],[44.4314,15.327],[44.5148,15.311],[44.5562,15.3068],[44.5848,15.2965],[44.5913,15.2962],[44.5927,15.3113],[44.6057,15.3334],[44.6089,15.351],[44.6439,15.3461],[44.6658,15.3407],[44.6773,15.3493],[44.694,15.3569],[44.6946,15.3849],[44.6807,15.4195],[44.6749,15.4265],[44.6608,15.431],[44.6522,15.4295],[44.6129,15.4098],[44.5959,15.4059],[44.562,15.4056],[44.5554,15.4083],[44.5366,15.4333],[44.543,15.4417],[44.5405,15.4578],[44.5304,15.462],[44.5286,15.4729]]],[[[44.6273,15.0592],[44.6436,15.0649],[44.6484,15.0838],[44.6614,15.0965],[44.6646,15.1234],[44.6634,15.1344],[44.6613,15.1534],[44.6549,15.1735],[44.5779,15.1585],[44.5963,15.1422],[44.6142,15.1122],[44.6176,15.0835],[44.6273,15.0592]]]]},"properties":{"id":"YE2313","gov":"YE23","ar":"الطيال","en":"At Tyal"}},{"type":"Feature","geometry":{"type":"Polygon","coordinates":[[[46.9436,14.7577],[46.8093,14.7379],[46.7068,14.7486],[46.6882,14.7621],[46.6828,14.7181],[46.659,14.6396],[46.6545,14.5815],[46.6542,14.5552],[46.6593,14.5138],[46.6639,14.4891],[46.676,14.4483],[46.6819,14.4329],[46.6961,14.4077],[46.729,14.4102],[46.7622,14.4156],[46.8055,14.4133],[46.8376,14.4051],[46.8877,14.396],[46.9262,14.3783],[46.9422,14.3759],[46.9665,14.3794],[47.0077,14.3895],[47.0235,14.4231],[47.0333,14.4642],[47.036,14.4829],[47.0444,14.5347],[47.0462,14.5693],[47.0433,14.5886],[47.0165,14.6264],[46.9704,14.669],[46.9611,14.6793],[46.949,14.6987],[46.9586,14.7301],[46.9542,14.746],[46.9436,14.7577]]]},"properties":{"id":"YE2113","gov":"YE21","ar":"عتق","en":"Ataq"}},{"type":"Feature","geometry":{"type":"Polygon","coordinates":[[[44.2143,15.411],[44.2143,15.4206],[44.1919,15.422],[44.1857,15.4101],[44.1723,15.3931],[44.1784,15.3747],[44.1919,15.3634],[44.2075,15.3596],[44.2077,15.3604],[44.2052,15.374],[44.2126,15.3859],[44.2143,15.411]]]},"properties":{"id":"YE1309","gov":"YE13","ar":"الثوره","en":"Ath Thawrah"}},{"type":"Feature","geometry":{"type":"Polygon","coordinates":[[[45.6011,14.7211],[45.5996,14.73],[45.6066,14.7699],[45.6195,14.8004],[45.6255,14.8059],[45.6416,14.8098],[45.6686,14.8278],[45.6704,14.8355],[45.656,14.8544],[45.6558,14.8626],[45.6719,14.9],[45.6827,14.9381],[45.6915,14.9739],[45.6937,15.0171],[45.7031,15.0574],[45.7084,15.0902],[45.704,15.1316],[45.6951,15.1642],[45.6845,15.1853],[45.601,15.1279],[45.5939,15.1131],[45.5763,15.086],[45.5764,15.0787],[45.5662,15.0615],[45.5622,15.0472],[45.5518,15.0371],[45.5462,15.0153],[45.5385,15.0011],[45.5252,14.9876],[45.5188,14.9767],[45.518,14.9587],[45.5094,14.9401],[45.5074,14.9285],[45.5149,14.9133],[45.5172,14.8986],[45.4999,14.8964],[45.5081,14.8855],[45.5043,14.8695],[45.4952,14.8568],[45.4849,14.8407],[45.4836,14.8029],[45.4793,14.7492],[45.48,14.7318],[45.4875,14.7252],[45.5152,14.7192],[45.5251,14.7141],[45.5907,14.7224],[45.6011,14.7211]]]},"properties":{"id":"YE2106","gov":"YE21","ar":"عين","en":"Ayn"}},{"type":"Feature","geometry":{"type":"Polygon","coordinates":[[[45.4939,14.0338],[45.4782,14.0292],[45.4486,14.028],[45.4337,14.0307],[45.4219,14.0393],[45.4094,14.0614],[45.4049,14.064],[45.3876,14.097],[45.3603,14.0696],[45.3546,14.0579],[45.3689,14.0538],[45.3728,14.0479],[45.3713,14.027],[45.3806,14.0075],[45.3832,13.9716],[45.3763,13.9294],[45.3813,13.9113],[45.395,13.9063],[45.4229,13.9027],[45.4602,13.9026],[45.4697,13.9011],[45.4678,13.9276],[45.4814,13.949],[45.486,13.9663],[45.493,13.9767],[45.4939,14.0338]]]},"properties":{"id":"YE1405","gov":"YE14","ar":"الزاهر","en":"Az Zahir"}},{"type":"Feature","geometry":{"type":"Polygon","coordinates":[[[44.6008,16.3883],[44.5421,16.3819],[44.5152,16.3919],[44.4773,16.3977],[44.4633,16.3894],[44.4503,16.3724],[44.4588,16.3501],[44.4541,16.3386],[44.4606,16.3329],[44.4608,16.3156],[44.4828,16.2903],[44.5067,16.295],[44.5115,16.2743],[44.5187,16.2639],[44.5318,16.272],[44.5353,16.2824],[44.5472,16.2974],[44.6008,16.3883]]]},"properties":{"id":"YE1604","gov":"YE16","ar":"الزاهر","en":"Az Zahir"}},{"type":"Feature","geometry":{"type":"Polygon","coordinates":[[[43.2436,15.4379],[43.1582,15.4392],[43.1528,15.427],[43.1267,15.3993],[43.1064,15.4104],[43.1027,15.4202],[43.1159,15.43],[43.1175,15.4362],[43.1051,15.4455],[43.0864,15.4401],[43.0751,15.4421],[43.0686,15.4227],[43.0735,15.4064],[43.0588,15.401],[43.0466,15.385],[43.0351,15.3649],[43.0219,15.3683],[43.0035,15.3645],[42.9933,15.3578],[42.9842,15.3505],[42.9688,15.3562],[42.9614,15.3538],[42.9547,15.3351],[42.9482,15.3263],[42.9646,15.3133],[42.9722,15.3023],[42.9743,15.2911],[42.965,15.2854],[42.9453,15.2813],[42.9242,15.2814],[42.9229,15.2777],[42.8987,15.2575],[42.8876,15.2393],[42.8889,15.2228],[42.8961,15.2156],[42.9264,15.2113],[42.9176,15.2009],[42.8961,15.1975],[42.877,15.1832],[42.8683,15.1642],[42.8872,15.1614],[42.902,15.1628],[42.9205,15.1561],[42.9327,15.1553],[42.9518,15.1594],[42.9706,15.1547],[42.9853,15.1577],[43.0007,15.1822],[43.0285,15.2137],[43.0525,15.2243],[43.0742,15.2484],[43.0891,15.2584],[43.1051,15.2595],[43.1319,15.2551],[43.145,15.2603],[43.1468,15.2718],[43.1215,15.2898],[43.1187,15.3048],[43.1073,15.3257],[43.1088,15.336],[43.0956,15.3519],[43.0957,15.3664],[43.1262,15.364],[43.1454,15.3674],[43.191,15.3662],[43.2284,15.3624],[43.2476,15.3544],[43.252,15.3619],[43.2565,15.3948],[43.2505,15.4185],[43.2398,15.4307],[43.2436,15.4379]],[[43.0828,15.3667],[43.0702,15.3573],[43.066,15.3653],[43.0828,15.3667]]]},"properties":{"id":"YE1807","gov":"YE18","ar":"الزيديه","en":"Az Zaydiah"}},{"type":"Feature","geometry":{"type":"Polygon","coordinates":[[[43.2433,15.6822],[43.2309,15.6927],[43.2148,15.712],[43.2139,15.7248],[43.2238,15.7433],[43.2397,15.7666],[43.2444,15.8069],[43.2448,15.8401],[43.2431,15.8692],[43.2236,15.8817],[43.2042,15.8847],[43.1803,15.8734],[43.1329,15.8566],[43.1027,15.8428],[43.0305,15.8209],[42.9664,15.814],[42.9278,15.8138],[42.8824,15.8192],[42.889,15.7888],[42.9017,15.7714],[42.9034,15.7608],[42.9116,15.7496],[42.911,15.7399],[42.9176,15.7285],[42.9324,15.7164],[42.9394,15.6975],[42.9496,15.6886],[42.9614,15.6893],[42.9752,15.6972],[42.9883,15.6903],[42.9957,15.6763],[43.0078,15.6648],[43.0382,15.6601],[43.0441,15.6523],[43.06,15.6461],[43.0815,15.6306],[43.1137,15.6334],[43.1288,15.6326],[43.1445,15.6236],[43.1519,15.6121],[43.1653,15.5601],[43.2266,15.5582],[43.2279,15.5703],[43.2245,15.5902],[43.2225,15.6204],[43.2351,15.6684],[43.2433,15.6822]]]},"properties":{"id":"YE1801","gov":"YE18","ar":"الزهره","en":"Az Zuhrah"}},{"type":"Feature","geometry":{"type":"Polygon","coordinates":[[[44.2457,15.3633],[44.2334,15.3629],[44.226,15.3695],[44.2149,15.3602],[44.2227,15.3563],[44.2296,15.3437],[44.2633,15.3445],[44.2605,15.3606],[44.2457,15.3633]]]},"properties":{"id":"YE1303","gov":"YE13","ar":"ازال","en":"Azaal"}},{"type":"Feature","geometry":{"type":"Polygon","coordinates":[[[44.4519,13.9741],[44.4387,13.9668],[44.4165,13.9674],[44.4008,13.9796],[44.4099,13.9861],[44.3901,14.0096],[44.3696,14.0115],[44.3714,13.9989],[44.3616,13.987],[44.3321,14.014],[44.3064,14.0281],[44.3093,14.0503],[44.2791,14.0768],[44.2709,14.0909],[44.2607,14.0847],[44.2401,14.0782],[44.2347,14.0703],[44.2506,14.0497],[44.2359,14.0432],[44.2,14.0406],[44.1877,14.0457],[44.1886,14.0371],[44.2053,14.0297],[44.216,14.0158],[44.2401,13.9917],[44.237,13.9866],[44.2458,13.9735],[44.2242,13.9513],[44.2426,13.9371],[44.2509,13.9462],[44.2612,13.9436],[44.2713,13.9228],[44.2803,13.9134],[44.2988,13.9091],[44.3116,13.9191],[44.3128,13.9289],[44.3072,13.9395],[44.2951,13.9461],[44.2791,13.9488],[44.2719,13.9652],[44.2738,13.9757],[44.3011,13.9719],[44.3179,13.9795],[44.3379,13.9669],[44.3428,13.9564],[44.3644,13.9514],[44.3649,13.9267],[44.3777,13.9197],[44.3917,13.919],[44.3986,13.9057],[44.4337,13.8935],[44.4343,13.8863],[44.4493,13.8867],[44.4738,13.8924],[44.4738,13.9004],[44.4602,13.9144],[44.4467,13.9418],[44.461,13.961],[44.4519,13.9741]]]},"properties":{"id":"YE1113","gov":"YE11","ar":"بعدان","en":"Ba'dan"}},{"type":"Feature","geometry":{"type":"Polygon","coordinates":[[[43.4022,15.1735],[43.383,15.1617],[43.3591,15.1622],[43.3459,15.1732],[43.3405,15.1835],[43.3148,15.1976],[43.2933,15.1967],[43.2818,15.2127],[43.2524,15.2332],[43.2407,15.2221],[43.2346,15.2107],[43.2002,15.1973],[43.1905,15.1884],[43.1615,15.19],[43.154,15.1856],[43.1198,15.1873],[43.0973,15.1865],[43.0796,15.1924],[43.0655,15.1935],[43.053,15.1869],[43.0485,15.1726],[43.037,15.1697],[43.0238,15.1539],[43.009,15.1504],[42.9853,15.1577],[42.9706,15.1547],[42.9518,15.1594],[42.9327,15.1553],[42.9205,15.1561],[42.902,15.1628],[42.8872,15.1614],[42.8683,15.1642],[42.8458,15.1532],[42.8599,15.1355],[42.8673,15.1219],[42.8731,15.1005],[42.8693,15.0893],[42.8605,15.079],[42.868,15.0721],[42.8665,15.043],[42.8714,15.0359],[42.8703,15.0238],[42.8844,15.0024],[42.894,15.0003],[42.9139,14.9847],[42.9278,14.9628],[42.9328,14.9429],[42.9441,14.9252],[42.9524,14.8657],[42.944,14.861],[42.9439,14.8498],[42.9735,14.8526],[42.9897,14.8685],[43.0227,14.8863],[43.0699,14.925],[43.0892,14.9361],[43.1258,14.9469],[43.1498,14.9572],[43.1602,14.9672],[43.1718,14.9694],[43.1843,14.9622],[43.1964,14.9621],[43.2357,14.9737],[43.2452,14.9786],[43.2776,14.9848],[43.313,14.9806],[43.3366,14.9795],[43.3393,14.9728],[43.3557,14.973],[43.3608,14.969],[43.384,14.9721],[43.4013,14.966],[43.4272,14.9737],[43.4338,14.9788],[43.4429,14.9748],[43.4763,14.9836],[43.4977,14.9999],[43.5022,15.0294],[43.4959,15.0483],[43.476,15.0683],[43.4572,15.0743],[43.4462,15.0816],[43.4368,15.0969],[43.4319,15.1266],[43.4258,15.14],[43.4022,15.1735]]]},"properties":{"id":"YE1810","gov":"YE18","ar":"باجل","en":"Bajil"}},{"type":"Feature","geometry":{"type":"Polygon","coordinates":[[[43.2347,16.6428],[43.2269,16.6417],[43.2189,16.6491],[43.2227,16.6342],[43.2339,16.6283],[43.2366,16.6163],[43.2195,16.6165],[43.2156,16.6054],[43.2158,16.5912],[43.2262,16.561],[43.2154,16.5413],[43.1905,16.5162],[43.193,16.5035],[43.2242,16.4964],[43.248,16.4882],[43.2724,16.4732],[43.2758,16.4578],[43.2718,16.4392],[43.2683,16.4011],[43.2691,16.3674],[43.2901,16.368],[43.3197,16.3759],[43.3315,16.3788],[43.3745,16.4174],[43.4054,16.4563],[43.4503,16.4528],[43.4766,16.4456],[43.489,16.436],[43.5012,16.4361],[43.4962,16.6127],[43.4739,16.6121],[43.4424,16.62],[43.4157,16.6143],[43.4068,16.6043],[43.3421,16.598],[43.322,16.6048],[43.3075,16.6122],[43.2739,16.6337],[43.2455,16.6374],[43.2347,16.6428]]]},"properties":{"id":"YE1701","gov":"YE17","ar":"بكيل المير","en":"Bakil Al Mir"}},{"type":"Feature","geometry":{"type":"Polygon","coordinates":[[[43.6356,15.6102],[43.6249,15.6059],[43.6053,15.617],[43.5964,15.6285],[43.5871,15.6302],[43.5807,15.6181],[43.5819,15.6105],[43.5691,15.6075],[43.5648,15.6],[43.5719,15.5896],[43.5567,15.5729],[43.5489,15.5467],[43.5609,15.5414],[43.5745,15.5419],[43.5841,15.5382],[43.6038,15.542],[43.6237,15.5313],[43.6293,15.5326],[43.6311,15.5385],[43.6478,15.5559],[43.6635,15.5835],[43.6462,15.5969],[43.6389,15.5989],[43.6356,15.6102]]]},"properties":{"id":"YE1727","gov":"YE17","ar":"بني العوام","en":"Bani Al Awam"}},{"type":"Feature","geometry":{"type":"Polygon","coordinates":[[[44.3748,15.5781],[44.3681,15.5887],[44.3613,15.5886],[44.3509,15.5994],[44.3191,15.6117],[44.3061,15.6117],[44.2764,15.6017],[44.271,15.5964],[44.2604,15.5702],[44.2338,15.5664],[44.2313,15.5582],[44.2109,15.5535],[44.2033,15.5328],[44.1938,15.5156],[44.2036,15.5058],[44.1934,15.5018],[44.1942,15.4855],[44.1877,15.4786],[44.1759,15.4803],[44.1638,15.4735],[44.1524,15.4812],[44.1208,15.4626],[44.1238,15.4421],[44.1349,15.4366],[44.1406,15.4403],[44.1532,15.4314],[44.1575,15.4212],[44.1741,15.4173],[44.1857,15.4101],[44.1919,15.422],[44.2143,15.4206],[44.2143,15.411],[44.231,15.4078],[44.236,15.4065],[44.2539,15.4331],[44.2595,15.4458],[44.2911,15.4884],[44.2916,15.5037],[44.2985,15.5166],[44.3192,15.5184],[44.338,15.516],[44.3418,15.5426],[44.3535,15.5456],[44.3706,15.5342],[44.3874,15.5338],[44.4001,15.5392],[44.4053,15.5466],[44.4126,15.5593],[44.3969,15.564],[44.3748,15.5781]]]},"properties":{"id":"YE1310","gov":"YE13","ar":"بني الحارث","en":"Bani Al Harith"}},{"type":"Feature","geometry":{"type":"Polygon","coordinates":[[[45.1059,15.2829],[45.0345,15.315],[44.9581,15.3396],[44.9518,15.325],[44.9335,15.2997],[44.9056,15.2705],[44.8745,15.2543],[44.8444,15.2543],[44.8176,15.265],[44.7847,15.2833],[44.7652,15.2661],[44.7575,15.2423],[44.7653,15.2163],[44.7709,15.1785],[44.7576,15.159],[44.7342,15.1546],[44.6863,15.1351],[44.6634,15.1344],[44.6646,15.1234],[44.6614,15.0965],[44.6484,15.0838],[44.6436,15.0649],[44.6273,15.0592],[44.6484,15.0142],[44.6809,15.0181],[44.697,15.0121],[44.7023,15.0021],[44.7058,14.9301],[44.7143,14.8622],[44.7505,14.8577],[44.7645,14.8362],[44.7951,14.813],[44.8288,14.7605],[44.8862,14.7898],[44.9305,14.8022],[44.9625,14.8063],[44.9579,14.839],[44.9519,14.8636],[44.946,14.8995],[44.9368,14.9387],[44.9368,14.946],[44.945,14.9643],[44.9619,14.9898],[44.9789,15.0092],[45.0073,15.0533],[45.0197,15.0754],[45.0443,15.0847],[45.058,15.0948],[45.0694,15.1089],[45.0801,15.1222],[45.1051,15.2664],[45.1059,15.2829]]]},"properties":{"id":"YE2314","gov":"YE23","ar":"بني ضبيان","en":"Bani Dabyan"}},{"type":"Feature","geometry":{"type":"Polygon","coordinates":[[[44.5286,15.4729],[44.5342,15.4932],[44.5319,15.5124],[44.5197,15.5036],[44.4901,15.5108],[44.4686,15.525],[44.4568,15.5085],[44.4427,15.5128],[44.4308,15.5271],[44.4053,15.5466],[44.4001,15.5392],[44.3874,15.5338],[44.3706,15.5342],[44.3535,15.5456],[44.3418,15.5426],[44.338,15.516],[44.3192,15.5184],[44.2985,15.5166],[44.2916,15.5037],[44.2911,15.4884],[44.2595,15.4458],[44.2539,15.4331],[44.236,15.4065],[44.231,15.4078],[44.2426,15.3897],[44.2457,15.3633],[44.2605,15.3606],[44.2854,15.3592],[44.3121,15.3599],[44.3465,15.3695],[44.3759,15.3817],[44.3835,15.3757],[44.3917,15.3848],[44.4008,15.4104],[44.4179,15.4427],[44.4454,15.4573],[44.4671,15.4634],[44.4941,15.4668],[44.5015,15.4802],[44.5147,15.4713],[44.5286,15.4729]]]},"properties":{"id":"YE2304","gov":"YE23","ar":"بني حشيش","en":"Bani Hushaysh"}},{"type":"Feature","geometry":{"type":"Polygon","coordinates":[[[44.149,15.3552],[44.0996,15.3558],[44.0858,15.3457],[44.0728,15.344],[44.0532,15.3487],[44.0483,15.3613],[44.0204,15.4007],[43.9927,15.4147],[43.9585,15.4209],[43.9551,15.4318],[43.9625,15.4522],[43.9624,15.4696],[43.9564,15.4797],[43.9443,15.4884],[43.9137,15.4989],[43.9213,15.4798],[43.9001,15.4678],[43.8991,15.4591],[43.9147,15.4331],[43.9104,15.418],[43.892,15.4083],[43.8733,15.4051],[43.8644,15.3934],[43.8756,15.3716],[43.8851,15.3635],[43.9029,15.3606],[43.9168,15.3631],[43.9395,15.3782],[43.9493,15.3743],[43.9608,15.3523],[43.9633,15.342],[43.9538,15.2985],[43.9499,15.2581],[43.9712,15.2392],[43.9696,15.2242],[43.9618,15.2126],[43.9747,15.2068],[43.9775,15.1923],[43.9704,15.1804],[43.9675,15.1667],[43.9741,15.1596],[43.9623,15.1425],[43.9642,15.1334],[43.978,15.1189],[43.982,15.1076],[43.9708,15.0874],[43.952,15.0649],[43.9483,15.0232],[43.9542,15.0034],[43.9514,14.9797],[43.9466,14.9598],[43.9486,14.9532],[43.9701,14.941],[43.9733,14.9315],[43.9875,14.9443],[44.0121,14.9616],[44.0226,14.9725],[44.0218,14.9794],[44.0321,14.9926],[44.0486,14.9989],[44.0925,14.999],[44.136,15.0023],[44.1397,15.0151],[44.1618,15.0464],[44.1732,15.077],[44.1738,15.1097],[44.1761,15.1172],[44.212,15.1389],[44.2231,15.1429],[44.2296,15.1553],[44.2279,15.1828],[44.2108,15.1835],[44.2149,15.2008],[44.2087,15.2095],[44.2009,15.2296],[44.1917,15.2311],[44.1864,15.2221],[44.1711,15.2233],[44.1702,15.2372],[44.2027,15.2703],[44.1982,15.2805],[44.1722,15.2858],[44.1605,15.2873],[44.1538,15.2947],[44.1399,15.2953],[44.1396,15.3035],[44.1499,15.3055],[44.1508,15.3167],[44.1669,15.3125],[44.1777,15.3249],[44.1765,15.3293],[44.1592,15.34],[44.1491,15.3416],[44.149,15.3552]]]},"properties":{"id":"YE2307","gov":"YE23","ar":"بني مطر","en":"Bani Matar"}},{"type":"Feature","geometry":{"type":"Polygon","coordinates":[[[43.4436,15.7386],[43.4292,15.7383],[43.4149,15.7434],[43.3978,15.7563],[43.3764,15.7556],[43.3735,15.7438],[43.3616,15.7335],[43.3529,15.7359],[43.3335,15.7496],[43.3177,15.7494],[43.2847,15.731],[43.2697,15.7128],[43.2702,15.6971],[43.2667,15.6816],[43.2433,15.6822],[43.2351,15.6684],[43.2225,15.6204],[43.2245,15.5902],[43.2279,15.5703],[43.2266,15.5582],[43.2236,15.539],[43.2249,15.5058],[43.245,15.5095],[43.2896,15.5281],[43.3235,15.5353],[43.3634,15.5364],[43.3784,15.5414],[43.4153,15.5477],[43.437,15.5468],[43.4314,15.5654],[43.4424,15.5722],[43.4494,15.5825],[43.4503,15.5926],[43.4459,15.608],[43.4465,15.6268],[43.4355,15.6271],[43.4371,15.6542],[43.4476,15.6598],[43.4371,15.6739],[43.4317,15.6868],[43.421,15.696],[43.4283,15.7039],[43.4432,15.7089],[43.4403,15.7171],[43.4436,15.7386]]]},"properties":{"id":"YE1724","gov":"YE17","ar":"بني قيس الطور","en":"Bani Qays"}},{"type":"Feature","geometry":{"type":"Polygon","coordinates":[[[43.6427,15.2699],[43.6434,15.2797],[43.6272,15.2968],[43.6158,15.3151],[43.6001,15.3285],[43.5692,15.322],[43.5624,15.3282],[43.5528,15.3456],[43.5424,15.3454],[43.5376,15.3892],[43.5188,15.409],[43.5195,15.4141],[43.4988,15.4206],[43.4906,15.4181],[43.4911,15.3993],[43.4835,15.381],[43.4892,15.3715],[43.4779,15.3681],[43.4813,15.3453],[43.4804,15.326],[43.4446,15.3105],[43.4369,15.3128],[43.4313,15.2928],[43.4219,15.2736],[43.4144,15.2602],[43.4005,15.2581],[43.3909,15.1977],[43.3853,15.1929],[43.4022,15.1735],[43.4258,15.14],[43.4319,15.1266],[43.4368,15.0969],[43.4462,15.0816],[43.4572,15.0743],[43.476,15.0683],[43.4959,15.0483],[43.5122,15.0484],[43.5218,15.0545],[43.5335,15.0909],[43.5512,15.0984],[43.5548,15.1092],[43.5638,15.1206],[43.5562,15.1463],[43.55,15.1604],[43.5491,15.1804],[43.553,15.1993],[43.5666,15.2228],[43.5796,15.2352],[43.6057,15.2359],[43.6261,15.2443],[43.6304,15.2516],[43.643,15.2554],[43.6427,15.2699]]]},"properties":{"id":"YE2707","gov":"YE27","ar":"بني سعد","en":"Bani Sa'd"}},{"type":"Feature","geometry":{"type":"Polygon","coordinates":[[[44.0907,16.1888],[44.0792,16.1893],[44.0538,16.1975],[44.0146,16.207],[43.9486,16.2064],[43.8898,16.2005],[43.8784,16.1825],[43.8778,16.1661],[43.873,16.1554],[43.8561,16.1381],[43.8421,16.1303],[43.8379,16.1229],[43.8691,16.1231],[43.8754,16.1058],[43.8875,16.097],[43.9361,16.0751],[43.9442,16.0664],[43.961,16.0622],[43.9723,16.0716],[43.993,16.0704],[43.9906,16.0588],[44.0283,16.0521],[44.0405,16.054],[44.05,16.0479],[44.0729,16.0552],[44.0649,16.0901],[44.0679,16.1124],[44.0907,16.1888]]]},"properties":{"id":"YE2920","gov":"YE29","ar":"بني صريم","en":"Bani Surim"}},{"type":"Feature","geometry":{"type":"Polygon","coordinates":[[[43.6809,17.3688],[43.6178,17.4261],[43.5665,17.4834],[43.5272,17.5143],[43.5203,17.5091],[43.5062,17.524],[43.4957,17.5269],[43.4846,17.5451],[43.4645,17.5524],[43.4454,17.55],[43.4313,17.5639],[43.4196,17.5658],[43.3992,17.5566],[43.3794,17.5554],[43.3756,17.544],[43.3548,17.5564],[43.3359,17.5398],[43.3102,17.5277],[43.3027,17.5275],[43.2854,17.5173],[43.2604,17.4899],[43.2408,17.4805],[43.2564,17.4579],[43.2942,17.4498],[43.2942,17.4434],[43.3387,17.4479],[43.346,17.4259],[43.3581,17.41],[43.3714,17.4003],[43.3404,17.3951],[43.3437,17.3664],[43.3618,17.3549],[43.3902,17.322],[43.4043,17.3231],[43.4039,17.2905],[43.4099,17.2879],[43.4172,17.2705],[43.4228,17.248],[43.4545,17.2551],[43.4929,17.221],[43.5119,17.2148],[43.5139,17.2402],[43.5035,17.2766],[43.5056,17.287],[43.5134,17.2953],[43.5684,17.3057],[43.5683,17.319],[43.6834,17.3341],[43.6809,17.3688]]]},"properties":{"id":"YE2201","gov":"YE22","ar":"باقم","en":"Baqim"}},{"type":"Feature","geometry":{"type":"Polygon","coordinates":[[[44.9528,17.0527],[44.9085,17.0549],[44.8566,17.0634],[44.835,17.0718],[44.7992,17.0952],[44.7812,17.0995],[44.7544,17.1026],[44.6464,17.1038],[44.5847,17.1057],[44.5535,17.1077],[44.5299,17.094],[44.5194,17.0774],[44.4999,17.0596],[44.4786,17.0538],[44.4607,17.0423],[44.4242,17.022],[44.4043,17.0091],[44.3923,16.9854],[44.3775,16.9632],[44.374,16.9468],[44.3574,16.931],[44.3474,16.9169],[44.3378,16.9197],[44.3289,16.912],[44.3297,16.8919],[44.3138,16.8877],[44.3173,16.8704],[44.3041,16.8676],[44.2915,16.8814],[44.2866,16.8636],[44.2505,16.8086],[44.2431,16.8051],[44.1845,16.7937],[44.1672,16.7937],[44.1476,16.7808],[44.1091,16.7625],[44.121,16.7397],[44.1211,16.7204],[44.2088,16.683],[44.2262,16.6677],[44.2397,16.6604],[44.2853,16.6425],[44.3277,16.6227],[44.3313,16.6505],[44.3419,16.6853],[44.3463,16.7112],[44.367,16.7502],[44.3917,16.7513],[44.4081,16.7594],[44.4421,16.763],[44.4592,16.7619],[44.482,16.7732],[44.514,16.8003],[44.5386,16.8024],[44.5878,16.7988],[44.6034,16.8049],[44.6264,16.8211],[44.6476,16.8468],[44.6634,16.8543],[44.6852,16.8518],[44.6975,16.8554],[44.7228,16.8726],[44.7436,16.8816],[44.7778,16.8876],[44.7914,16.892],[44.8148,16.9059],[44.8354,16.9092],[44.8487,16.9252],[44.8511,16.9375],[44.8615,16.9426],[44.8714,16.9413],[44.8859,16.9518],[44.9529,16.9471],[44.9528,17.0527]]]},"properties":{"id":"YE1610","gov":"YE16","ar":"برط العنان","en":"Barat Al Anan"}},{"type":"Feature","geometry":{"type":"Polygon","coordinates":[[[45.7414,14.5884],[45.7562,14.6112],[45.7723,14.6296],[45.785,14.6493],[45.7954,14.6646],[45.8055,14.6872],[45.8179,14.7356],[45.8292,14.7989],[45.8274,14.8484],[45.8217,14.8738],[45.8089,14.8946],[45.7849,14.903],[45.755,14.9182],[45.7447,14.9133],[45.7331,14.9216],[45.7093,14.9277],[45.6827,14.9381],[45.6719,14.9],[45.6558,14.8626],[45.656,14.8544],[45.6704,14.8355],[45.6686,14.8278],[45.6416,14.8098],[45.6255,14.8059],[45.6195,14.8004],[45.6066,14.7699],[45.5996,14.73],[45.6011,14.7211],[45.6556,14.7199],[45.6776,14.7099],[45.6918,14.6992],[45.6942,14.6926],[45.6893,14.6765],[45.6755,14.6565],[45.6551,14.633],[45.6551,14.6192],[45.6458,14.5973],[45.6458,14.576],[45.6791,14.5773],[45.7061,14.5819],[45.7178,14.5895],[45.7414,14.5884]]]},"properties":{"id":"YE2107","gov":"YE21","ar":"بيحان","en":"Bayhan"}},{"type":"Feature","geometry":{"type":"Polygon","coordinates":[[[43.2836,14.6483],[43.2768,14.6496],[43.2645,14.6401],[43.2528,14.6428],[43.2498,14.6548],[43.2429,14.6561],[43.2397,14.6358],[43.2464,14.6359],[43.2394,14.6016],[43.2411,14.5879],[43.2326,14.5779],[43.2163,14.5711],[43.1443,14.5665],[43.1339,14.5605],[43.1044,14.5197],[43.0786,14.459],[43.0515,14.412],[43.0312,14.3908],[43.0106,14.3792],[43.0187,14.3659],[43.0317,14.3343],[43.036,14.2963],[43.0505,14.2644],[43.0554,14.2646],[43.1135,14.2781],[43.1251,14.2808],[43.1405,14.3051],[43.1512,14.3108],[43.1936,14.3191],[43.2333,14.3173],[43.2471,14.3219],[43.2583,14.3203],[43.2757,14.3271],[43.2888,14.3398],[43.3085,14.3353],[43.3237,14.3379],[43.3323,14.3433],[43.346,14.3594],[43.3628,14.3655],[43.4087,14.3731],[43.4159,14.376],[43.4561,14.3839],[43.4729,14.3829],[43.4782,14.3761],[43.5038,14.3781],[43.5164,14.3766],[43.5214,14.3884],[43.5339,14.3985],[43.5492,14.4212],[43.548,14.4436],[43.5301,14.4943],[43.5227,14.5204],[43.5109,14.5528],[43.5076,14.5781],[43.5093,14.5936],[43.4932,14.5986],[43.48,14.6199],[43.4849,14.653],[43.4549,14.6503],[43.4421,14.6369],[43.4244,14.6258],[43.4194,14.6365],[43.4043,14.639],[43.3827,14.6553],[43.3703,14.647],[43.3483,14.6468],[43.3211,14.6398],[43.3014,14.6487],[43.2836,14.6483]]]},"properties":{"id":"YE1817","gov":"YE18","ar":"بيت الفقيه","en":"Bayt Al Faqih"}},{"type":"Feature","geometry":{"type":"Polygon","coordinates":[[[44.694,15.3569],[44.6939,15.3512],[44.7057,15.3319],[44.7197,15.3235],[44.7454,15.3172],[44.7571,15.3215],[44.7795,15.3227],[44.7903,15.3272],[44.8026,15.3449],[44.805,15.3672],[44.8073,15.4153],[44.802,15.4308],[44.7899,15.4471],[44.7638,15.4664],[44.7503,15.4888],[44.7279,15.4747],[44.702,15.4564],[44.6749,15.4265],[44.6807,15.4195],[44.6946,15.3849],[44.694,15.3569]]]},"properties":{"id":"YE2605","gov":"YE26","ar":"بدبده","en":"Bidbadah"}},{"type":"Feature","geometry":{"type":"Polygon","coordinates":[[[44.3685,15.0703],[44.3406,15.0729],[44.3144,15.0894],[44.2963,15.1191],[44.281,15.1227],[44.2619,15.1137],[44.2488,15.1152],[44.2442,15.1271],[44.2253,15.1382],[44.2231,15.1429],[44.212,15.1389],[44.1761,15.1172],[44.1738,15.1097],[44.1732,15.077],[44.1618,15.0464],[44.1397,15.0151],[44.136,15.0023],[44.1765,14.9908],[44.1895,14.9848],[44.214,14.9625],[44.226,14.9275],[44.2993,14.9277],[44.3506,14.9278],[44.355,14.9506],[44.3445,14.9713],[44.3539,14.9856],[44.3667,14.9843],[44.3613,15.0188],[44.3685,15.0703]]]},"properties":{"id":"YE2306","gov":"YE23","ar":"بلاد الروس","en":"Bilad Ar Rus"}},{"type":"Feature","geometry":{"type":"Polygon","coordinates":[[[43.7156,14.8606],[43.7051,14.8728],[43.6794,14.8838],[43.6657,14.8959],[43.6586,14.9105],[43.6437,14.9261],[43.6185,14.9316],[43.5846,14.9464],[43.57,14.9466],[43.5713,14.9321],[43.5672,14.9085],[43.5517,14.9003],[43.5421,14.8902],[43.525,14.8856],[43.5054,14.8761],[43.5005,14.8626],[43.5014,14.8457],[43.4848,14.8322],[43.4793,14.8182],[43.4732,14.8158],[43.4819,14.7981],[43.497,14.7563],[43.5116,14.7363],[43.5137,14.7292],[43.5525,14.7309],[43.557,14.7462],[43.5624,14.7509],[43.5848,14.7554],[43.6016,14.7555],[43.6127,14.7621],[43.6306,14.7871],[43.6404,14.786],[43.6758,14.7587],[43.6865,14.7605],[43.7073,14.7862],[43.736,14.827],[43.7335,14.857],[43.7204,14.8532],[43.7156,14.8606]]]},"properties":{"id":"YE3101","gov":"YE31","ar":"بلاد الطعام","en":"Bilad Atta'am"}},{"type":"Feature","geometry":{"type":"Polygon","coordinates":[[[48.9828,14.4598],[48.9548,14.4793],[48.9152,14.5111],[48.8958,14.5247],[48.8614,14.5208],[48.8445,14.5292],[48.8377,14.536],[48.8128,14.5448],[48.7985,14.563],[48.7894,14.5818],[48.7648,14.622],[48.7448,14.6485],[48.7307,14.6503],[48.6887,14.6496],[48.6646,14.6452],[48.6368,14.636],[48.6338,14.6038],[48.6215,14.5608],[48.5849,14.472],[48.5668,14.4217],[48.555,14.3778],[48.5312,14.3354],[48.511,14.3123],[48.4943,14.2824],[48.5041,14.2806],[48.5299,14.2586],[48.5436,14.2505],[48.5584,14.2542],[48.5747,14.2271],[48.5743,14.2116],[48.5867,14.2039],[48.6064,14.1777],[48.6054,14.1626],[48.5947,14.1499],[48.5948,14.1417],[48.6063,14.1307],[48.6206,14.1227],[48.6366,14.0943],[48.6431,14.0628],[48.6407,14.0552],[48.6284,14.0468],[48.6831,14.045],[48.6973,14.0519],[48.7288,14.0802],[48.7569,14.1181],[48.7782,14.1325],[48.7945,14.1363],[48.8067,14.1541],[48.828,14.1663],[48.8664,14.2164],[48.8629,14.2373],[48.8695,14.2453],[48.9178,14.2638],[48.9243,14.2714],[48.9343,14.2977],[48.9493,14.3087],[48.9674,14.309],[48.9826,14.3134],[48.9956,14.3261],[48.9941,14.3448],[48.9831,14.3502],[48.9822,14.3576],[48.9883,14.3778],[49.0001,14.4019],[48.983,14.4335],[48.9828,14.4598]]]},"properties":{"id":"YE1925","gov":"YE19","ar":"بروم ميفع","en":"Brum Mayf'ah"}},{"type":"Feature","geometry":{"type":"Polygon","coordinates":[[[43.57,14.9466],[43.5566,14.9529],[43.5416,14.9687],[43.5345,14.9841],[43.4977,14.9999],[43.4763,14.9836],[43.4429,14.9748],[43.4338,14.9788],[43.4272,14.9737],[43.4013,14.966],[43.4052,14.9569],[43.393,14.9395],[43.3924,14.9278],[43.3787,14.9166],[43.3851,14.8976],[43.4032,14.888],[43.4025,14.8768],[43.3953,14.8735],[43.4017,14.8598],[43.4012,14.8504],[43.4024,14.8384],[43.4211,14.818],[43.4382,14.8137],[43.4475,14.8172],[43.4732,14.8158],[43.4793,14.8182],[43.4848,14.8322],[43.5014,14.8457],[43.5005,14.8626],[43.5054,14.8761],[43.525,14.8856],[43.5421,14.8902],[43.5517,14.9003],[43.5672,14.9085],[43.5713,14.9321],[43.57,14.9466]]]},"properties":{"id":"YE1812","gov":"YE18","ar":"برع","en":"Bura'"}},{"type":"Feature","geometry":{"type":"Polygon","coordinates":[[[47.8462,15.7226],[47.8375,15.7233],[47.6083,15.7233],[47.4434,15.702],[47.4491,15.6448],[47.4625,15.6298],[47.5026,15.6205],[47.5286,15.6005],[47.5271,15.5732],[47.4918,15.5496],[47.4651,15.5293],[47.4435,15.5178],[47.427,15.4987],[47.416,15.4675],[47.4103,15.4437],[47.3926,15.4064],[47.384,15.3833],[47.3629,15.3385],[47.3656,15.331],[47.3819,15.3125],[47.393,15.2918],[47.4085,15.3045],[47.4268,15.2971],[47.4374,15.3091],[47.4594,15.3002],[47.4643,15.3228],[47.4801,15.3279],[47.4957,15.3222],[47.5094,15.3293],[47.5259,15.3302],[47.5544,15.3439],[47.5721,15.3443],[47.5887,15.3524],[47.6094,15.356],[47.6203,15.3619],[47.6218,15.3734],[47.6309,15.3866],[47.6793,15.419],[47.7038,15.4422],[47.7223,15.4707],[47.7385,15.4993],[47.7536,15.5465],[47.7645,15.5582],[47.7788,15.5651],[47.8156,15.6082],[47.829,15.6279],[47.8337,15.644],[47.8363,15.6756],[47.8438,15.6906],[47.8462,15.7226]]]},"properties":{"id":"YE2101","gov":"YE21","ar":"دهر","en":"Dahr"}},{"type":"Feature","geometry":{"type":"Polygon","coordinates":[[[44.8,14.2002],[44.7703,14.2128],[44.7521,14.2143],[44.7413,14.2109],[44.7295,14.19],[44.6914,14.177],[44.6735,14.1764],[44.6734,14.1765],[44.6685,14.1393],[44.6598,14.1224],[44.6436,14.1202],[44.6223,14.1331],[44.5948,14.1364],[44.5939,14.1253],[44.6055,14.114],[44.6092,14.1019],[44.5932,14.0808],[44.5841,14.0811],[44.5718,14.0734],[44.5594,14.0703],[44.5534,14.0547],[44.5553,14.0336],[44.5693,14.023],[44.5868,14.0223],[44.6121,14.0177],[44.6345,14.0122],[44.6403,14.0067],[44.6552,14.0038],[44.6676,13.9959],[44.6886,14.0059],[44.698,14.0183],[44.6952,14.0302],[44.6832,14.0372],[44.6791,14.0446],[44.6996,14.0472],[44.7291,14.0339],[44.7645,14.0138],[44.7684,14.0269],[44.7666,14.0383],[44.7757,14.0575],[44.7781,14.0739],[44.7731,14.0825],[44.8022,14.1278],[44.8128,14.1723],[44.804,14.1841],[44.8,14.2002]]]},"properties":{"id":"YE3002","gov":"YE30","ar":"دمت","en":"Damt"}},{"type":"Feature","geometry":{"type":"Polygon","coordinates":[[[44.9794,12.8788],[44.9877,12.8856],[45.002,12.8892],[45.0467,12.9232],[45.0427,12.9428],[44.9628,12.9511],[44.9555,12.95],[44.8967,12.923],[44.926,12.8803],[44.9794,12.8788]]]},"properties":{"id":"YE2401","gov":"YE24","ar":"دار سعد","en":"Dar Sa'd"}},{"type":"Feature","geometry":{"type":"Polygon","coordinates":[[[48.6063,15.1083],[48.5949,15.117],[48.5697,15.1484],[48.5311,15.2094],[48.5124,15.2362],[48.4866,15.2763],[48.4569,15.325],[48.4199,15.3715],[48.3824,15.4112],[48.3738,15.4262],[48.3368,15.4171],[48.254,15.4046],[48.2385,15.4032],[48.1386,15.4042],[48.1314,15.3661],[48.1206,15.3451],[48.1105,15.3317],[48.0535,15.2927],[48.0326,15.276],[48.0035,15.2458],[47.9866,15.2205],[47.9827,15.2012],[47.9886,15.1938],[48.0101,15.1822],[48.0314,15.1792],[48.0509,15.1668],[48.0593,15.1513],[48.0608,15.137],[48.0496,15.1257],[48.0623,15.1134],[48.0703,15.0985],[48.0839,15.1031],[48.0927,15.1156],[48.109,15.1205],[48.1176,15.1093],[48.1317,15.108],[48.1357,15.1024],[48.1345,15.0728],[48.139,15.0578],[48.1515,15.0413],[48.1775,15.0301],[48.188,15.0215],[48.2158,14.985],[48.2319,14.9576],[48.2368,14.9376],[48.2319,14.9239],[48.2187,14.8988],[48.1957,14.8644],[48.1809,14.8377],[48.1533,14.7972],[48.1513,14.7898],[48.1528,14.7654],[48.1595,14.7468],[48.1815,14.6998],[48.2025,14.6712],[48.2147,14.6635],[48.245,14.6525],[48.2584,14.6505],[48.2835,14.6563],[48.3103,14.6705],[48.3194,14.6792],[48.3591,14.7107],[48.3723,14.7166],[48.4426,14.7266],[48.4824,14.7376],[48.5055,14.7377],[48.5173,14.7341],[48.5306,14.7534],[48.5467,14.7844],[48.5755,14.8271],[48.5763,14.8407],[48.5688,14.8743],[48.5659,14.9121],[48.5718,14.9487],[48.5801,14.9818],[48.5871,15.0144],[48.5874,15.0425],[48.5851,15.0574],[48.5871,15.0788],[48.6063,15.1083]]]},"properties":{"id":"YE1918","gov":"YE19","ar":"دوعن","en":"Daw'an"}},{"type":"Feature","geometry":{"type":"Polygon","coordinates":[[[44.226,14.9275],[44.214,14.9625],[44.1895,14.9848],[44.1765,14.9908],[44.136,15.0023],[44.0925,14.999],[44.0486,14.9989],[44.0321,14.9926],[44.0218,14.9794],[44.0226,14.9725],[44.0121,14.9616],[43.9875,14.9443],[43.9733,14.9315],[43.9666,14.9283],[43.9468,14.9093],[43.9301,14.9083],[43.9154,14.9022],[43.9147,14.89],[43.9091,14.8835],[43.8975,14.8577],[43.9037,14.8525],[43.9229,14.8254],[43.9297,14.8099],[43.945,14.8057],[43.9525,14.7984],[43.976,14.7888],[43.9666,14.7732],[43.9758,14.7521],[43.9855,14.7492],[43.9896,14.7348],[44.0021,14.7221],[44.0272,14.7167],[44.0457,14.7047],[44.0548,14.689],[44.0809,14.7003],[44.0905,14.7092],[44.1009,14.744],[44.1159,14.7499],[44.1224,14.7377],[44.1202,14.7158],[44.1417,14.7132],[44.1711,14.6942],[44.2063,14.6992],[44.2163,14.7048],[44.2268,14.7026],[44.2304,14.6846],[44.2452,14.6644],[44.2616,14.655],[44.2879,14.6602],[44.3114,14.6781],[44.325,14.6853],[44.3279,14.6975],[44.2997,14.6966],[44.2885,14.7036],[44.289,14.7186],[44.2735,14.728],[44.261,14.7263],[44.2541,14.74],[44.2572,14.7574],[44.2359,14.8519],[44.2364,14.8809],[44.226,14.9275]]]},"properties":{"id":"YE2011","gov":"YE20","ar":"ضوران انس","en":"Dawran Anis"}},{"type":"Feature","geometry":{"type":"Polygon","coordinates":[[[44.4958,14.5968],[44.4783,14.61],[44.4549,14.6142],[44.4439,14.6193],[44.4234,14.6487],[44.4117,14.6592],[44.4099,14.6706],[44.4166,14.6876],[44.4028,14.702],[44.3931,14.7004],[44.3864,14.6924],[44.3638,14.674],[44.3599,14.664],[44.3617,14.6399],[44.3494,14.6421],[44.342,14.6375],[44.3292,14.6432],[44.3308,14.6604],[44.3259,14.6698],[44.3156,14.6735],[44.3018,14.6572],[44.3022,14.6425],[44.3093,14.6364],[44.3137,14.6102],[44.3258,14.5937],[44.3226,14.5597],[44.3148,14.5419],[44.3502,14.5198],[44.3639,14.5241],[44.3853,14.5238],[44.3921,14.5133],[44.4045,14.5109],[44.4177,14.5185],[44.4197,14.525],[44.4399,14.5318],[44.4378,14.5402],[44.4461,14.5621],[44.4793,14.5697],[44.4886,14.5796],[44.4958,14.5968]]]},"properties":{"id":"YE2008","gov":"YE20","ar":"مدينة ذمار","en":"Dhamar City"}},{"type":"Feature","geometry":{"type":"Polygon","coordinates":[[[44.027,13.917],[44.0194,13.9166],[44.0147,13.9037],[44.0118,13.8672],[44.0142,13.86],[44.0062,13.8393],[44.0035,13.8239],[43.9822,13.8001],[44.0108,13.7797],[44.0386,13.7694],[44.0581,13.7672],[44.0773,13.771],[44.0801,13.7811],[44.0891,13.7827],[44.0989,13.7672],[44.1182,13.7549],[44.1257,13.747],[44.1654,13.75],[44.1644,13.76],[44.1543,13.7703],[44.1509,13.7847],[44.1449,13.7903],[44.1494,13.8008],[44.1487,13.8144],[44.1409,13.815],[44.1347,13.838],[44.1326,13.8689],[44.1119,13.8644],[44.1021,13.8509],[44.0783,13.87],[44.0692,13.8715],[44.0626,13.8852],[44.0485,13.8948],[44.0415,13.8951],[44.0301,13.9071],[44.027,13.917]]]},"properties":{"id":"YE1116","gov":"YE11","ar":"ذي السفال","en":"Dhi As Sufal"}},{"type":"Feature","geometry":{"type":"Polygon","coordinates":[[[45.3876,14.097],[45.4049,14.064],[45.4094,14.0614],[45.4219,14.0393],[45.4337,14.0307],[45.4486,14.028],[45.4782,14.0292],[45.4939,14.0338],[45.5008,14.049],[45.5221,14.0782],[45.5274,14.0906],[45.5186,14.1138],[45.508,14.1309],[45.5009,14.1609],[45.4885,14.1745],[45.4685,14.1919],[45.4585,14.1849],[45.4258,14.1444],[45.4134,14.1226],[45.3876,14.097]]]},"properties":{"id":"YE1406","gov":"YE14","ar":"ذي ناعم","en":"Dhi Na'im"}},{"type":"Feature","geometry":{"type":"Polygon","coordinates":[[[44.3246,16.0642],[44.3084,16.0527],[44.2882,16.0509],[44.2468,16.0444],[44.2117,16.0464],[44.2034,16.0489],[44.17,16.0887],[44.1646,16.102],[44.0889,16.1022],[44.0679,16.1124],[44.0649,16.0901],[44.0729,16.0552],[44.0746,16.0432],[44.0527,16.0336],[44.049,16.029],[44.0513,16.0001],[44.0476,15.9719],[44.0424,15.9614],[44.0584,15.9467],[44.0613,15.9273],[44.0766,15.9192],[44.1128,15.9101],[44.1307,15.9137],[44.1513,15.914],[44.1584,15.9715],[44.1509,15.9875],[44.2059,15.9978],[44.2151,15.9912],[44.2248,15.9911],[44.2366,16.0134],[44.2506,16.0158],[44.2702,16.0296],[44.2813,16.031],[44.2994,16.0401],[44.3348,16.0374],[44.3471,16.0381],[44.3572,16.0468],[44.3302,16.0591],[44.3246,16.0642]]]},"properties":{"id":"YE2909","gov":"YE29","ar":"ذيبين","en":"Dhibain"}},{"type":"Feature","geometry":{"type":"MultiPolygon","coordinates":[[[[43.6178,13.146],[43.6075,13.1883],[43.6061,13.2192],[43.6115,13.2565],[43.6048,13.2771],[43.5655,13.28],[43.5349,13.2618],[43.5042,13.257],[43.4738,13.2575],[43.4567,13.247],[43.4132,13.2501],[43.4017,13.2572],[43.3748,13.2597],[43.323,13.2531],[43.2825,13.263],[43.2441,13.256],[43.247,13.239],[43.2545,13.214],[43.2833,13.16],[43.3153,13.1141],[43.3433,13.083],[43.3625,13.045],[43.3764,13.0123],[43.394,12.9914],[43.4097,12.9589],[43.4101,12.9461],[43.4288,12.9244],[43.4312,12.9144],[43.4464,12.8804],[43.4567,12.8733],[43.4633,12.861],[43.488,12.8345],[43.4952,12.8183],[43.4842,12.7958],[43.4737,12.7664],[43.4751,12.7585],[43.4694,12.7296],[43.4765,12.7191],[43.5013,12.7042],[43.4886,12.6984],[43.484,12.7087],[43.4751,12.7075],[43.469,12.7167],[43.4542,12.6953],[43.4622,12.677],[43.4829,12.6754],[43.4914,12.6794],[43.5032,12.675],[43.5175,12.6862],[43.526,12.6984],[43.5138,12.706],[43.6442,12.9321],[43.6486,12.9359],[43.7098,12.9501],[43.7112,12.9708],[43.7306,12.9863],[43.7288,13.0142],[43.7199,13.0279],[43.7017,13.037],[43.6989,13.061],[43.7161,13.0748],[43.6949,13.0767],[43.6006,13.0782],[43.5852,13.1165],[43.5916,13.1314],[43.6178,13.146]]],[[[43.4111,12.6716],[43.3929,12.6654],[43.3987,12.6548],[43.4106,12.6524],[43.4228,12.6547],[43.4229,12.641],[43.4323,12.632],[43.4403,12.641],[43.433,12.6652],[43.426,12.664],[43.4111,12.6716]]]]},"properties":{"id":"YE1506","gov":"YE15","ar":"باب المندب","en":"Dhubab"}},{"type":"Feature","geometry":{"type":"Polygon","coordinates":[[[43.8191,15.9927],[43.8092,16.0025],[43.7979,16.0248],[43.7978,16.0366],[43.7924,16.0557],[43.8112,16.0667],[43.8108,16.0924],[43.8141,16.0998],[43.8057,16.1252],[43.7955,16.1225],[43.7977,16.1101],[43.7877,16.096],[43.7777,16.0913],[43.7701,16.1021],[43.7541,16.1015],[43.7489,16.1131],[43.7567,16.1274],[43.6975,16.1278],[43.6942,16.1079],[43.6743,16.0923],[43.6644,16.0782],[43.6663,16.0664],[43.6619,16.0516],[43.6564,16.019],[43.6561,15.9985],[43.664,16.0066],[43.673,16.0056],[43.6757,15.9963],[43.697,15.9781],[43.6979,15.9681],[43.708,15.941],[43.7185,15.9522],[43.7131,15.9789],[43.723,15.9819],[43.7377,15.9792],[43.7483,15.9816],[43.7456,15.9926],[43.7583,16.0374],[43.7681,16.0555],[43.7798,16.0527],[43.787,16.0438],[43.7883,16.03],[43.7971,16.0045],[43.7943,15.988],[43.8191,15.9927]]]},"properties":{"id":"YE2908","gov":"YE29","ar":"ظليمة حبور","en":"Dhulaymat Habur"}},{"type":"Feature","geometry":{"type":"Polygon","coordinates":[[[44.3333,13.4576],[44.2872,13.4794],[44.2817,13.4951],[44.2664,13.5069],[44.2726,13.5196],[44.2854,13.528],[44.2837,13.5438],[44.2702,13.5522],[44.2689,13.5613],[44.249,13.5628],[44.2333,13.5365],[44.2196,13.5469],[44.1593,13.5571],[44.1545,13.5564],[44.1506,13.5418],[44.1401,13.5415],[44.1335,13.5479],[44.1153,13.533],[44.1108,13.5073],[44.1159,13.4947],[44.1151,13.4882],[44.1248,13.4748],[44.1197,13.4503],[44.1026,13.4392],[44.0984,13.4263],[44.0884,13.4229],[44.0826,13.4124],[44.1052,13.4074],[44.1317,13.4135],[44.142,13.4043],[44.1647,13.4035],[44.1768,13.3994],[44.181,13.4037],[44.1994,13.4004],[44.2614,13.3674],[44.2642,13.3763],[44.275,13.3776],[44.2787,13.3637],[44.2761,13.3453],[44.2888,13.3234],[44.3048,13.3192],[44.3219,13.3318],[44.3356,13.332],[44.3378,13.3439],[44.3292,13.3541],[44.3058,13.3634],[44.2942,13.357],[44.2929,13.3676],[44.3104,13.3677],[44.3245,13.3735],[44.3333,13.3835],[44.3492,13.3855],[44.3763,13.3813],[44.4106,13.38],[44.4276,13.3735],[44.4375,13.3792],[44.4312,13.4004],[44.4114,13.4225],[44.3745,13.444],[44.3413,13.4399],[44.331,13.4523],[44.3333,13.4576]]]},"properties":{"id":"YE1512","gov":"YE15","ar":"خدير","en":"Dimnat Khadir"}},{"type":"Feature","geometry":{"type":"MultiPolygon","coordinates":[[[[44.066,15.6157],[44.061,15.6431],[44.0477,15.6717],[44.0325,15.6916],[44.025,15.7152],[44.0162,15.7318],[44.0062,15.7384],[44.0011,15.7382],[43.9842,15.7208],[43.9866,15.7126],[43.9782,15.7027],[43.975,15.6916],[43.9654,15.6811],[43.9688,15.6565],[43.9662,15.6452],[43.9409,15.6506],[43.9389,15.6361],[43.9264,15.6169],[43.9013,15.6066],[43.9045,15.5996],[43.9393,15.5781],[43.9582,15.5608],[43.983,15.5604],[44.0164,15.5711],[44.0296,15.5718],[44.044,15.5874],[44.0476,15.5988],[44.0598,15.6151],[44.066,15.6157]]],[[[43.9065,15.8919],[43.9092,15.9096],[43.9062,15.9469],[43.8926,15.9504],[43.8856,15.945],[43.8484,15.943],[43.8303,15.922],[43.8426,15.8946],[43.851,15.8921],[43.8648,15.897],[43.8803,15.8941],[43.8876,15.8854],[43.9065,15.8919]]],[[[43.9167,15.5164],[43.9427,15.5266],[43.9418,15.5368],[43.9162,15.5402],[43.9068,15.5168],[43.9167,15.5164]]]]},"properties":{"id":"YE2918","gov":"YE29","ar":"عيال سريح","en":"Eyal Surayh"}},{"type":"Feature","geometry":{"type":"Polygon","coordinates":[[[43.8081,14.0587],[43.8028,14.0645],[43.7745,14.0685],[43.777,14.0572],[43.7687,14.0481],[43.7537,14.0503],[43.7449,14.0429],[43.7317,14.0209],[43.7226,13.9747],[43.7142,13.9691],[43.6918,13.993],[43.6871,14.0032],[43.6788,14.0055],[43.6608,13.9986],[43.6526,13.9804],[43.6517,13.9677],[43.6709,13.9425],[43.6825,13.9339],[43.7062,13.9295],[43.7104,13.9093],[43.7002,13.9069],[43.6859,13.9149],[43.668,13.9198],[43.6545,13.9103],[43.6548,13.9014],[43.6649,13.8625],[43.6719,13.8559],[43.6995,13.8532],[43.7174,13.8471],[43.7395,13.8522],[43.7486,13.863],[43.7523,13.8798],[43.765,13.8784],[43.7828,13.8611],[43.7898,13.8487],[43.7942,13.8544],[43.7952,13.8698],[43.8247,13.8766],[43.8352,13.8817],[43.8386,13.8898],[43.8641,13.8908],[43.8666,13.9003],[43.8574,13.9063],[43.8488,13.9254],[43.8662,13.9455],[43.8697,13.9596],[43.8659,13.9639],[43.8885,13.9724],[43.8991,13.9735],[43.9079,13.9684],[43.9134,13.9849],[43.9028,13.9917],[43.8902,13.99],[43.8511,13.9978],[43.8295,14.0089],[43.7926,14.0316],[43.7895,14.0451],[43.8081,14.0587]]]},"properties":{"id":"YE1110","gov":"YE11","ar":"فرع العدين","en":"Far' Al Odayn"}},{"type":"Feature","geometry":{"type":"Polygon","coordinates":[[[43.3288,17.0346],[43.3208,17.0412],[43.313,17.0562],[43.298,17.0603],[43.274,17.0599],[43.2308,17.0645],[43.2397,17.0474],[43.2486,17.0155],[43.2794,16.9999],[43.2931,16.9848],[43.3124,16.9788],[43.3143,16.9715],[43.309,16.955],[43.3128,16.9268],[43.3222,16.9043],[43.3242,16.8908],[43.3267,16.8985],[43.3427,16.903],[43.3539,16.9106],[43.3615,16.9225],[43.3674,16.9522],[43.3645,16.9612],[43.3671,16.9754],[43.3891,16.982],[43.3839,16.9982],[43.3659,17.0119],[43.3351,17.0245],[43.3288,17.0346]]]},"properties":{"id":"YE2204","gov":"YE22","ar":"غمر","en":"Ghamr"}},{"type":"Feature","geometry":{"type":"Polygon","coordinates":[[[49.3657,14.9748],[49.2923,14.9706],[49.2423,14.9615],[49.1817,14.9529],[49.1651,14.9516],[49.1336,14.9554],[49.1023,14.9642],[49.0397,14.9862],[48.9971,15.0033],[48.9513,15.0287],[48.9213,15.0395],[48.8851,15.05],[48.8461,15.0644],[48.7967,15.0889],[48.7586,15.11],[48.7321,15.0948],[48.701,15.0875],[48.6644,15.0899],[48.6406,15.0949],[48.6063,15.1083],[48.5871,15.0788],[48.5851,15.0574],[48.5874,15.0425],[48.5871,15.0144],[48.5801,14.9818],[48.592,14.9792],[48.6466,14.9603],[48.6614,14.9423],[48.6849,14.9423],[48.7009,14.9375],[48.7082,14.9284],[48.7181,14.8996],[48.7379,14.8749],[48.7561,14.8608],[48.7841,14.8443],[48.8045,14.8352],[48.8355,14.8271],[48.8673,14.8254],[48.9167,14.8166],[48.973,14.7975],[49.0163,14.7784],[49.0475,14.7594],[49.0706,14.7565],[49.116,14.7628],[49.1396,14.761],[49.1811,14.7502],[49.2259,14.7407],[49.2773,14.7168],[49.297,14.6974],[49.3179,14.6611],[49.3472,14.6634],[49.3769,14.6637],[49.386,14.6554],[49.4176,14.6656],[49.4496,14.6814],[49.4657,14.6867],[49.4619,14.7154],[49.464,14.7766],[49.4595,14.7978],[49.4393,14.8487],[49.4328,14.8619],[49.402,14.9091],[49.3792,14.9483],[49.3657,14.9748]]]},"properties":{"id":"YE1917","gov":"YE19","ar":"غيل باوزير","en":"Ghayl Bawazir"}},{"type":"Feature","geometry":{"type":"Polygon","coordinates":[[[49.8402,15.378],[49.8324,15.3924],[49.8084,15.4153],[49.7856,15.421],[49.7661,15.4199],[49.7284,15.4073],[49.6998,15.3879],[49.6886,15.3871],[49.6766,15.3945],[49.6502,15.4185],[49.6281,15.4463],[49.5986,15.4981],[49.5843,15.5151],[49.56,15.5395],[49.5539,15.5527],[49.5592,15.5732],[49.5585,15.5879],[49.5537,15.6124],[49.5489,15.6641],[49.543,15.6934],[49.5296,15.7483],[49.5224,15.7647],[49.5098,15.7836],[49.4907,15.7986],[49.4638,15.8109],[49.4256,15.8117],[49.3829,15.8082],[49.3365,15.8105],[49.3135,15.81],[49.2804,15.8058],[49.2494,15.8085],[49.243,15.7875],[49.2192,15.7489],[49.2132,15.7348],[49.2064,15.7067],[49.2005,15.6949],[49.176,15.6793],[49.1312,15.6628],[49.141,15.6269],[49.1511,15.6065],[49.1574,15.5773],[49.1659,15.5674],[49.1471,15.5565],[49.1622,15.5346],[49.1589,15.479],[49.1477,15.4433],[49.1261,15.3845],[49.1164,15.3697],[49.0971,15.3549],[49.0604,15.3409],[49.0143,15.3195],[49.0012,15.3146],[48.947,15.2991],[48.9219,15.2873],[48.874,15.2597],[48.8488,15.2399],[48.8031,15.2106],[48.7721,15.1996],[48.752,15.197],[48.7647,15.1685],[48.7685,15.1475],[48.7685,15.1328],[48.7586,15.11],[48.7967,15.0889],[48.8461,15.0644],[48.8851,15.05],[48.9213,15.0395],[48.9513,15.0287],[48.9971,15.0033],[49.0397,14.9862],[49.1023,14.9642],[49.1336,14.9554],[49.1651,14.9516],[49.1817,14.9529],[49.2423,14.9615],[49.2923,14.9706],[49.3657,14.9748],[49.3636,14.9936],[49.3695,15.0133],[49.364,15.0331],[49.3665,15.0471],[49.3646,15.0609],[49.3543,15.073],[49.3534,15.0859],[49.3656,15.1051],[49.3831,15.1262],[49.4004,15.1408],[49.4213,15.1463],[49.4783,15.1404],[49.5433,15.1389],[49.5594,15.1411],[49.6196,15.163],[49.6567,15.1733],[49.7037,15.181],[49.7462,15.1818],[49.7759,15.1781],[49.777,15.1958],[49.7843,15.2321],[49.7803,15.2531],[49.781,15.2667],[49.7936,15.3067],[49.7924,15.3399],[49.7811,15.3774],[49.8067,15.3803],[49.8306,15.3807],[49.8402,15.378]]]},"properties":{"id":"YE1916","gov":"YE19","ar":"غيل بن يمين","en":"Ghayl bin Yamin"}},{"type":"Feature","geometry":{"type":"Polygon","coordinates":[[[47.2643,14.1395],[47.2687,14.1541],[47.2681,14.178],[47.2714,14.2184],[47.2691,14.2358],[47.251,14.2518],[47.221,14.3002],[47.213,14.3316],[47.2099,14.373],[47.2141,14.4146],[47.2144,14.4388],[47.2066,14.4618],[47.182,14.4941],[47.1742,14.4957],[47.1588,14.4902],[47.1259,14.4918],[47.1186,14.4887],[47.036,14.4829],[47.0333,14.4642],[47.0235,14.4231],[47.0077,14.3895],[47.0314,14.3356],[47.0333,14.3196],[47.0212,14.2981],[47.0036,14.2821],[47.0094,14.2494],[47.0121,14.2163],[47.0114,14.1523],[47.0203,14.1494],[47.0291,14.1338],[47.0515,14.1248],[47.0728,14.134],[47.0851,14.1354],[47.0934,14.1299],[47.0992,14.1162],[47.1326,14.1286],[47.2241,14.1304],[47.2411,14.1326],[47.2643,14.1395]]]},"properties":{"id":"YE2114","gov":"YE21","ar":"حبان","en":"Habban"}},{"type":"Feature","geometry":{"type":"Polygon","coordinates":[[[45.1752,13.6533],[45.1422,13.6414],[45.1319,13.6351],[45.0748,13.6542],[45.0493,13.6709],[45.023,13.7016],[45.0058,13.6959],[44.9893,13.6951],[44.9679,13.6882],[44.9475,13.6772],[44.9381,13.6684],[44.924,13.6473],[44.9116,13.6343],[44.8793,13.615],[44.87,13.5963],[44.8692,13.5826],[44.8794,13.5744],[44.9105,13.5734],[44.9252,13.5639],[44.9552,13.5525],[44.9641,13.5355],[44.9864,13.5375],[45,13.5157],[45.0138,13.5028],[45.0431,13.5056],[45.0567,13.519],[45.0684,13.5245],[45.098,13.5318],[45.1168,13.5414],[45.1394,13.5478],[45.1623,13.5492],[45.183,13.5424],[45.2186,13.5788],[45.2354,13.5921],[45.2548,13.6026],[45.2645,13.6125],[45.2837,13.6445],[45.2757,13.648],[45.2577,13.659],[45.2411,13.6639],[45.2359,13.6726],[45.2095,13.6537],[45.1945,13.6496],[45.1752,13.6533]]]},"properties":{"id":"YE2505","gov":"YE25","ar":"حبيل جبر","en":"Habil Jabr"}},{"type":"Feature","geometry":{"type":"Polygon","coordinates":[[[53.5449,12.3536],[53.5509,12.3347],[53.5764,12.3317],[53.6099,12.3222],[53.6265,12.314],[53.6872,12.2954],[53.7058,12.2985],[53.761,12.295],[53.7798,12.2962],[53.8243,12.3061],[53.8749,12.312],[53.9111,12.3186],[53.9331,12.3251],[53.9691,12.3219],[54.0042,12.321],[54.0175,12.3257],[54.0296,12.3405],[54.0681,12.3519],[54.1068,12.3451],[54.145,12.3437],[54.1813,12.3689],[54.2012,12.3863],[54.2176,12.3932],[54.2362,12.4112],[54.2478,12.4183],[54.2594,12.4353],[54.277,12.4405],[54.3032,12.44],[54.3256,12.4428],[54.3636,12.4527],[54.3847,12.4548],[54.4203,12.4715],[54.4299,12.4798],[54.4492,12.4883],[54.4483,12.5003],[54.454,12.5132],[54.464,12.5196],[54.5013,12.5364],[54.5285,12.5385],[54.5345,12.5499],[54.4829,12.5498],[54.4372,12.5737],[54.422,12.584],[54.3765,12.606],[54.3627,12.609],[54.3204,12.6121],[54.3085,12.6148],[54.29,12.6239],[54.258,12.6447],[54.2386,12.6534],[54.2162,12.6601],[54.2073,12.6671],[54.2038,12.6842],[54.1974,12.6827],[54.1801,12.6662],[54.1676,12.6658],[54.1355,12.6828],[54.1191,12.6971],[54.1051,12.7026],[54.0905,12.6987],[54.0819,12.6827],[54.0721,12.6761],[54.0472,12.6673],[54.0424,12.6629],[54.009,12.6503],[53.9914,12.6482],[53.9762,12.6522],[53.9738,12.6338],[53.9606,12.6348],[53.9485,12.6403],[53.9078,12.6491],[53.8991,12.641],[53.8765,12.6277],[53.8671,12.6121],[53.8429,12.5961],[53.8061,12.5977],[53.7981,12.6075],[53.7813,12.6176],[53.7447,12.6338],[53.7082,12.6624],[53.704,12.6489],[53.7321,12.6226],[53.7486,12.6021],[53.7485,12.5614],[53.743,12.5112],[53.7186,12.4948],[53.6745,12.4865],[53.65,12.471],[53.6232,12.45],[53.6113,12.4241],[53.6078,12.4069],[53.5958,12.3896],[53.5778,12.373],[53.5449,12.3536]]]},"properties":{"id":"YE3201","gov":"YE32","ar":"حديبو","en":"Hadibu"}},{"type":"Feature","geometry":{"type":"Polygon","coordinates":[[[48.5173,14.7341],[48.5055,14.7377],[48.4824,14.7376],[48.4426,14.7266],[48.3723,14.7166],[48.3591,14.7107],[48.3194,14.6792],[48.3103,14.6705],[48.2835,14.6563],[48.2584,14.6505],[48.245,14.6525],[48.2147,14.6635],[48.2025,14.6712],[48.1815,14.6998],[48.1595,14.7468],[48.1418,14.7403],[48.1039,14.7342],[48.065,14.737],[48.0365,14.7438],[48.0364,14.7176],[48.0303,14.6885],[48.0017,14.6389],[47.9919,14.6156],[47.9815,14.581],[47.9957,14.5725],[48.0116,14.5741],[48.0183,14.5697],[48.0355,14.5431],[48.046,14.5311],[48.0622,14.5038],[48.0664,14.4641],[48.0946,14.4346],[48.1086,14.4148],[48.1131,14.3991],[48.1414,14.3707],[48.1462,14.3562],[48.1703,14.3547],[48.2188,14.325],[48.2188,14.3172],[48.2321,14.3097],[48.2633,14.3148],[48.2938,14.3038],[48.3247,14.317],[48.3575,14.3143],[48.3897,14.3184],[48.4056,14.3153],[48.4258,14.3023],[48.4509,14.3028],[48.4875,14.2842],[48.4943,14.2824],[48.511,14.3123],[48.5312,14.3354],[48.555,14.3778],[48.5668,14.4217],[48.5849,14.472],[48.6215,14.5608],[48.6338,14.6038],[48.6368,14.636],[48.6311,14.6434],[48.6066,14.6598],[48.5838,14.6797],[48.5697,14.6949],[48.5432,14.7192],[48.5173,14.7341]]]},"properties":{"id":"YE1924","gov":"YE19","ar":"حجر","en":"Hajar"}},{"type":"Feature","geometry":{"type":"Polygon","coordinates":[[[48.3301,16.2103],[48.3376,16.2416],[48.3524,16.2827],[48.37,16.3236],[48.3702,16.3473],[48.363,16.3667],[48.3466,16.3968],[48.3153,16.4394],[48.2767,16.4898],[48.2412,16.5313],[48.2031,16.5721],[48.1551,16.6338],[48.1112,16.6042],[48.0813,16.5794],[48.0458,16.5519],[48.0129,16.5206],[47.9971,16.5029],[47.9817,16.4776],[47.9545,16.4497],[47.9232,16.4244],[47.8849,16.3854],[47.8516,16.3537],[47.807,16.3207],[47.7948,16.3144],[47.7603,16.3016],[47.732,16.2886],[47.6971,16.2582],[47.6841,16.2494],[47.6551,16.2355],[47.6286,16.2285],[47.6332,16.2004],[47.6615,16.1343],[47.6856,16.0896],[47.7031,16.0676],[47.7371,16.0368],[47.7599,16.0199],[47.7927,16.0037],[47.8132,15.9986],[47.8653,15.9974],[47.8947,15.9938],[47.9358,15.9834],[47.9566,15.976],[47.9873,15.9611],[47.9896,15.9875],[47.9991,16.0476],[48.0121,16.0844],[48.0242,16.1143],[48.0367,16.1346],[48.0551,16.1573],[48.0804,16.1745],[48.1176,16.1824],[48.1554,16.1839],[48.1795,16.1875],[48.2423,16.2036],[48.2771,16.2092],[48.3301,16.2103]]]},"properties":{"id":"YE1905","gov":"YE19","ar":"حجر الصيعر","en":"Hajar As Say'ar"}},{"type":"Feature","geometry":{"type":"MultiPolygon","coordinates":[[[[43.6585,15.6577],[43.6501,15.6766],[43.6523,15.6903],[43.6414,15.6932],[43.6345,15.6862],[43.6311,15.67],[43.6243,15.6617],[43.62,15.6451],[43.6076,15.6444],[43.609,15.6578],[43.5998,15.6637],[43.5584,15.6725],[43.5665,15.6562],[43.572,15.6363],[43.565,15.6314],[43.5736,15.6192],[43.5807,15.6181],[43.5871,15.6302],[43.5964,15.6285],[43.6053,15.617],[43.6249,15.6059],[43.6356,15.6102],[43.645,15.6268],[43.6475,15.6423],[43.6585,15.6577]]],[[[43.5068,15.6753],[43.4877,15.6888],[43.4711,15.6984],[43.4432,15.7089],[43.4283,15.7039],[43.421,15.696],[43.4317,15.6868],[43.4371,15.6739],[43.4476,15.6598],[43.4698,15.6418],[43.4762,15.6548],[43.4732,15.6666],[43.4842,15.6702],[43.5071,15.6673],[43.5068,15.6753]]]]},"properties":{"id":"YE1729","gov":"YE17","ar":"حجه","en":"Hajjah"}},{"type":"Feature","geometry":{"type":"Polygon","coordinates":[[[43.6345,15.6862],[43.632,15.6999],[43.6369,15.7166],[43.612,15.7254],[43.6007,15.7151],[43.5868,15.7127],[43.5644,15.7036],[43.5514,15.6829],[43.5584,15.6725],[43.5998,15.6637],[43.609,15.6578],[43.6076,15.6444],[43.62,15.6451],[43.6243,15.6617],[43.6311,15.67],[43.6345,15.6862]]]},"properties":{"id":"YE1728","gov":"YE17","ar":"مدينة حجه","en":"Hajjah City"}},{"type":"Feature","geometry":{"type":"Polygon","coordinates":[[[45.0605,13.7315],[45.0992,13.7594],[45.0944,13.7716],[45.0693,13.7897],[45.0742,13.7972],[45.0739,13.8093],[45.0535,13.8079],[45.0446,13.8037],[44.9945,13.792],[44.9785,13.7749],[44.9604,13.7678],[44.9564,13.7563],[44.9421,13.7443],[44.9357,13.741],[44.9193,13.7438],[44.8891,13.7307],[44.8838,13.718],[44.8723,13.7116],[44.8596,13.7151],[44.838,13.7343],[44.8249,13.737],[44.8071,13.7299],[44.8099,13.7132],[44.8214,13.6957],[44.8244,13.65],[44.8338,13.6213],[44.8348,13.598],[44.8315,13.5935],[44.8424,13.5889],[44.8644,13.5866],[44.8692,13.5826],[44.87,13.5963],[44.8793,13.615],[44.9116,13.6343],[44.924,13.6473],[44.9381,13.6684],[44.9475,13.6772],[44.9679,13.6882],[44.9893,13.6951],[45.0058,13.6959],[45.023,13.7016],[45.0605,13.7315]]]},"properties":{"id":"YE2506","gov":"YE25","ar":"حالمين","en":"Halmin"}},{"type":"Feature","geometry":{"type":"Polygon","coordinates":[[[44.1132,15.614],[44.066,15.6157],[44.0598,15.6151],[44.0476,15.5988],[44.044,15.5874],[44.0296,15.5718],[44.0164,15.5711],[43.983,15.5604],[43.9582,15.5608],[43.9393,15.5781],[43.9192,15.5649],[43.9162,15.5402],[43.9418,15.5368],[43.9427,15.5266],[43.9167,15.5164],[43.9137,15.4989],[43.9443,15.4884],[43.9564,15.4797],[43.9624,15.4696],[43.9625,15.4522],[43.9551,15.4318],[43.9585,15.4209],[43.9927,15.4147],[44.0204,15.4007],[44.0483,15.3613],[44.0532,15.3487],[44.0728,15.344],[44.0858,15.3457],[44.0996,15.3558],[44.149,15.3552],[44.1492,15.3729],[44.1451,15.3927],[44.1151,15.3866],[44.1079,15.3946],[44.1079,15.4055],[44.1281,15.4351],[44.1349,15.4366],[44.1238,15.4421],[44.1208,15.4626],[44.1524,15.4812],[44.1638,15.4735],[44.1759,15.4803],[44.1877,15.4786],[44.1942,15.4855],[44.1934,15.5018],[44.2036,15.5058],[44.1938,15.5156],[44.2033,15.5328],[44.2109,15.5535],[44.1955,15.5624],[44.1483,15.5717],[44.1287,15.5826],[44.1191,15.6102],[44.1132,15.614]]]},"properties":{"id":"YE2301","gov":"YE23","ar":"همدان","en":"Hamdan"}},{"type":"Feature","geometry":{"type":"Polygon","coordinates":[[[43.2189,16.6491],[43.2062,16.6476],[43.1574,16.6666],[43.1516,16.6773],[43.1359,16.6627],[43.1463,16.6364],[43.1393,16.622],[43.1422,16.6054],[43.1398,16.5966],[43.1295,16.5926],[43.1207,16.5286],[43.0762,16.5284],[43.0588,16.5252],[42.9922,16.5217],[42.9503,16.497],[42.9448,16.4898],[42.938,16.4507],[42.9465,16.4353],[42.9383,16.4087],[42.9555,16.403],[42.9754,16.4095],[42.9943,16.4082],[42.9965,16.3979],[42.9876,16.3778],[42.9665,16.3665],[42.9503,16.367],[42.9444,16.3605],[42.9516,16.3314],[42.9482,16.3086],[42.9571,16.2756],[43.0101,16.2847],[43.0511,16.2904],[43.0652,16.3004],[43.0808,16.3028],[43.1346,16.3002],[43.1403,16.2931],[43.1545,16.2938],[43.1695,16.2871],[43.1866,16.2838],[43.2063,16.284],[43.2287,16.2906],[43.2377,16.3115],[43.2419,16.3286],[43.2488,16.3347],[43.2613,16.3622],[43.2691,16.3674],[43.2683,16.4011],[43.2718,16.4392],[43.2758,16.4578],[43.2724,16.4732],[43.248,16.4882],[43.2242,16.4964],[43.193,16.5035],[43.1905,16.5162],[43.2154,16.5413],[43.2262,16.561],[43.2158,16.5912],[43.2156,16.6054],[43.2195,16.6165],[43.2366,16.6163],[43.2339,16.6283],[43.2227,16.6342],[43.2189,16.6491]]]},"properties":{"id":"YE1702","gov":"YE17","ar":"حرض","en":"Harad"}},{"type":"Feature","geometry":{"type":"Polygon","coordinates":[[[44.1018,16.6447],[44.0742,16.6361],[44.0526,16.6235],[44.0224,16.6161],[43.9822,16.6147],[43.9484,16.6204],[43.9259,16.6306],[43.8992,16.6501],[43.843,16.6708],[43.7984,16.6885],[43.787,16.6831],[43.7717,16.6863],[43.7496,16.7001],[43.708,16.6846],[43.6878,16.6714],[43.675,16.6583],[43.6584,16.6498],[43.5286,16.6197],[43.4962,16.6127],[43.5012,16.4361],[43.5017,16.4192],[43.5089,16.404],[43.5096,16.3817],[43.5202,16.3571],[43.5175,16.3361],[43.5278,16.3077],[43.5389,16.311],[43.5633,16.3372],[43.5708,16.3614],[43.584,16.3803],[43.61,16.425],[43.6184,16.4461],[43.6218,16.4706],[43.6284,16.4779],[43.655,16.5052],[43.6721,16.5207],[43.6831,16.5401],[43.707,16.5405],[43.7076,16.5504],[43.7296,16.567],[43.7446,16.5672],[43.7558,16.5789],[43.7709,16.5629],[43.7937,16.5288],[43.8004,16.5009],[43.8123,16.4911],[43.8678,16.4848],[43.8775,16.4773],[43.8879,16.4633],[43.8955,16.4427],[43.9112,16.4127],[43.9118,16.4028],[43.9053,16.3611],[43.9676,16.349],[44.0074,16.3362],[44.0644,16.331],[44.0749,16.3276],[44.0798,16.3144],[44.0834,16.2837],[44.0818,16.2785],[44.0912,16.2655],[44.0928,16.238],[44.0891,16.2328],[44.0923,16.1962],[44.0907,16.1888],[44.0679,16.1124],[44.0889,16.1022],[44.1646,16.102],[44.17,16.0887],[44.2034,16.0489],[44.2117,16.0464],[44.2468,16.0444],[44.2882,16.0509],[44.3084,16.0527],[44.3246,16.0642],[44.3194,16.0786],[44.2946,16.1143],[44.2813,16.1233],[44.2759,16.1336],[44.2872,16.1478],[44.288,16.1739],[44.2912,16.1857],[44.2839,16.2024],[44.2638,16.2105],[44.295,16.2507],[44.2975,16.266],[44.3031,16.2773],[44.3019,16.2914],[44.2868,16.295],[44.2742,16.3063],[44.2861,16.3245],[44.2941,16.3497],[44.294,16.3714],[44.2905,16.3769],[44.2701,16.3871],[44.2587,16.3988],[44.2618,16.4369],[44.2619,16.4886],[44.2635,16.5295],[44.27,16.5423],[44.2538,16.5461],[44.2482,16.5571],[44.2382,16.5637],[44.2289,16.5638],[44.211,16.5708],[44.1879,16.5903],[44.1729,16.6068],[44.1539,16.6101],[44.1211,16.6286],[44.1018,16.6447]]]},"properties":{"id":"YE2901","gov":"YE29","ar":"حرف سفيان","en":"Harf Sufyan"}},{"type":"Feature","geometry":{"type":"Polygon","coordinates":[[[45.4952,14.8568],[45.5043,14.8695],[45.5081,14.8855],[45.4999,14.8964],[45.5172,14.8986],[45.5149,14.9133],[45.5074,14.9285],[45.5094,14.9401],[45.518,14.9587],[45.5188,14.9767],[45.5252,14.9876],[45.5385,15.0011],[45.5462,15.0153],[45.5518,15.0371],[45.5622,15.0472],[45.5662,15.0615],[45.5764,15.0787],[45.5763,15.086],[45.5939,15.1131],[45.4809,15.1151],[45.4738,15.0929],[45.4494,15.0651],[45.43,15.0594],[45.4219,15.0536],[45.3699,14.996],[45.3159,14.9578],[45.272,14.9317],[45.2309,14.9127],[45.1946,14.89],[45.1783,14.8768],[45.1714,14.8669],[45.1639,14.8477],[45.1729,14.8368],[45.1755,14.8245],[45.1942,14.7831],[45.2087,14.7615],[45.2249,14.7447],[45.2418,14.722],[45.2561,14.7382],[45.261,14.7471],[45.2802,14.7487],[45.3243,14.77],[45.3161,14.8046],[45.3315,14.8105],[45.3631,14.8365],[45.3742,14.842],[45.4132,14.8495],[45.425,14.8536],[45.4536,14.8568],[45.4952,14.8568]]]},"properties":{"id":"YE2609","gov":"YE26","ar":"حريب","en":"Harib"}},{"type":"Feature","geometry":{"type":"Polygon","coordinates":[[[44.7279,15.4747],[44.7232,15.496],[44.7212,15.5177],[44.7,15.5192],[44.698,15.5268],[44.6849,15.5233],[44.6445,15.4956],[44.599,15.4882],[44.5286,15.4729],[44.5304,15.462],[44.5405,15.4578],[44.543,15.4417],[44.5366,15.4333],[44.5554,15.4083],[44.562,15.4056],[44.5959,15.4059],[44.6129,15.4098],[44.6522,15.4295],[44.6608,15.431],[44.6749,15.4265],[44.702,15.4564],[44.7279,15.4747]]]},"properties":{"id":"YE2604","gov":"YE26","ar":"حريب القرامش","en":"Harib Al Qaramish"}},{"type":"Feature","geometry":{"type":"Polygon","coordinates":[[[48.3738,15.4262],[48.3531,15.4787],[48.3514,15.5075],[48.3587,15.5556],[48.3572,15.5687],[48.3472,15.5774],[48.3131,15.5806],[48.2856,15.5799],[48.2697,15.5953],[48.2456,15.6674],[48.231,15.6844],[48.2175,15.6887],[48.1957,15.6885],[48.1654,15.6805],[48.0864,15.6503],[48.048,15.632],[48.0159,15.6129],[47.9949,15.6026],[47.9714,15.5871],[47.9506,15.5658],[47.9604,15.5305],[47.9688,15.5149],[47.9833,15.4987],[47.9955,15.4902],[48.0402,15.4716],[48.0604,15.4683],[48.0842,15.4741],[48.094,15.4732],[48.1057,15.4655],[48.1317,15.4288],[48.1376,15.4161],[48.1386,15.4042],[48.2385,15.4032],[48.254,15.4046],[48.3368,15.4171],[48.3738,15.4262]]]},"properties":{"id":"YE1928","gov":"YE19","ar":"حريضه","en":"Haridah"}},{"type":"Feature","geometry":{"type":"Polygon","coordinates":[[[51.6216,15.9578],[51.6252,15.9112],[51.6325,15.8752],[51.647,15.8329],[51.6609,15.8238],[51.665,15.8117],[51.6623,15.7873],[51.6681,15.7711],[51.6815,15.7526],[51.6958,15.7392],[51.7251,15.704],[51.7391,15.6786],[51.7582,15.6693],[51.7847,15.665],[51.8101,15.6515],[51.8249,15.6397],[51.8433,15.5742],[51.8456,15.5436],[51.8511,15.5263],[51.8657,15.4927],[51.9871,15.5423],[52.0426,15.5629],[52.0999,15.5826],[52.1847,15.6098],[52.2019,15.6142],[52.2217,15.6324],[52.1956,15.6473],[52.1692,15.6695],[52.1581,15.6931],[52.1512,15.7139],[52.1322,15.7509],[52.1154,15.7747],[52.1052,15.7839],[52.0416,15.8229],[52.0227,15.8421],[51.9911,15.8689],[51.9712,15.8967],[51.9559,15.91],[51.932,15.9235],[51.906,15.9275],[51.8382,15.9313],[51.8014,15.939],[51.7465,15.943],[51.7043,15.9503],[51.6822,15.9515],[51.6433,15.9568],[51.6216,15.9578]]]},"properties":{"id":"YE2809","gov":"YE28","ar":"حصوين","en":"Haswin"}},{"type":"Feature","geometry":{"type":"Polygon","coordinates":[[[52.2011,16.8879],[52.2129,16.9644],[52.2176,17.0516],[52.2113,17.1785],[52.2112,17.2979],[52.2087,17.4579],[52.1906,17.6468],[52.1893,17.6857],[52.1827,17.8076],[52.1694,17.869],[52.1452,17.9629],[52.145,17.9868],[52.1692,18.1481],[52.1126,18.1489],[52.0437,18.1514],[51.9069,18.09],[51.7972,18.1537],[51.6924,18.2259],[51.6168,18.2491],[51.5525,18.2536],[51.4568,18.2569],[51.4529,18.2264],[51.452,18.1338],[51.4499,18.0561],[51.4455,17.9678],[51.4424,17.9246],[51.4362,17.8715],[51.4328,17.8289],[51.4216,17.7786],[51.3989,17.7163],[51.3872,17.6881],[51.3556,17.6257],[51.3284,17.5671],[51.319,17.5385],[51.3023,17.5001],[51.2894,17.4573],[51.2794,17.4395],[51.2604,17.3996],[51.2359,17.3618],[51.2258,17.3503],[51.2057,17.3209],[51.1926,17.2952],[51.1655,17.234],[51.1465,17.1718],[51.1408,17.1481],[51.1328,17.097],[51.1301,17.0623],[51.1264,17.036],[51.2526,17.0823],[51.2708,17.0877],[51.2922,17.0885],[51.3323,17.0834],[51.412,17.0662],[51.4317,17.0654],[51.4523,17.0611],[51.4865,17.0469],[51.518,17.0185],[51.538,16.994],[51.5673,16.9482],[51.6023,16.897],[51.6613,16.8087],[51.7025,16.7586],[51.7366,16.7239],[51.7775,16.6848],[51.8374,16.641],[51.9024,16.6068],[51.9324,16.6445],[51.9531,16.6776],[51.9968,16.7258],[52.0148,16.7479],[52.0336,16.7651],[52.057,16.7815],[52.1064,16.8206],[52.1255,16.8329],[52.2011,16.8879]]]},"properties":{"id":"YE2802","gov":"YE28","ar":"حات","en":"Hat"}},{"type":"Feature","geometry":{"type":"Polygon","coordinates":[[[46.2787,14.083],[46.2959,14.0576],[46.3022,14.0542],[46.3214,14.0561],[46.3386,14.0608],[46.3625,14.0725],[46.3769,14.0762],[46.3926,14.0671],[46.4029,14.0649],[46.4437,14.0675],[46.4862,14.0738],[46.5512,14.0939],[46.5824,14.1116],[46.5956,14.1245],[46.6118,14.1541],[46.6231,14.1633],[46.6517,14.173],[46.6701,14.1765],[46.6931,14.1773],[46.7519,14.1762],[46.7631,14.1747],[46.7251,14.2579],[46.6989,14.2498],[46.6743,14.2463],[46.6624,14.2472],[46.6502,14.2531],[46.6353,14.2684],[46.623,14.2876],[46.5561,14.2881],[46.5086,14.2906],[46.4891,14.3018],[46.4748,14.3001],[46.4604,14.2889],[46.4416,14.2814],[46.4124,14.2779],[46.3954,14.2824],[46.3787,14.2776],[46.37,14.2691],[46.3156,14.2395],[46.3343,14.2128],[46.3463,14.1899],[46.3468,14.1582],[46.3401,14.1448],[46.3136,14.1191],[46.2787,14.083]]]},"properties":{"id":"YE2111","gov":"YE21","ar":"حطيب","en":"Hatib"}},{"type":"Feature","geometry":{"type":"Polygon","coordinates":[[[53.0437,16.7904],[53.0018,16.7907],[52.9471,16.7984],[52.8825,16.8209],[52.8405,16.8249],[52.8207,16.8284],[52.7829,16.84],[52.7076,16.85],[52.6948,16.8545],[52.6567,16.8622],[52.6399,16.8673],[52.6146,16.8699],[52.5787,16.8696],[52.5537,16.8476],[52.5496,16.8322],[52.5569,16.8066],[52.5597,16.7854],[52.5644,16.7731],[52.5824,16.7479],[52.5838,16.7411],[52.5757,16.7304],[52.5551,16.7182],[52.5449,16.7087],[52.544,16.6986],[52.5516,16.6846],[52.5679,16.6696],[52.5771,16.6556],[52.6135,16.6316],[52.6237,16.6229],[52.6566,16.5813],[52.6664,16.5667],[52.6804,16.5598],[52.6902,16.545],[52.7077,16.5368],[52.7264,16.5416],[52.7425,16.5318],[52.7993,16.5515],[52.8217,16.5568],[52.8375,16.5655],[52.8446,16.5731],[52.9167,16.5981],[52.9296,16.5996],[52.9481,16.6129],[52.9712,16.6197],[52.9876,16.6218],[53.0291,16.6314],[53.0628,16.6368],[53.0851,16.6456],[53.1027,16.6469],[53.1068,16.6548],[53.0437,16.7904]]]},"properties":{"id":"YE2803","gov":"YE28","ar":"حوف","en":"Hawf"}},{"type":"Feature","geometry":{"type":"Polygon","coordinates":[[[43.4962,16.6127],[43.4978,16.6778],[43.5206,16.724],[43.5066,16.7508],[43.4923,16.7717],[43.4646,16.7951],[43.4509,16.7927],[43.4372,16.8096],[43.4345,16.8265],[43.406,16.8189],[43.391,16.845],[43.3777,16.8467],[43.3541,16.8324],[43.3403,16.8279],[43.3307,16.8157],[43.3393,16.8019],[43.3324,16.7768],[43.321,16.7706],[43.2947,16.7403],[43.2936,16.7364],[43.3032,16.7086],[43.3211,16.6939],[43.3248,16.6635],[43.321,16.6439],[43.322,16.6048],[43.3421,16.598],[43.4068,16.6043],[43.4157,16.6143],[43.4424,16.62],[43.4739,16.6121],[43.4962,16.6127]]]},"properties":{"id":"YE2208","gov":"YE22","ar":"حيدان","en":"Haydan"}},{"type":"Feature","geometry":{"type":"Polygon","coordinates":[[[44.3356,13.332],[44.3219,13.3318],[44.3048,13.3192],[44.2888,13.3234],[44.2761,13.3453],[44.2787,13.3637],[44.275,13.3776],[44.2642,13.3763],[44.2614,13.3674],[44.2563,13.3526],[44.2437,13.3387],[44.2293,13.3288],[44.219,13.3283],[44.2259,13.3067],[44.2259,13.2974],[44.2188,13.2882],[44.2184,13.2734],[44.2019,13.2676],[44.1861,13.2587],[44.1838,13.2421],[44.1802,13.227],[44.1838,13.2201],[44.2151,13.2146],[44.2307,13.2163],[44.2711,13.2148],[44.2785,13.2039],[44.2915,13.2094],[44.3052,13.2121],[44.3127,13.2232],[44.3337,13.2344],[44.3361,13.2525],[44.3412,13.2677],[44.3259,13.3027],[44.3281,13.3163],[44.3356,13.332]]]},"properties":{"id":"YE1516","gov":"YE15","ar":"حيفان","en":"Hayfan"}},{"type":"Feature","geometry":{"type":"Polygon","coordinates":[[[43.1695,16.2871],[43.1545,16.2938],[43.1403,16.2931],[43.1346,16.3002],[43.0808,16.3028],[43.0652,16.3004],[43.0511,16.2904],[43.0101,16.2847],[42.9571,16.2756],[42.9697,16.2427],[42.9583,16.2207],[42.9561,16.2072],[42.9872,16.2123],[43.001,16.2107],[43.0363,16.2167],[43.0505,16.213],[43.0794,16.2188],[43.1303,16.223],[43.1406,16.2407],[43.1516,16.2433],[43.1579,16.2597],[43.1558,16.2673],[43.1695,16.2871]]]},"properties":{"id":"YE1705","gov":"YE17","ar":"حيران","en":"Hayran"}},{"type":"Feature","geometry":{"type":"Polygon","coordinates":[[[43.6101,13.9073],[43.6103,13.9216],[43.6063,13.9455],[43.6007,13.9575],[43.5928,13.9624],[43.5776,13.961],[43.5728,13.9664],[43.5533,13.9731],[43.548,14.0011],[43.5378,14.0326],[43.5139,14.0346],[43.4959,14.0324],[43.4965,14.0215],[43.4911,14.0022],[43.4837,13.9955],[43.4848,13.9795],[43.4662,13.9764],[43.4566,13.98],[43.4506,13.9937],[43.4358,13.9998],[43.4186,13.9996],[43.4185,13.9863],[43.4261,13.9786],[43.4121,13.9726],[43.3984,13.9747],[43.3865,13.9462],[43.4105,13.9177],[43.428,13.919],[43.4498,13.9047],[43.4511,13.8989],[43.438,13.8856],[43.438,13.8519],[43.4466,13.8393],[43.469,13.8246],[43.4695,13.8325],[43.4819,13.8533],[43.4835,13.8757],[43.482,13.8907],[43.4871,13.8957],[43.5353,13.901],[43.5521,13.9001],[43.5645,13.8961],[43.5798,13.8984],[43.6101,13.9073]]]},"properties":{"id":"YE1819","gov":"YE18","ar":"حيس","en":"Hays"}},{"type":"Feature","geometry":{"type":"Polygon","coordinates":[[[44.0501,14.2279],[44.0346,14.2377],[44.0284,14.2174],[43.998,14.2161],[43.9939,14.206],[43.97,14.1995],[43.9599,14.2083],[43.9254,14.2078],[43.9045,14.2267],[43.8819,14.2218],[43.8612,14.2021],[43.8429,14.1946],[43.8297,14.1861],[43.8075,14.1737],[43.7839,14.1537],[43.7786,14.1395],[43.7615,14.1154],[43.7507,14.105],[43.757,14.0925],[43.7745,14.0685],[43.8028,14.0645],[43.8081,14.0587],[43.8207,14.0554],[43.8416,14.0585],[43.8542,14.0644],[43.8699,14.08],[43.9032,14.0972],[43.9084,14.1092],[43.9113,14.1273],[43.9251,14.138],[43.931,14.1345],[43.935,14.1163],[43.9237,14.0903],[43.9122,14.0771],[43.9049,14.0595],[43.9162,14.0409],[43.8976,14.0121],[43.9071,14.01],[43.9149,13.9993],[43.935,13.9938],[43.9516,14.0112],[43.9615,14.0084],[43.9829,13.9867],[43.9899,13.9993],[44.0073,14.0171],[44.0069,14.0288],[44.0016,14.0424],[44.0196,14.038],[44.0268,14.0399],[44.0393,14.0679],[44.0509,14.0697],[44.0608,14.0799],[44.0593,14.0891],[44.0507,14.1029],[44.0601,14.138],[44.0585,14.1515],[44.0638,14.1609],[44.0492,14.1668],[44.0413,14.1603],[44.0388,14.1429],[44.041,14.1269],[44.0384,14.1151],[44.0159,14.1172],[44.0159,14.1337],[44.0095,14.1556],[44.0122,14.1631],[44.0347,14.17],[44.0425,14.1763],[44.0498,14.2124],[44.0501,14.2279]],[[44.0057,14.0929],[44.0028,14.1094],[44.0126,14.1122],[44.014,14.1015],[44.0289,14.0999],[44.026,14.0737],[44.0147,14.0689],[44.0057,14.0929]]]},"properties":{"id":"YE1109","gov":"YE11","ar":"حزم العدين","en":"Hazm Al Odayn"}},{"type":"Feature","geometry":{"type":"MultiPolygon","coordinates":[[[[44.0501,14.2279],[44.0498,14.2124],[44.0425,14.1763],[44.0347,14.17],[44.0122,14.1631],[44.0095,14.1556],[44.0159,14.1337],[44.0159,14.1172],[44.0384,14.1151],[44.041,14.1269],[44.0388,14.1429],[44.0413,14.1603],[44.0492,14.1668],[44.0638,14.1609],[44.0585,14.1515],[44.0601,14.138],[44.0507,14.1029],[44.0593,14.0891],[44.0608,14.0799],[44.0509,14.0697],[44.0393,14.0679],[44.0268,14.0399],[44.0196,14.038],[44.0016,14.0424],[44.0069,14.0288],[44.0176,14.0351],[44.0252,14.0313],[44.0276,14.0207],[44.0439,14.0082],[44.0543,14.012],[44.0753,14.0157],[44.0759,14.0264],[44.093,14.0302],[44.1047,14.0404],[44.1141,14.0623],[44.1368,14.0788],[44.1507,14.1031],[44.1621,14.1067],[44.1641,14.1275],[44.1474,14.1625],[44.1393,14.1734],[44.137,14.1896],[44.1023,14.1945],[44.0942,14.188],[44.0806,14.1869],[44.0815,14.2241],[44.0616,14.2231],[44.0501,14.2279]]],[[[44.0057,14.0929],[44.0147,14.0689],[44.026,14.0737],[44.0289,14.0999],[44.014,14.1015],[44.0126,14.1122],[44.0028,14.1094],[44.0057,14.0929]]]]},"properties":{"id":"YE1108","gov":"YE11","ar":"حبيش","en":"Hobeish"}},{"type":"Feature","geometry":{"type":"Polygon","coordinates":[[[43.4511,15.436],[43.4326,15.4286],[43.425,15.4318],[43.4114,15.4552],[43.4038,15.4757],[43.384,15.4746],[43.3761,15.4701],[43.3729,15.4574],[43.384,15.4452],[43.3813,15.4121],[43.3894,15.3996],[43.3847,15.3903],[43.3887,15.3811],[43.3922,15.3556],[43.3907,15.3469],[43.3969,15.324],[43.397,15.3048],[43.4016,15.2792],[43.4219,15.2736],[43.4313,15.2928],[43.4369,15.3128],[43.4446,15.3105],[43.4804,15.326],[43.4813,15.3453],[43.4779,15.3681],[43.4759,15.379],[43.4659,15.3821],[43.4615,15.3903],[43.4569,15.432],[43.4511,15.436]]]},"properties":{"id":"YE2706","gov":"YE27","ar":"حفاش","en":"Hufash"}},{"type":"Feature","geometry":{"type":"Polygon","coordinates":[[[44.0907,16.1888],[44.0923,16.1962],[44.0891,16.2328],[44.0928,16.238],[44.0912,16.2655],[44.0818,16.2785],[44.0834,16.2837],[44.0798,16.3144],[44.0749,16.3276],[44.0644,16.331],[44.0074,16.3362],[43.9676,16.349],[43.9053,16.3611],[43.8841,16.2787],[43.8629,16.2414],[43.8716,16.2238],[43.881,16.2153],[43.8898,16.2005],[43.9486,16.2064],[44.0146,16.207],[44.0538,16.1975],[44.0792,16.1893],[44.0907,16.1888]]]},"properties":{"id":"YE2902","gov":"YE29","ar":"حوث","en":"Huth"}},{"type":"Feature","geometry":{"type":"Polygon","coordinates":[[[44.1877,14.0457],[44.1777,14.0494],[44.1655,14.0463],[44.1591,14.0577],[44.1582,14.0764],[44.1647,14.0905],[44.1621,14.1067],[44.1507,14.1031],[44.1368,14.0788],[44.1141,14.0623],[44.1047,14.0404],[44.093,14.0302],[44.0759,14.0264],[44.0753,14.0157],[44.0543,14.012],[44.0515,13.9984],[44.0625,13.9925],[44.0567,13.971],[44.0612,13.9629],[44.0739,13.959],[44.0859,13.946],[44.1101,13.9719],[44.1201,13.9755],[44.1356,13.9726],[44.1476,13.9876],[44.1413,13.9932],[44.1301,13.9859],[44.1225,13.9912],[44.1313,14.0091],[44.1728,14.0096],[44.1767,14.0039],[44.192,14.003],[44.1918,13.9883],[44.1993,13.9739],[44.1936,13.964],[44.2049,13.9422],[44.2303,13.9346],[44.2303,13.9188],[44.2536,13.9071],[44.2662,13.8924],[44.2623,13.8815],[44.2757,13.8776],[44.2877,13.8835],[44.2943,13.8786],[44.3057,13.8972],[44.2988,13.9091],[44.2803,13.9134],[44.2713,13.9228],[44.2612,13.9436],[44.2509,13.9462],[44.2426,13.9371],[44.2242,13.9513],[44.2458,13.9735],[44.237,13.9866],[44.2401,13.9917],[44.216,14.0158],[44.2053,14.0297],[44.1886,14.0371],[44.1877,14.0457]]]},"properties":{"id":"YE1120","gov":"YE11","ar":"اب","en":"Ibb"}},{"type":"Feature","geometry":{"type":"Polygon","coordinates":[[[43.8975,14.8577],[43.8884,14.8571],[43.8684,14.8482],[43.8495,14.8543],[43.8019,14.8638],[43.7884,14.8742],[43.7796,14.8751],[43.7489,14.8555],[43.7567,14.8329],[43.7692,14.8099],[43.7871,14.7892],[43.7987,14.7708],[43.8115,14.7599],[43.8357,14.7523],[43.8595,14.7296],[43.879,14.7172],[43.891,14.6922],[43.9024,14.6807],[43.9034,14.669],[43.8932,14.6568],[43.9012,14.6366],[43.92,14.6247],[43.9225,14.6187],[43.9412,14.6105],[43.9393,14.6036],[43.9708,14.5961],[43.9862,14.5995],[43.9975,14.6129],[44.0083,14.6311],[44.022,14.6362],[44.0304,14.6446],[44.0561,14.6401],[44.0577,14.6519],[44.0503,14.6658],[44.0548,14.689],[44.0457,14.7047],[44.0272,14.7167],[44.0021,14.7221],[43.9896,14.7348],[43.9855,14.7492],[43.9758,14.7521],[43.9666,14.7732],[43.976,14.7888],[43.9525,14.7984],[43.945,14.8057],[43.9297,14.8099],[43.9229,14.8254],[43.9037,14.8525],[43.8975,14.8577]]]},"properties":{"id":"YE2003","gov":"YE20","ar":"جبل الشرق","en":"Jabal Ash sharq"}},{"type":"Feature","geometry":{"type":"Polygon","coordinates":[[[43.9065,15.8919],[43.8876,15.8854],[43.8803,15.8941],[43.8648,15.897],[43.851,15.8921],[43.8426,15.8946],[43.8303,15.922],[43.8024,15.9059],[43.8068,15.8739],[43.8138,15.8558],[43.817,15.8348],[43.8181,15.8082],[43.8357,15.7873],[43.8432,15.769],[43.8393,15.7589],[43.8184,15.7546],[43.8047,15.7631],[43.7976,15.7623],[43.7776,15.7483],[43.7651,15.7425],[43.7608,15.7309],[43.7745,15.7262],[43.7818,15.7186],[43.786,15.6936],[43.7957,15.6653],[43.8028,15.6424],[43.8151,15.6316],[43.8414,15.6295],[43.8723,15.6178],[43.8775,15.6365],[43.8918,15.6576],[43.9125,15.6673],[43.9158,15.6857],[43.9334,15.6997],[43.9472,15.7269],[43.9661,15.7265],[43.9842,15.7208],[44.0011,15.7382],[44.0062,15.7384],[44.0134,15.7495],[44.0257,15.7569],[44.0362,15.783],[44.0325,15.7967],[44.0237,15.7997],[43.994,15.7978],[43.9649,15.7884],[43.9377,15.8184],[43.9296,15.8516],[43.9289,15.8737],[43.9149,15.8793],[43.9065,15.8919]]]},"properties":{"id":"YE2912","gov":"YE29","ar":"جبل عيال يزيد","en":"Jabal Eyal Yazid"}},{"type":"Feature","geometry":{"type":"Polygon","coordinates":[[[43.9349,13.568],[43.8937,13.5678],[43.8837,13.5751],[43.8661,13.5673],[43.8275,13.5576],[43.8208,13.5519],[43.8184,13.5339],[43.805,13.5206],[43.7891,13.5214],[43.7858,13.5172],[43.8001,13.4968],[43.808,13.4927],[43.8201,13.4688],[43.8137,13.4575],[43.8172,13.4426],[43.8267,13.4326],[43.8286,13.4217],[43.8376,13.4167],[43.8224,13.4017],[43.8166,13.3902],[43.8259,13.3739],[43.8224,13.354],[43.8303,13.3594],[43.8452,13.3592],[43.8564,13.3633],[43.8846,13.3577],[43.8954,13.366],[43.8996,13.3849],[43.9163,13.394],[43.9443,13.4156],[43.9521,13.4343],[43.9655,13.4434],[43.9671,13.4639],[43.9761,13.4775],[43.9785,13.4863],[43.9638,13.4882],[43.9538,13.5006],[43.9472,13.5219],[43.9398,13.5373],[43.9429,13.5503],[43.9349,13.568]]]},"properties":{"id":"YE1508","gov":"YE15","ar":"جبل حبشي","en":"Jabal Habashi"}},{"type":"Feature","geometry":{"type":"Polygon","coordinates":[[[45.2509,14.9901],[45.2471,15.0062],[45.2401,15.056],[45.2226,15.0757],[45.2213,15.0926],[45.2163,15.1061],[45.1057,15.1061],[45.1033,15.0939],[45.1336,15.0726],[45.1399,15.0625],[45.1407,15.0408],[45.1286,15.0271],[45.155,15.0024],[45.1913,14.9859],[45.2007,14.9847],[45.2509,14.9901]]]},"properties":{"id":"YE2614","gov":"YE26","ar":"جبل مراد","en":"Jabal Murad"}},{"type":"Feature","geometry":{"type":"Polygon","coordinates":[[[43.538,14.133],[43.5216,14.1392],[43.5122,14.1513],[43.492,14.1167],[43.4836,14.1135],[43.4787,14.0945],[43.4905,14.0701],[43.4959,14.0324],[43.5139,14.0346],[43.5378,14.0326],[43.548,14.0011],[43.5533,13.9731],[43.5728,13.9664],[43.5776,13.961],[43.5928,13.9624],[43.6007,13.9575],[43.6063,13.9455],[43.6103,13.9216],[43.6101,13.9073],[43.6226,13.9127],[43.6545,13.9103],[43.668,13.9198],[43.6859,13.9149],[43.7002,13.9069],[43.7104,13.9093],[43.7062,13.9295],[43.6825,13.9339],[43.6709,13.9425],[43.6517,13.9677],[43.6526,13.9804],[43.6608,13.9986],[43.6788,14.0055],[43.6871,14.0032],[43.6918,13.993],[43.7142,13.9691],[43.7226,13.9747],[43.7317,14.0209],[43.7449,14.0429],[43.7537,14.0503],[43.7687,14.0481],[43.777,14.0572],[43.7745,14.0685],[43.757,14.0925],[43.7507,14.105],[43.7188,14.0746],[43.7054,14.0682],[43.679,14.0667],[43.6613,14.077],[43.6286,14.1058],[43.602,14.1242],[43.5858,14.1316],[43.5523,14.1285],[43.538,14.133]]]},"properties":{"id":"YE1818","gov":"YE18","ar":"جبل راس","en":"Jabal Ras"}},{"type":"Feature","geometry":{"type":"Polygon","coordinates":[[[44.7254,13.6808],[44.7142,13.7013],[44.7024,13.7063],[44.7052,13.7168],[44.7177,13.7156],[44.7178,13.7308],[44.7043,13.7522],[44.6712,13.7811],[44.661,13.7792],[44.6512,13.7716],[44.6534,13.7612],[44.6475,13.7435],[44.6382,13.743],[44.6111,13.734],[44.6043,13.7115],[44.6265,13.7012],[44.6313,13.694],[44.6645,13.6847],[44.7182,13.6798],[44.7254,13.6808]]]},"properties":{"id":"YE3007","gov":"YE30","ar":"جحاف","en":"Jahaf"}},{"type":"Feature","geometry":{"type":"Polygon","coordinates":[[[44.3931,14.7004],[44.3875,14.7128],[44.3714,14.7248],[44.3458,14.736],[44.3616,14.7461],[44.3574,14.768],[44.3488,14.7992],[44.3368,14.82],[44.3322,14.8401],[44.3292,14.8759],[44.3217,14.8868],[44.3148,14.8818],[44.2998,14.8803],[44.2907,14.8943],[44.2993,14.9277],[44.226,14.9275],[44.2364,14.8809],[44.2359,14.8519],[44.2572,14.7574],[44.2541,14.74],[44.261,14.7263],[44.2735,14.728],[44.289,14.7186],[44.2885,14.7036],[44.2997,14.6966],[44.3279,14.6975],[44.325,14.6853],[44.3114,14.6781],[44.2879,14.6602],[44.2616,14.655],[44.2521,14.6239],[44.2608,14.605],[44.2639,14.5894],[44.2483,14.5747],[44.2601,14.5554],[44.2503,14.5492],[44.2526,14.5388],[44.2775,14.5423],[44.2983,14.5386],[44.3148,14.5419],[44.3226,14.5597],[44.3258,14.5937],[44.3137,14.6102],[44.3093,14.6364],[44.3022,14.6425],[44.3018,14.6572],[44.3156,14.6735],[44.3259,14.6698],[44.3308,14.6604],[44.3292,14.6432],[44.342,14.6375],[44.3494,14.6421],[44.3617,14.6399],[44.3599,14.664],[44.3638,14.674],[44.3864,14.6924],[44.3931,14.7004]]]},"properties":{"id":"YE2002","gov":"YE20","ar":"جهران","en":"Jahran"}},{"type":"Feature","geometry":{"type":"Polygon","coordinates":[[[47.0515,15.0954],[47.0399,15.0967],[46.9921,15.1154],[46.9682,15.0928],[46.9517,15.0892],[46.9465,15.0803],[46.9036,15.1257],[46.8446,15.1516],[46.8457,15.1662],[46.8374,15.1803],[46.8195,15.1943],[46.6548,15.4048],[46.5654,15.5455],[46.53,15.6311],[46.3888,15.6118],[46.3072,15.6062],[46.2979,15.5959],[46.164,15.5068],[46.329,15.21],[46.3459,15.1861],[46.3991,15.1105],[46.4403,15.0194],[46.5249,14.881],[46.5979,14.8277],[46.6882,14.7621],[46.7068,14.7486],[46.8093,14.7379],[46.9436,14.7577],[46.9716,14.7609],[47.0559,14.756],[47.0813,14.7591],[47.116,14.7598],[47.1584,14.7551],[47.1884,14.747],[47.2344,14.7517],[47.2861,14.7663],[47.2952,14.7715],[47.3014,14.7959],[47.3079,14.8102],[47.2996,14.8233],[47.2983,14.848],[47.3019,14.8631],[47.2578,14.8646],[47.2424,14.8732],[47.2235,14.8991],[47.21,14.9075],[47.1779,14.9154],[47.1516,14.9193],[47.1439,14.9334],[47.1467,14.9514],[47.1428,15.007],[47.1256,15.0355],[47.1184,15.0395],[47.0809,15.0477],[47.0515,15.0954]]]},"properties":{"id":"YE2103","gov":"YE21","ar":"جردان","en":"Jardan"}},{"type":"Feature","geometry":{"type":"Polygon","coordinates":[[[46.3156,14.2395],[46.2937,14.2728],[46.272,14.3219],[46.2625,14.3259],[46.2414,14.3214],[46.2187,14.3047],[46.1778,14.2704],[46.1642,14.2706],[46.1548,14.2805],[46.1406,14.2799],[46.1273,14.2845],[46.1195,14.2694],[46.1158,14.2496],[46.0886,14.2263],[46.0714,14.2148],[46.0433,14.2058],[46.0307,14.1958],[46.0171,14.1697],[46.0093,14.1331],[46.0253,14.1352],[46.0562,14.1302],[46.0957,14.1213],[46.1105,14.1153],[46.1218,14.1021],[46.1296,14.079],[46.1313,14.0448],[46.151,14.013],[46.18,14.0154],[46.2024,14.0244],[46.2279,14.0463],[46.2787,14.083],[46.3136,14.1191],[46.3401,14.1448],[46.3468,14.1582],[46.3463,14.1899],[46.3343,14.2128],[46.3156,14.2395]]]},"properties":{"id":"YE1203","gov":"YE12","ar":"جيشان","en":"Jayshan"}},{"type":"Feature","geometry":{"type":"Polygon","coordinates":[[[44.1413,13.9453],[44.1203,13.9506],[44.1186,13.957],[44.1266,13.9692],[44.1201,13.9755],[44.1101,13.9719],[44.0859,13.946],[44.085,13.9364],[44.0943,13.9266],[44.0782,13.9198],[44.0677,13.9197],[44.0532,13.9275],[44.0384,13.9289],[44.0294,13.9255],[44.027,13.917],[44.0301,13.9071],[44.0415,13.8951],[44.0485,13.8948],[44.0626,13.8852],[44.0692,13.8715],[44.0783,13.87],[44.1021,13.8509],[44.1119,13.8644],[44.1326,13.8689],[44.1589,13.8837],[44.1715,13.8743],[44.1763,13.8842],[44.1735,13.9029],[44.2005,13.9094],[44.2155,13.9272],[44.1868,13.9414],[44.179,13.9296],[44.1694,13.9271],[44.1569,13.9303],[44.1416,13.9389],[44.1413,13.9453]]]},"properties":{"id":"YE1112","gov":"YE11","ar":"جبله","en":"Jiblah"}},{"type":"Feature","geometry":{"type":"Polygon","coordinates":[[[44.6273,15.0592],[44.6176,15.0835],[44.6142,15.1122],[44.5963,15.1422],[44.5779,15.1585],[44.6549,15.1735],[44.6352,15.1897],[44.6189,15.1991],[44.5945,15.207],[44.5732,15.2272],[44.57,15.2401],[44.5733,15.2512],[44.5814,15.2512],[44.5976,15.267],[44.5976,15.2797],[44.5902,15.2856],[44.5913,15.2962],[44.5848,15.2965],[44.5562,15.3068],[44.5148,15.311],[44.4314,15.327],[44.4154,15.2999],[44.421,15.289],[44.4086,15.2401],[44.3932,15.2224],[44.3878,15.1708],[44.3969,15.1518],[44.4273,15.1482],[44.4272,15.1291],[44.4316,15.1041],[44.4483,15.104],[44.469,15.073],[44.4867,15.0759],[44.5068,15.0947],[44.5313,15.0899],[44.6111,15.0569],[44.6273,15.0592]]]},"properties":{"id":"YE2316","gov":"YE23","ar":"جحانه","en":"Jihanah"}},{"type":"Feature","geometry":{"type":"Polygon","coordinates":[[[44.9576,14.2369],[44.9227,14.2378],[44.8914,14.2321],[44.8504,14.218],[44.8211,14.202],[44.8,14.2002],[44.804,14.1841],[44.8128,14.1723],[44.8022,14.1278],[44.7731,14.0825],[44.7781,14.0739],[44.7757,14.0575],[44.7666,14.0383],[44.7684,14.0269],[44.7645,14.0138],[44.7871,14.0022],[44.8091,13.9833],[44.8135,13.965],[44.8137,13.9444],[44.8194,13.9368],[44.818,13.9],[44.8286,13.9034],[44.8447,13.9229],[44.8508,13.9161],[44.876,13.9139],[44.9017,13.9012],[44.9032,13.8941],[44.9148,13.8903],[44.9254,13.8919],[44.9302,13.8846],[44.9494,13.8837],[44.9719,13.8693],[44.9807,13.874],[45.0027,13.8717],[45.0252,13.8739],[45.0303,13.866],[45.0455,13.8805],[45.0567,13.8823],[45.0869,13.8933],[45.0967,13.8924],[45.1157,13.8967],[45.1218,13.9075],[45.1285,13.9317],[45.1321,13.9735],[45.1516,13.9802],[45.1525,14.0247],[45.1477,14.0529],[45.1355,14.0635],[45.1176,14.0874],[45.0648,14.0938],[45.06,14.1134],[45.0683,14.1202],[45.0648,14.1424],[45.0508,14.1671],[45.0159,14.1871],[45.0065,14.197],[44.9962,14.2192],[44.9576,14.2369]]]},"properties":{"id":"YE3001","gov":"YE30","ar":"جبن","en":"Juban"}},{"type":"Feature","geometry":{"type":"MultiPolygon","coordinates":[[[[42.6365,15.4571],[42.624,15.4559],[42.6095,15.4444],[42.5991,15.4429],[42.599,15.4264],[42.5866,15.4265],[42.5749,15.408],[42.5565,15.3899],[42.5534,15.3694],[42.5601,15.3631],[42.5654,15.3481],[42.5598,15.3232],[42.5344,15.3094],[42.5367,15.3005],[42.5581,15.2777],[42.5736,15.2648],[42.5887,15.2633],[42.5998,15.2882],[42.6169,15.3034],[42.6055,15.3092],[42.6121,15.321],[42.6209,15.3229],[42.6199,15.3408],[42.6153,15.3489],[42.6187,15.3582],[42.6284,15.3678],[42.6313,15.3915],[42.629,15.4036],[42.6172,15.399],[42.5961,15.3851],[42.5717,15.3938],[42.5812,15.4021],[42.6119,15.4017],[42.6076,15.4131],[42.5958,15.411],[42.5886,15.4173],[42.606,15.4225],[42.6079,15.4304],[42.6186,15.4376],[42.6241,15.4335],[42.6438,15.4436],[42.6365,15.4571]]],[[[42.1928,15.0678],[42.1831,15.0789],[42.1609,15.0619],[42.1681,15.0413],[42.1794,15.029],[42.1952,15.0443],[42.1906,15.0559],[42.1928,15.0678]]],[[[41.8426,15.5574],[41.8258,15.5532],[41.815,15.5371],[41.8259,15.5236],[41.8494,15.5336],[41.8517,15.5465],[41.8426,15.5574]]],[[[42.0607,15.1959],[42.053,15.2198],[42.0416,15.2216],[42.0413,15.1897],[42.0511,15.1834],[42.0607,15.1959]]],[[[42.3703,15.5324],[42.3696,15.5211],[42.3786,15.4918],[42.404,15.4706],[42.4111,15.4752],[42.3853,15.4923],[42.3788,15.4997],[42.3758,15.5241],[42.3703,15.5324]]],[[[42.0315,15.1792],[42.0332,15.1827],[42.0259,15.2082],[42.0182,15.2],[42.0235,15.1844],[42.0315,15.1792]]],[[[42.1644,15.0289],[42.1551,15.0307],[42.1503,15.0213],[42.1665,15.0144],[42.1644,15.0289]]]]},"properties":{"id":"YE1803","gov":"YE18","ar":"كمران","en":"Kamaran"}},{"type":"Feature","geometry":{"type":"Polygon","coordinates":[[[47.0024,16.95],[47,16.95],[46.8907,17.0959],[46.75,17.2833],[46.6062,17.2647],[46.3667,17.2333],[46.1,17.25],[45.8578,17.2791],[45.5616,17.3143],[45.4,17.3333],[45.2167,17.4333],[44.9533,17.4335],[44.953,17.2333],[44.9528,17.0527],[44.9529,16.9471],[44.8859,16.9518],[44.8714,16.9413],[44.8615,16.9426],[44.8511,16.9375],[44.8487,16.9252],[44.8354,16.9092],[44.8148,16.9059],[44.7914,16.892],[44.7778,16.8876],[44.7436,16.8816],[44.7228,16.8726],[44.6975,16.8554],[44.6852,16.8518],[44.6634,16.8543],[44.6476,16.8468],[44.6264,16.8211],[44.6034,16.8049],[44.5878,16.7988],[44.6475,16.7793],[44.6546,16.7738],[44.6573,16.7417],[44.6602,16.6834],[44.6678,16.6442],[44.6794,16.6205],[44.6916,16.576],[44.695,16.555],[44.6909,16.5332],[44.6399,16.4555],[44.629,16.4375],[44.6643,16.4282],[44.6936,16.4129],[44.704,16.3997],[44.7331,16.3821],[44.7638,16.3827],[44.7946,16.3788],[44.8409,16.3657],[44.8785,16.3457],[44.9292,16.2995],[44.942,16.2928],[44.9648,16.2868],[44.987,16.2892],[45.0234,16.2856],[45.0438,16.2294],[45.0445,16.1922],[45.1254,16.1629],[45.2058,16.0934],[45.2413,15.9887],[45.2513,15.7539],[45.2867,15.7533],[45.4811,15.7539],[45.4893,15.7577],[45.5157,15.7798],[45.5342,15.799],[45.5469,15.8155],[45.5909,15.8798],[45.6336,15.9216],[45.6728,15.9487],[45.7103,15.9697],[45.7546,15.9904],[45.7845,16.0012],[45.8221,16.0118],[45.9551,16.0322],[46.0033,16.0401],[46.29,16.0877],[46.4459,16.1131],[46.8108,16.1619],[46.841,16.1954],[47.0022,16.3706],[47.0026,16.5606],[47.0031,16.7407],[47.0024,16.95]]]},"properties":{"id":"YE1601","gov":"YE16","ar":"خب و الشعف","en":"Khab wa Ash Sha'f"}},{"type":"Feature","geometry":{"type":"Polygon","coordinates":[[[44.0729,16.0552],[44.05,16.0479],[44.0405,16.054],[44.0283,16.0521],[43.9906,16.0588],[43.993,16.0704],[43.9723,16.0716],[43.961,16.0622],[43.9442,16.0664],[43.9361,16.0751],[43.8875,16.097],[43.8754,16.1058],[43.8691,16.1231],[43.8379,16.1229],[43.8271,16.109],[43.8141,16.0998],[43.8108,16.0924],[43.8112,16.0667],[43.7924,16.0557],[43.7978,16.0366],[43.7979,16.0248],[43.8092,16.0025],[43.8191,15.9927],[43.8287,15.979],[43.839,15.9716],[43.8484,15.943],[43.8856,15.945],[43.8926,15.9504],[43.9062,15.9469],[43.9092,15.9096],[43.9065,15.8919],[43.9149,15.8793],[43.9289,15.8737],[43.9324,15.8946],[43.937,15.9026],[43.9471,15.9029],[43.9597,15.8922],[43.9625,15.9022],[43.9709,15.9086],[43.9791,15.9248],[43.9968,15.9479],[44.0138,15.9636],[44.0244,15.9544],[44.0403,15.9555],[44.0424,15.9614],[44.0476,15.9719],[44.0513,16.0001],[44.049,16.029],[44.0527,16.0336],[44.0746,16.0432],[44.0729,16.0552]]]},"properties":{"id":"YE2919","gov":"YE29","ar":"خمر","en":"Khamir"}},{"type":"Feature","geometry":{"type":"Polygon","coordinates":[[[46.3917,13.4174],[46.3762,13.4449],[46.3658,13.4714],[46.3586,13.5096],[46.3613,13.5351],[46.3705,13.5742],[46.3688,13.6265],[46.3635,13.6551],[46.3582,13.6674],[46.3406,13.695],[46.324,13.7144],[46.299,13.7278],[46.2801,13.731],[46.2784,13.7216],[46.2656,13.697],[46.2441,13.6746],[46.0896,13.5902],[46.0366,13.5697],[45.9584,13.5475],[45.8446,13.5152],[45.7995,13.4895],[45.7794,13.5046],[45.7611,13.5056],[45.7384,13.5249],[45.7192,13.5485],[45.7099,13.5693],[45.6973,13.6195],[45.6841,13.6269],[45.6691,13.6231],[45.6622,13.6159],[45.6176,13.6119],[45.5796,13.6005],[45.5603,13.5824],[45.5013,13.5374],[45.4629,13.5115],[45.4409,13.5025],[45.4171,13.4828],[45.3968,13.469],[45.347,13.4432],[45.335,13.4392],[45.2857,13.4342],[45.2461,13.4162],[45.2419,13.4162],[45.2584,13.3857],[45.2546,13.3805],[45.2331,13.3796],[45.1438,13.3897],[45.1442,13.3551],[45.1467,13.3427],[45.1572,13.33],[45.1708,13.3076],[45.1711,13.2873],[45.1677,13.2758],[45.1556,13.2564],[45.1284,13.2268],[45.1102,13.1992],[45.1075,13.1863],[45.1071,13.1844],[45.0952,12.9564],[45.0956,12.9363],[45.119,12.9688],[45.138,12.9852],[45.1658,13.0002],[45.1949,13.0124],[45.2598,13.0331],[45.2899,13.0405],[45.3634,13.0516],[45.3756,13.0552],[45.392,13.0648],[45.3808,13.0788],[45.3758,13.0968],[45.3668,13.1087],[45.3705,13.118],[45.3602,13.1237],[45.3605,13.1403],[45.3563,13.1486],[45.3726,13.1533],[45.4074,13.1711],[45.4207,13.1869],[45.4283,13.2117],[45.4331,13.2158],[45.5173,13.2214],[45.5535,13.2619],[45.5964,13.3008],[45.6015,13.3036],[45.6411,13.3394],[45.6583,13.3494],[45.6778,13.3552],[45.7047,13.355],[45.7267,13.36],[45.7396,13.367],[45.7622,13.3695],[45.801,13.3828],[45.8363,13.3878],[45.8663,13.3978],[45.8843,13.3947],[45.9093,13.3964],[45.9161,13.4012],[45.9402,13.4067],[45.969,13.4076],[45.9986,13.417],[46.0262,13.4205],[46.0458,13.4194],[46.0706,13.4137],[46.093,13.4169],[46.1198,13.418],[46.1313,13.4211],[46.1611,13.4203],[46.1795,13.4253],[46.2077,13.4267],[46.2236,13.4317],[46.2491,13.4336],[46.2748,13.4322],[46.2971,13.4237],[46.3175,13.4241],[46.3565,13.4134],[46.3748,13.4128],[46.3917,13.4174]]]},"properties":{"id":"YE1211","gov":"YE12","ar":"خنفر","en":"Khanfar"}},{"type":"Feature","geometry":{"type":"Polygon","coordinates":[[[44.418,16.5717],[44.3788,16.5954],[44.3697,16.6069],[44.3442,16.6205],[44.3277,16.6227],[44.2853,16.6425],[44.2397,16.6604],[44.2262,16.6677],[44.2088,16.683],[44.1211,16.7204],[44.1018,16.6447],[44.1211,16.6286],[44.1539,16.6101],[44.1729,16.6068],[44.1879,16.5903],[44.211,16.5708],[44.2289,16.5638],[44.2382,16.5637],[44.2482,16.5571],[44.2538,16.5461],[44.27,16.5423],[44.2635,16.5295],[44.2619,16.4886],[44.3075,16.4889],[44.3235,16.5027],[44.3448,16.5022],[44.3606,16.5054],[44.3665,16.5136],[44.3646,16.5279],[44.3743,16.5467],[44.3891,16.5597],[44.418,16.5717]]]},"properties":{"id":"YE1612","gov":"YE16","ar":"خراب المراشى","en":"Kharab Al Marashi"}},{"type":"Feature","geometry":{"type":"Polygon","coordinates":[[[44.0424,15.9614],[44.0403,15.9555],[44.0244,15.9544],[44.0138,15.9636],[43.9968,15.9479],[43.9791,15.9248],[44.0041,15.9151],[44.0032,15.9028],[44.0242,15.8864],[44.031,15.87],[44.0243,15.8425],[44.0621,15.816],[44.0577,15.8012],[44.0637,15.7815],[44.0588,15.7754],[44.0406,15.7767],[44.0324,15.7646],[44.0376,15.7519],[44.0471,15.7508],[44.0687,15.764],[44.0784,15.7633],[44.0937,15.7451],[44.1214,15.7454],[44.1488,15.7482],[44.171,15.7572],[44.1803,15.7764],[44.1812,15.8238],[44.1692,15.852],[44.1556,15.87],[44.1517,15.8966],[44.1513,15.914],[44.1307,15.9137],[44.1128,15.9101],[44.0766,15.9192],[44.0613,15.9273],[44.0584,15.9467],[44.0424,15.9614]]]},"properties":{"id":"YE2910","gov":"YE29","ar":"خارف","en":"Kharif"}},{"type":"Feature","geometry":{"type":"Polygon","coordinates":[[[44.9581,15.3396],[44.9348,15.3473],[44.9175,15.3573],[44.8719,15.394],[44.8365,15.4107],[44.8073,15.4153],[44.805,15.3672],[44.8026,15.3449],[44.7903,15.3272],[44.7795,15.3227],[44.7571,15.3215],[44.7454,15.3172],[44.7197,15.3235],[44.7057,15.3319],[44.6939,15.3512],[44.694,15.3569],[44.6773,15.3493],[44.6658,15.3407],[44.6439,15.3461],[44.6089,15.351],[44.6057,15.3334],[44.5927,15.3113],[44.5913,15.2962],[44.5902,15.2856],[44.5976,15.2797],[44.5976,15.267],[44.5814,15.2512],[44.5733,15.2512],[44.57,15.2401],[44.5732,15.2272],[44.5945,15.207],[44.6189,15.1991],[44.6352,15.1897],[44.6549,15.1735],[44.6613,15.1534],[44.6634,15.1344],[44.6863,15.1351],[44.7342,15.1546],[44.7576,15.159],[44.7709,15.1785],[44.7653,15.2163],[44.7575,15.2423],[44.7652,15.2661],[44.7847,15.2833],[44.8176,15.265],[44.8444,15.2543],[44.8745,15.2543],[44.9056,15.2705],[44.9335,15.2997],[44.9518,15.325],[44.9581,15.3396]]]},"properties":{"id":"YE2312","gov":"YE23","ar":"خولان","en":"Khawlan"}},{"type":"Feature","geometry":{"type":"Polygon","coordinates":[[[43.3705,16.1916],[43.3619,16.1914],[43.349,16.2001],[43.3336,16.2034],[43.3022,16.1967],[43.3031,16.1862],[43.2971,16.1812],[43.2769,16.1759],[43.2737,16.1633],[43.2769,16.1567],[43.3223,16.1147],[43.3359,16.1082],[43.3439,16.0909],[43.3543,16.0817],[43.3566,16.0722],[43.3485,16.0591],[43.3524,16.0449],[43.3492,16.0386],[43.3498,16.0179],[43.3568,16.0202],[43.367,16.0044],[43.3637,15.9964],[43.3452,15.9857],[43.3433,15.9584],[43.3643,15.9451],[43.3809,15.9636],[43.3765,15.9788],[43.3816,15.9884],[43.3809,15.9982],[43.3862,16.0084],[43.386,16.0257],[43.3927,16.0604],[43.4006,16.0734],[43.4019,16.0976],[43.3978,16.1194],[43.386,16.1365],[43.3758,16.1398],[43.3735,16.1527],[43.3791,16.176],[43.3705,16.1916]]]},"properties":{"id":"YE1711","gov":"YE17","ar":"خيران المحرق","en":"Khayran Al Muharraq"}},{"type":"Feature","geometry":{"type":"Polygon","coordinates":[[[45.0401,12.7899],[45.044,12.8174],[45.0592,12.8646],[45.0795,12.9084],[45.0956,12.9363],[45.0836,12.9389],[45.0427,12.9428],[45.0467,12.9232],[45.0487,12.9133],[45.0313,12.8478],[45.0218,12.8477],[45.0193,12.8446],[45.0118,12.8372],[45.0009,12.8441],[45.0007,12.8438],[45.0094,12.8385],[45.0128,12.8241],[45.0255,12.8038],[45.0271,12.7935],[45.0401,12.7899]]]},"properties":{"id":"YE2408","gov":"YE24","ar":"خور مكسر","en":"Khur Maksar"}},{"type":"Feature","geometry":{"type":"MultiPolygon","coordinates":[[[[44.9533,17.4335],[44.65,17.4333],[44.5667,17.4056],[44.4667,17.4333],[44.3661,17.4333],[44.2712,17.4221],[44.227,17.4179],[44.2083,17.4139],[44.1793,17.4138],[44.1381,17.4089],[44.1308,17.3836],[44.1108,17.3664],[44.1006,17.3661],[44.0667,17.4058],[44.0496,17.4049],[44.0233,17.3913],[44.0114,17.4025],[43.9667,17.3306],[43.9081,17.3412],[43.9056,17.3178],[43.9069,17.0988],[43.8967,17.0798],[43.887,17.0695],[43.8625,17.052],[43.8502,17.0391],[43.8457,17.0242],[43.8296,17.0012],[43.9076,16.9869],[43.9078,16.951],[43.8113,16.9505],[43.8214,16.9266],[43.8733,16.9087],[43.8965,16.8986],[43.9043,16.8878],[43.9083,16.8662],[43.9084,16.8408],[43.9038,16.816],[43.9069,16.7969],[43.9118,16.7904],[43.9268,16.7837],[43.9812,16.7698],[44.0559,16.7469],[44.121,16.7397],[44.1091,16.7625],[44.1093,16.7804],[44.1159,16.8366],[44.1247,16.8492],[44.1592,16.8739],[44.1515,16.8879],[44.1844,16.9119],[44.1907,16.9407],[44.1992,16.9467],[44.2428,16.9497],[44.2663,16.9544],[44.2733,16.9613],[44.2917,16.9597],[44.3039,16.9642],[44.3105,16.975],[44.311,17.0288],[44.3159,17.0414],[44.3358,17.0621],[44.3594,17.0694],[44.4242,17.022],[44.4607,17.0423],[44.4786,17.0538],[44.4999,17.0596],[44.5194,17.0774],[44.5299,17.094],[44.5535,17.1077],[44.5847,17.1057],[44.6464,17.1038],[44.7544,17.1026],[44.7812,17.0995],[44.7992,17.0952],[44.835,17.0718],[44.8566,17.0634],[44.9085,17.0549],[44.9528,17.0527],[44.953,17.2333],[44.9533,17.4335]]],[[[43.8171,16.8633],[43.8081,16.8555],[43.8195,16.8383],[43.8537,16.8331],[43.8342,16.8625],[43.8171,16.8633]]]]},"properties":{"id":"YE2214","gov":"YE22","ar":"كتاف والبقع","en":"Kitaf wa Al Boqa'"}},{"type":"Feature","geometry":{"type":"Polygon","coordinates":[[[45.0401,12.7899],[45.0271,12.7935],[45.0261,12.7878],[45.0087,12.7791],[45.0053,12.7587],[45.0116,12.7543],[45.0371,12.7545],[45.0469,12.7684],[45.0401,12.7899]]]},"properties":{"id":"YE2407","gov":"YE24","ar":"صيره","en":"Kritar - Sirah"}},{"type":"Feature","geometry":{"type":"Polygon","coordinates":[[[43.3074,15.9429],[43.2899,15.9569],[43.2581,15.9545],[43.2481,15.9468],[43.2259,15.9363],[43.2175,15.9273],[43.2139,15.9011],[43.2236,15.8817],[43.2431,15.8692],[43.2448,15.8401],[43.2444,15.8069],[43.2397,15.7666],[43.2238,15.7433],[43.2139,15.7248],[43.2148,15.712],[43.2309,15.6927],[43.2433,15.6822],[43.2667,15.6816],[43.2702,15.6971],[43.2697,15.7128],[43.2847,15.731],[43.3177,15.7494],[43.3335,15.7496],[43.3529,15.7359],[43.3616,15.7335],[43.3735,15.7438],[43.3764,15.7556],[43.3978,15.7563],[43.4149,15.7434],[43.4292,15.7383],[43.4436,15.7386],[43.4661,15.7382],[43.4958,15.7333],[43.4833,15.759],[43.483,15.7758],[43.501,15.7787],[43.507,15.7883],[43.5115,15.8262],[43.4784,15.8297],[43.4657,15.836],[43.4544,15.8326],[43.4585,15.8191],[43.4315,15.813],[43.4127,15.8148],[43.3954,15.8342],[43.3906,15.8474],[43.3766,15.857],[43.3619,15.8571],[43.3494,15.8627],[43.3366,15.8741],[43.3161,15.8822],[43.3054,15.8904],[43.2961,15.9086],[43.2992,15.9377],[43.3074,15.9429]]]},"properties":{"id":"YE1722","gov":"YE17","ar":"كعيدنه","en":"Ku'aydinah"}},{"type":"Feature","geometry":{"type":"Polygon","coordinates":[[[43.7511,15.7415],[43.7355,15.7539],[43.7114,15.753],[43.7153,15.7711],[43.7076,15.7874],[43.7117,15.7945],[43.7064,15.8158],[43.7179,15.8233],[43.7289,15.8415],[43.719,15.8522],[43.7166,15.864],[43.7067,15.8485],[43.6969,15.8557],[43.6633,15.8425],[43.6577,15.825],[43.6456,15.8046],[43.6441,15.7938],[43.6609,15.7788],[43.6507,15.7404],[43.6675,15.7288],[43.6927,15.7253],[43.6982,15.7182],[43.6854,15.7126],[43.6859,15.7066],[43.7031,15.6927],[43.6906,15.6671],[43.6853,15.6645],[43.7122,15.6534],[43.7374,15.6535],[43.7276,15.7001],[43.7416,15.708],[43.7409,15.7265],[43.7511,15.7415]]]},"properties":{"id":"YE1718","gov":"YE17","ar":"كحلان عفار","en":"Kuhlan Afar"}},{"type":"Feature","geometry":{"type":"Polygon","coordinates":[[[43.5414,15.9724],[43.5482,15.9816],[43.5452,15.9967],[43.5193,16.0007],[43.5139,16.0043],[43.4987,16.0349],[43.4891,16.0442],[43.4978,16.0548],[43.4943,16.0673],[43.4807,16.077],[43.4586,16.0745],[43.4433,16.0686],[43.4474,16.0485],[43.4443,16.0399],[43.4321,16.038],[43.4331,16.0286],[43.4273,16.0161],[43.4316,16.002],[43.43,15.9922],[43.4473,15.9891],[43.4563,15.9997],[43.4768,15.9905],[43.4938,15.994],[43.5091,15.982],[43.5414,15.9724]]]},"properties":{"id":"YE1709","gov":"YE17","ar":"كحلان الشرف","en":"Kuhlan Ash Sharaf"}},{"type":"Feature","geometry":{"type":"Polygon","coordinates":[[[43.5143,16.2583],[43.4903,16.2534],[43.459,16.2571],[43.432,16.2641],[43.4151,16.2498],[43.406,16.2478],[43.3865,16.2305],[43.3762,16.2145],[43.3705,16.1916],[43.3791,16.176],[43.3735,16.1527],[43.3758,16.1398],[43.386,16.1365],[43.3978,16.1194],[43.4019,16.0976],[43.412,16.0974],[43.4238,16.0822],[43.4362,16.081],[43.4399,16.0967],[43.4795,16.0823],[43.5006,16.0834],[43.5133,16.0982],[43.5273,16.1033],[43.5559,16.0988],[43.5728,16.0982],[43.5752,16.1104],[43.5641,16.1779],[43.5608,16.1928],[43.5207,16.205],[43.5201,16.2349],[43.5134,16.2434],[43.5143,16.2583]]]},"properties":{"id":"YE1707","gov":"YE17","ar":"كشر","en":"Kushar"}},{"type":"Feature","geometry":{"type":"Polygon","coordinates":[[[43.7802,14.4593],[43.7698,14.4849],[43.7463,14.4974],[43.7411,14.5134],[43.7324,14.5295],[43.701,14.5674],[43.6929,14.5859],[43.6598,14.6098],[43.6466,14.6331],[43.6319,14.6452],[43.6134,14.6448],[43.5867,14.6194],[43.5886,14.606],[43.5967,14.5987],[43.6048,14.5823],[43.6039,14.5744],[43.594,14.5653],[43.5969,14.5499],[43.6094,14.5543],[43.6123,14.546],[43.6088,14.5257],[43.6211,14.5052],[43.6423,14.4903],[43.653,14.4661],[43.6624,14.4696],[43.6839,14.4662],[43.6863,14.4695],[43.716,14.4702],[43.7299,14.4507],[43.7371,14.4464],[43.7493,14.4514],[43.7574,14.4606],[43.7667,14.4543],[43.7802,14.4593]]]},"properties":{"id":"YE3105","gov":"YE31","ar":"كسمه","en":"Kusmah"}},{"type":"Feature","geometry":{"type":"Polygon","coordinates":[[[46.151,14.013],[46.1313,14.0448],[46.1296,14.079],[46.1218,14.1021],[46.1105,14.1153],[46.0957,14.1213],[46.0562,14.1302],[46.0253,14.1352],[46.0093,14.1331],[46.0014,14.1155],[45.9849,14.104],[45.9567,14.0921],[45.9638,14.0579],[45.9713,14.0413],[45.958,14.0211],[45.8824,13.9736],[45.8277,13.9425],[45.7635,13.9004],[45.7144,13.8545],[45.6785,13.8417],[45.6403,13.8345],[45.6171,13.8327],[45.5881,13.8456],[45.5694,13.8751],[45.56,13.8965],[45.518,13.9051],[45.5017,13.9],[45.4697,13.9011],[45.4734,13.8804],[45.4844,13.8608],[45.5038,13.8204],[45.5037,13.8104],[45.4951,13.7862],[45.4757,13.7442],[45.496,13.7266],[45.5081,13.71],[45.5129,13.6971],[45.5236,13.6863],[45.5337,13.6592],[45.5625,13.6168],[45.5796,13.6005],[45.6176,13.6119],[45.6622,13.6159],[45.6691,13.6231],[45.6841,13.6269],[45.6973,13.6195],[45.7099,13.5693],[45.7192,13.5485],[45.7384,13.5249],[45.7611,13.5056],[45.7794,13.5046],[45.7995,13.4895],[45.8446,13.5152],[45.9584,13.5475],[45.904,13.647],[45.8704,13.6996],[45.8601,13.7214],[45.8586,13.7318],[45.8821,13.7497],[45.9028,13.7556],[45.9332,13.7723],[45.9533,13.7798],[45.9643,13.787],[45.9904,13.8145],[46.0308,13.8427],[46.0172,13.8542],[46.0073,13.876],[46.0041,13.9019],[46.0076,13.9227],[46.0157,13.9363],[46.038,13.9583],[46.0541,13.9699],[46.0816,13.985],[46.1187,13.997],[46.1363,14.0114],[46.151,14.013]]]},"properties":{"id":"YE1204","gov":"YE12","ar":"لودر","en":"Lawdar"}},{"type":"Feature","geometry":{"type":"Polygon","coordinates":[[[44.1857,15.4101],[44.1741,15.4173],[44.1575,15.4212],[44.1662,15.4024],[44.1451,15.3927],[44.1492,15.3729],[44.149,15.3552],[44.1491,15.3416],[44.1592,15.34],[44.1905,15.3441],[44.1919,15.3634],[44.1784,15.3747],[44.1723,15.3931],[44.1857,15.4101]]]},"properties":{"id":"YE1308","gov":"YE13","ar":"معين","en":"Ma'in"}},{"type":"Feature","geometry":{"type":"Polygon","coordinates":[[[46.3072,15.6062],[46.3676,15.678],[46.4721,15.7973],[46.6181,15.9652],[46.8108,16.1619],[46.4459,16.1131],[46.29,16.0877],[46.0033,16.0401],[45.9551,16.0322],[45.8221,16.0118],[45.7845,16.0012],[45.7546,15.9904],[45.7103,15.9697],[45.6728,15.9487],[45.6336,15.9216],[45.5909,15.8798],[45.5469,15.8155],[45.5342,15.799],[45.5157,15.7798],[45.4893,15.7577],[45.4811,15.7539],[45.2867,15.7533],[45.2513,15.7539],[45.2314,15.7053],[45.2188,15.6677],[45.2093,15.6412],[45.2073,15.6284],[45.2091,15.5874],[45.2082,15.5679],[45.2165,15.5286],[45.2341,15.4863],[45.2598,15.4868],[45.2745,15.4899],[45.3004,15.5007],[45.3084,15.5008],[45.3297,15.4931],[45.3436,15.4805],[45.3476,15.4719],[45.3615,15.4705],[45.3636,15.4619],[45.3733,15.4624],[45.3723,15.4516],[45.3815,15.4396],[45.3841,15.4296],[45.3776,15.4215],[45.3547,15.4245],[45.3572,15.4156],[45.3344,15.3979],[45.3234,15.386],[45.3214,15.3687],[45.3014,15.3468],[45.3666,15.3162],[45.3976,15.2951],[45.4085,15.2858],[45.4436,15.2491],[45.456,15.233],[45.4736,15.1934],[45.4823,15.1412],[45.4869,15.134],[45.4809,15.1151],[45.5939,15.1131],[45.601,15.1279],[45.6845,15.1853],[45.7941,15.2602],[45.9878,15.3895],[46.164,15.5068],[46.2979,15.5959],[46.3072,15.6062]]]},"properties":{"id":"YE2613","gov":"YE26","ar":"مارب","en":"Ma'rib"}},{"type":"Feature","geometry":{"type":"Polygon","coordinates":[[[45.3014,15.3468],[45.3214,15.3687],[45.3234,15.386],[45.3344,15.3979],[45.3572,15.4156],[45.3547,15.4245],[45.3776,15.4215],[45.3841,15.4296],[45.3815,15.4396],[45.3723,15.4516],[45.3733,15.4624],[45.3636,15.4619],[45.3615,15.4705],[45.3476,15.4719],[45.3436,15.4805],[45.3297,15.4931],[45.3084,15.5008],[45.3004,15.5007],[45.2745,15.4899],[45.2598,15.4868],[45.2341,15.4863],[45.2403,15.4625],[45.2431,15.4323],[45.2399,15.3958],[45.2647,15.3809],[45.289,15.361],[45.3014,15.3468]]]},"properties":{"id":"YE2612","gov":"YE26","ar":"مدينة مارب","en":"Ma'rib City"}},{"type":"Feature","geometry":{"type":"Polygon","coordinates":[[[43.5514,15.6829],[43.5644,15.7036],[43.5868,15.7127],[43.6007,15.7151],[43.612,15.7254],[43.6284,15.7412],[43.6214,15.7544],[43.6011,15.8024],[43.5744,15.8182],[43.5524,15.8363],[43.5408,15.8352],[43.5305,15.8291],[43.5115,15.8262],[43.507,15.7883],[43.501,15.7787],[43.483,15.7758],[43.4833,15.759],[43.4958,15.7333],[43.4956,15.7098],[43.4877,15.6888],[43.5068,15.6753],[43.5186,15.674],[43.5259,15.6855],[43.5432,15.6779],[43.5514,15.6829]]]},"properties":{"id":"YE1720","gov":"YE17","ar":"مبين","en":"Mabyan"}},{"type":"Feature","geometry":{"type":"Polygon","coordinates":[[[45.2188,15.6677],[45.1139,15.6813],[45.094,15.6981],[45.0199,15.7045],[44.9791,15.7229],[44.9556,15.728],[44.9288,15.7285],[44.8986,15.7215],[44.889,15.6956],[44.886,15.6363],[44.8757,15.6234],[44.8774,15.6041],[44.9028,15.5817],[44.9105,15.5691],[44.9342,15.5747],[44.9787,15.5739],[45.0065,15.5754],[45.1214,15.5507],[45.1622,15.5458],[45.1947,15.5374],[45.2165,15.5286],[45.2082,15.5679],[45.2091,15.5874],[45.2073,15.6284],[45.2093,15.6412],[45.2188,15.6677]]]},"properties":{"id":"YE2603","gov":"YE26","ar":"مدغل الجدعان","en":"Madghal Al Jid'an"}},{"type":"Feature","geometry":{"type":"Polygon","coordinates":[[[44.1946,14.4593],[44.2002,14.4858],[44.1761,14.4971],[44.1738,14.5183],[44.1824,14.5412],[44.1825,14.5483],[44.17,14.5666],[44.1523,14.5617],[44.1359,14.5565],[44.1301,14.5607],[44.1088,14.5594],[44.0949,14.5621],[44.0837,14.5561],[44.0795,14.5624],[44.0559,14.5609],[44.0523,14.5574],[44.0527,14.5461],[44.0616,14.5438],[44.0635,14.5334],[44.0707,14.5287],[44.0725,14.518],[44.0883,14.514],[44.0865,14.5024],[44.0762,14.4956],[44.0812,14.4827],[44.0802,14.4688],[44.0515,14.4678],[44.0484,14.4471],[44.0757,14.4605],[44.0801,14.43],[44.0782,14.4113],[44.0808,14.3897],[44.0869,14.3718],[44.0951,14.3641],[44.1038,14.3688],[44.1194,14.3693],[44.145,14.3761],[44.1715,14.3866],[44.1875,14.4084],[44.1887,14.4269],[44.1946,14.4593]]]},"properties":{"id":"YE2004","gov":"YE20","ar":"مغرب عنس","en":"Maghrib Ans"}},{"type":"Feature","geometry":{"type":"Polygon","coordinates":[[[45.2561,14.7382],[45.2418,14.722],[45.2249,14.7447],[45.2087,14.7615],[45.1942,14.7831],[45.1755,14.8245],[45.1729,14.8368],[45.1639,14.8477],[45.1391,14.8342],[45.1147,14.8184],[45.1018,14.8124],[45.0625,14.8071],[45.0742,14.7914],[45.0778,14.7816],[45.0729,14.7643],[45.0628,14.7495],[45.0615,14.7394],[45.0748,14.6919],[45.0904,14.6477],[45.0975,14.6418],[45.0963,14.6282],[45.1088,14.5904],[45.1031,14.5626],[45.1251,14.5141],[45.131,14.487],[45.1662,14.4998],[45.1869,14.5043],[45.1954,14.5289],[45.2126,14.5501],[45.2381,14.5592],[45.2569,14.5576],[45.2966,14.5346],[45.3159,14.5295],[45.3148,14.5548],[45.2987,14.5566],[45.2823,14.5719],[45.2802,14.5861],[45.2795,14.5945],[45.2672,14.6166],[45.2546,14.632],[45.2642,14.6579],[45.2806,14.6735],[45.3009,14.6778],[45.2958,14.6879],[45.2791,14.7065],[45.2709,14.7219],[45.2561,14.7382]]]},"properties":{"id":"YE2610","gov":"YE26","ar":"ماهليه","en":"Mahliyah"}},{"type":"Feature","geometry":{"type":"Polygon","coordinates":[[[43.6822,17.2116],[43.683,17.2513],[43.6775,17.2917],[43.6861,17.3078],[43.6834,17.3341],[43.5683,17.319],[43.5684,17.3057],[43.5134,17.2953],[43.5056,17.287],[43.5035,17.2766],[43.5139,17.2402],[43.5119,17.2148],[43.4929,17.221],[43.4545,17.2551],[43.4228,17.248],[43.4248,17.2259],[43.417,17.2007],[43.4002,17.2158],[43.3833,17.2105],[43.3382,17.2023],[43.3177,17.2075],[43.3284,17.1818],[43.3337,17.1577],[43.3307,17.1341],[43.3369,17.1204],[43.3364,17.0899],[43.3334,17.0806],[43.3349,17.0562],[43.3288,17.0346],[43.3351,17.0245],[43.3659,17.0119],[43.3839,16.9982],[43.3891,16.982],[43.3997,16.9776],[43.4122,16.9801],[43.4179,16.9702],[43.4406,16.9594],[43.4519,16.9582],[43.4714,16.9658],[43.4899,16.9825],[43.5101,16.9848],[43.5319,16.9713],[43.5485,16.9578],[43.5548,16.9643],[43.579,16.9663],[43.5881,16.9702],[43.6047,16.9914],[43.6097,17.0046],[43.6169,17.007],[43.6085,17.0343],[43.6088,17.0463],[43.6194,17.0585],[43.6174,17.0719],[43.6081,17.0817],[43.6125,17.0976],[43.6247,17.1016],[43.6387,17.1001],[43.6509,17.1194],[43.6704,17.1274],[43.7016,17.133],[43.7038,17.1399],[43.6871,17.1831],[43.6822,17.2116]]]},"properties":{"id":"YE2210","gov":"YE22","ar":"مجز","en":"Majz"}},{"type":"Feature","geometry":{"type":"Polygon","coordinates":[[[44.7154,16.0287],[44.5928,16.0285],[44.575,16.0019],[44.6284,15.9891],[44.6452,15.9712],[44.6517,15.9483],[44.6723,15.8665],[44.6775,15.8162],[44.6854,15.7905],[44.729,15.6685],[44.7628,15.639],[44.7859,15.6292],[44.7925,15.6209],[44.7796,15.6003],[44.8379,15.5564],[44.8486,15.5572],[44.8715,15.5705],[44.8859,15.5717],[44.9105,15.5691],[44.9028,15.5817],[44.8774,15.6041],[44.8757,15.6234],[44.886,15.6363],[44.889,15.6956],[44.8986,15.7215],[44.9091,15.7661],[44.9194,15.7793],[44.9506,15.7888],[44.9636,15.7899],[44.9774,15.8083],[44.9995,15.8204],[45.0231,15.8454],[45.0301,15.8651],[45.0598,15.8812],[44.9046,15.9842],[44.8467,16.0229],[44.8381,16.0288],[44.7154,16.0287]]]},"properties":{"id":"YE2601","gov":"YE26","ar":"مجزر","en":"Majzar"}},{"type":"Feature","geometry":{"type":"Polygon","coordinates":[[[51.9024,16.6068],[51.8374,16.641],[51.7775,16.6848],[51.7366,16.7239],[51.7025,16.7586],[51.6613,16.8087],[51.6023,16.897],[51.5673,16.9482],[51.538,16.994],[51.518,17.0185],[51.4865,17.0469],[51.4523,17.0611],[51.4317,17.0654],[51.412,17.0662],[51.3323,17.0834],[51.2922,17.0885],[51.2708,17.0877],[51.2526,17.0823],[51.1264,17.036],[51.1102,17.0255],[51.0846,17.016],[51.0674,17.0013],[51.0241,16.9763],[50.9985,16.9556],[50.9798,16.9363],[50.9501,16.9131],[50.8966,16.8901],[50.8678,16.8824],[50.8533,16.8756],[50.8102,16.8717],[50.7661,16.872],[50.739,16.8738],[50.7157,16.8777],[50.6836,16.8787],[50.6485,16.8726],[50.6378,16.8619],[50.6333,16.8463],[50.63,16.8099],[50.6163,16.7763],[50.5895,16.7336],[50.5311,16.6831],[50.5037,16.6686],[50.4888,16.6685],[50.4655,16.6725],[50.3805,16.6767],[50.366,16.6731],[50.3229,16.6666],[50.2804,16.6655],[50.2648,16.6636],[50.2276,16.6639],[50.2178,16.6546],[50.2256,16.6427],[50.244,16.6327],[50.2471,16.6233],[50.2562,16.6182],[50.2599,16.6094],[50.239,16.5932],[50.2343,16.5779],[50.2169,16.5582],[50.2202,16.5457],[50.2446,16.5382],[50.257,16.5295],[50.2612,16.5205],[50.2704,16.5154],[50.2586,16.5056],[50.2597,16.4865],[50.2508,16.4729],[50.2492,16.4525],[50.2382,16.43],[50.2385,16.4098],[50.2149,16.3743],[50.2106,16.312],[50.1991,16.2891],[50.1994,16.2685],[50.1932,16.2542],[50.1701,16.2331],[50.1656,16.2179],[50.1641,16.1817],[50.1588,16.1677],[50.1583,16.1546],[50.1936,16.1423],[50.2142,16.1268],[50.2279,16.1211],[50.2438,16.0938],[50.2571,16.0867],[50.2629,16.0786],[50.2574,16.065],[50.2302,16.0333],[50.2263,16.0256],[50.2655,16.0164],[50.306,16.0037],[50.3193,15.9971],[50.3467,15.9911],[50.3914,15.9852],[50.4082,15.9812],[50.4295,15.9805],[50.4532,15.9761],[50.4759,15.9637],[50.4923,15.9374],[50.5245,15.9193],[50.5509,15.9109],[50.5791,15.9043],[50.6169,15.8919],[50.6409,15.8705],[50.6525,15.8633],[50.72,15.8432],[50.7958,15.826],[50.8205,15.8225],[50.8442,15.8168],[50.8696,15.8161],[50.8934,15.8205],[50.9175,15.833],[50.9639,15.8775],[51.0103,15.947],[51.0287,15.9661],[51.0498,15.9808],[51.0988,16.0012],[51.1196,16.0059],[51.1507,16.0094],[51.1952,16.011],[51.2277,16.0069],[51.3298,15.9974],[51.3606,15.992],[51.3902,15.9898],[51.4214,15.9844],[51.4565,15.9812],[51.4729,15.9773],[51.5362,15.9711],[51.5897,15.9621],[51.6216,15.9578],[51.6155,15.9945],[51.602,16.0176],[51.5753,16.0557],[51.5668,16.0875],[51.5669,16.129],[51.5782,16.1702],[51.5876,16.1885],[51.6044,16.2092],[51.6276,16.223],[51.6567,16.2289],[51.6965,16.2297],[51.7085,16.2356],[51.728,16.2577],[51.7538,16.2999],[51.7651,16.3261],[51.7802,16.3445],[51.8083,16.3734],[51.8354,16.3968],[51.8576,16.4268],[51.8643,16.4454],[51.8725,16.495],[51.8733,16.5121],[51.8821,16.5541],[51.9024,16.6068]]]},"properties":{"id":"YE2805","gov":"YE28","ar":"منعر","en":"Man'ar"}},{"type":"Feature","geometry":{"type":"Polygon","coordinates":[[[43.7125,15.2698],[43.7016,15.2783],[43.6829,15.2795],[43.6677,15.2708],[43.6608,15.2735],[43.6427,15.2699],[43.643,15.2554],[43.6304,15.2516],[43.6261,15.2443],[43.6057,15.2359],[43.5796,15.2352],[43.5666,15.2228],[43.553,15.1993],[43.5491,15.1804],[43.55,15.1604],[43.5562,15.1463],[43.5719,15.1442],[43.5957,15.1507],[43.6095,15.1363],[43.6167,15.1207],[43.6263,15.1133],[43.627,15.0988],[43.6389,15.0937],[43.6414,15.0873],[43.6575,15.0799],[43.6594,15.0539],[43.6423,15.0166],[43.6431,15.0078],[43.6435,14.9975],[43.6601,14.9825],[43.6662,14.9723],[43.6577,14.9663],[43.6487,14.9434],[43.6508,14.9359],[43.6437,14.9261],[43.6586,14.9105],[43.6657,14.8959],[43.6794,14.8838],[43.7051,14.8728],[43.7156,14.8606],[43.7255,14.8709],[43.7345,14.8862],[43.7449,14.9335],[43.7417,14.9572],[43.7447,14.9734],[43.7599,14.9806],[43.7795,15.0017],[43.791,15.0069],[43.8144,15.0063],[43.822,15.0093],[43.8293,15.07],[43.8186,15.0744],[43.8126,15.0694],[43.7946,15.0794],[43.7911,15.0979],[43.7999,15.1216],[43.801,15.1487],[43.7922,15.1689],[43.7952,15.186],[43.7752,15.1813],[43.7488,15.2044],[43.7467,15.2175],[43.7228,15.2371],[43.7217,15.2516],[43.7115,15.2624],[43.7125,15.2698]]]},"properties":{"id":"YE2310","gov":"YE23","ar":"مناخه","en":"Manakhah"}},{"type":"Feature","geometry":{"type":"Polygon","coordinates":[[[43.6545,13.9103],[43.6226,13.9127],[43.6101,13.9073],[43.5798,13.8984],[43.5645,13.8961],[43.5521,13.9001],[43.5353,13.901],[43.4871,13.8957],[43.482,13.8907],[43.4835,13.8757],[43.4819,13.8533],[43.4695,13.8325],[43.469,13.8246],[43.4735,13.8106],[43.4832,13.8033],[43.4815,13.7938],[43.5032,13.7866],[43.5034,13.7616],[43.5094,13.7373],[43.5087,13.713],[43.5657,13.6848],[43.5797,13.6739],[43.5852,13.6652],[43.5894,13.6248],[43.5828,13.5864],[43.5988,13.576],[43.6177,13.5085],[43.641,13.453],[43.6702,13.4099],[43.7554,13.3414],[43.7571,13.3341],[43.7855,13.3279],[43.7968,13.3311],[43.8091,13.3457],[43.8224,13.354],[43.8259,13.3739],[43.8166,13.3902],[43.8224,13.4017],[43.8376,13.4167],[43.8286,13.4217],[43.8267,13.4326],[43.8172,13.4426],[43.8137,13.4575],[43.8201,13.4688],[43.808,13.4927],[43.8001,13.4968],[43.7858,13.5172],[43.7891,13.5214],[43.805,13.5206],[43.8184,13.5339],[43.8208,13.5519],[43.8275,13.5576],[43.8661,13.5673],[43.8611,13.58],[43.8484,13.5826],[43.8283,13.5972],[43.8195,13.6095],[43.8098,13.6156],[43.7868,13.619],[43.77,13.6339],[43.752,13.662],[43.7489,13.6717],[43.7602,13.6979],[43.7501,13.7083],[43.7397,13.7387],[43.7248,13.7616],[43.7125,13.7707],[43.7005,13.7671],[43.6897,13.7553],[43.6609,13.7542],[43.6579,13.7661],[43.6205,13.8245],[43.6265,13.8351],[43.6518,13.8424],[43.6719,13.8559],[43.6649,13.8625],[43.6548,13.9014],[43.6545,13.9103]]]},"properties":{"id":"YE1504","gov":"YE15","ar":"مقبنه","en":"Maqbanah"}},{"type":"Feature","geometry":{"type":"Polygon","coordinates":[[[45.939,14.3614],[45.964,14.3751],[46.0114,14.4052],[46.0405,14.4208],[46.0634,14.4645],[46.0647,14.476],[46.0593,14.4999],[46.086,14.5347],[46.0916,14.5547],[46.0931,14.5756],[46.088,14.579],[46.0909,14.5977],[46.0832,14.6125],[46.0833,14.6237],[46.0751,14.6315],[46.0524,14.64],[46.0243,14.6457],[45.967,14.6426],[45.9364,14.6503],[45.9121,14.66],[45.878,14.6607],[45.785,14.6493],[45.7723,14.6296],[45.7562,14.6112],[45.7414,14.5884],[45.7812,14.499],[45.7909,14.4574],[45.8111,14.4071],[45.8257,14.3762],[45.8367,14.3572],[45.8518,14.3469],[45.8701,14.3446],[45.939,14.3614]]]},"properties":{"id":"YE2108","gov":"YE21","ar":"مرخة العليا","en":"Markhah Al Olya"}},{"type":"Feature","geometry":{"type":"Polygon","coordinates":[[[46.2187,14.3047],[46.2111,14.3293],[46.2071,14.3535],[46.2169,14.3747],[46.2139,14.3985],[46.214,14.4229],[46.2117,14.4473],[46.2144,14.4801],[46.2209,14.5209],[46.2389,14.547],[46.2446,14.5622],[46.2578,14.5826],[46.2712,14.5931],[46.2896,14.6122],[46.3322,14.6387],[46.3778,14.6594],[46.4274,14.6712],[46.4853,14.6891],[46.511,14.6958],[46.5455,14.7228],[46.5641,14.7583],[46.5979,14.8277],[46.5249,14.881],[46.4403,15.0194],[46.3991,15.1105],[46.3459,15.1861],[46.2084,15.041],[46.1901,15.0246],[46.1688,14.9996],[46.1525,14.985],[46.1708,14.957],[46.1861,14.9177],[46.1856,14.8804],[46.157,14.8651],[46.0361,14.8447],[45.8729,14.7524],[45.8179,14.7356],[45.8055,14.6872],[45.7954,14.6646],[45.785,14.6493],[45.878,14.6607],[45.9121,14.66],[45.9364,14.6503],[45.967,14.6426],[46.0243,14.6457],[46.0524,14.64],[46.0751,14.6315],[46.0833,14.6237],[46.0832,14.6125],[46.0909,14.5977],[46.088,14.579],[46.0931,14.5756],[46.0916,14.5547],[46.086,14.5347],[46.0593,14.4999],[46.0647,14.476],[46.0634,14.4645],[46.0405,14.4208],[46.0114,14.4052],[45.964,14.3751],[45.939,14.3614],[45.9531,14.3439],[45.972,14.3271],[45.9773,14.3166],[45.9697,14.3097],[45.9694,14.2909],[45.9751,14.2798],[45.9705,14.2687],[45.9815,14.2676],[45.9859,14.255],[45.9796,14.2429],[45.9873,14.2301],[46.005,14.2191],[46.0433,14.2058],[46.0714,14.2148],[46.0886,14.2263],[46.1158,14.2496],[46.1195,14.2694],[46.1273,14.2845],[46.1406,14.2799],[46.1548,14.2805],[46.1642,14.2706],[46.1778,14.2704],[46.2187,14.3047]]]},"properties":{"id":"YE2109","gov":"YE21","ar":"مرخة السفلى","en":"Markhah As Sufla"}},{"type":"Feature","geometry":{"type":"Polygon","coordinates":[[[44.0044,13.5611],[43.9901,13.5676],[43.988,13.5471],[43.9791,13.5225],[43.9915,13.5153],[44.0175,13.5174],[44.0038,13.5547],[44.0044,13.5611]]]},"properties":{"id":"YE1509","gov":"YE15","ar":"مشرعة وحدنان","en":"Mashr'ah Wa Hadnan"}},{"type":"Feature","geometry":{"type":"Polygon","coordinates":[[[43.7374,15.6535],[43.7122,15.6534],[43.6853,15.6645],[43.6794,15.6672],[43.6585,15.6577],[43.6475,15.6423],[43.645,15.6268],[43.6356,15.6102],[43.6389,15.5989],[43.6462,15.5969],[43.6635,15.5835],[43.6478,15.5559],[43.6311,15.5385],[43.6293,15.5326],[43.6521,15.5342],[43.6642,15.5398],[43.68,15.5534],[43.6982,15.5423],[43.7146,15.528],[43.7216,15.5278],[43.739,15.5441],[43.7478,15.5412],[43.7487,15.5697],[43.7426,15.6098],[43.7313,15.634],[43.7471,15.6411],[43.7374,15.6535]]]},"properties":{"id":"YE2916","gov":"YE29","ar":"مسور","en":"Maswar"}},{"type":"Feature","geometry":{"type":"Polygon","coordinates":[[[45.7414,14.5884],[45.7178,14.5895],[45.7061,14.5819],[45.6791,14.5773],[45.6458,14.576],[45.6411,14.5687],[45.6377,14.5498],[45.6318,14.5415],[45.6333,14.5114],[45.6225,14.4864],[45.6121,14.4708],[45.5809,14.4402],[45.5461,14.4089],[45.5405,14.4078],[45.4982,14.3676],[45.4889,14.352],[45.5015,14.3274],[45.5064,14.2997],[45.508,14.2753],[45.5066,14.233],[45.5337,14.2314],[45.5721,14.2313],[45.5902,14.2275],[45.6575,14.2649],[45.6897,14.2735],[45.7363,14.2798],[45.7494,14.2751],[45.7858,14.2547],[45.8,14.2626],[45.7993,14.2855],[45.8015,14.2984],[45.8232,14.315],[45.8308,14.3269],[45.8443,14.3337],[45.8518,14.3469],[45.8367,14.3572],[45.8257,14.3762],[45.8111,14.4071],[45.7909,14.4574],[45.7812,14.499],[45.7414,14.5884]]]},"properties":{"id":"YE1403","gov":"YE14","ar":"مسوره","en":"Maswarah"}},{"type":"Feature","geometry":{"type":"Polygon","coordinates":[[[44.5182,13.6176],[44.4847,13.6282],[44.4496,13.6421],[44.4324,13.6354],[44.4306,13.6209],[44.4038,13.6277],[44.3797,13.6416],[44.3734,13.6588],[44.3786,13.6708],[44.3963,13.6893],[44.3954,13.7049],[44.3989,13.7149],[44.4075,13.7199],[44.3905,13.7628],[44.3704,13.769],[44.3695,13.7603],[44.3527,13.7374],[44.3229,13.7063],[44.2991,13.7053],[44.279,13.708],[44.2661,13.7161],[44.2594,13.7324],[44.244,13.7411],[44.2361,13.7388],[44.2231,13.7343],[44.2111,13.7219],[44.1978,13.7176],[44.1894,13.7041],[44.1709,13.69],[44.1762,13.6507],[44.1993,13.651],[44.2109,13.6269],[44.2102,13.6136],[44.1839,13.6153],[44.1716,13.6099],[44.1545,13.6071],[44.1344,13.6134],[44.1376,13.6016],[44.1269,13.5845],[44.1517,13.5688],[44.1545,13.5564],[44.1593,13.5571],[44.2196,13.5469],[44.2333,13.5365],[44.249,13.5628],[44.2689,13.5613],[44.2702,13.5522],[44.2837,13.5438],[44.2854,13.528],[44.2726,13.5196],[44.2664,13.5069],[44.2817,13.4951],[44.2872,13.4794],[44.3333,13.4576],[44.3369,13.4766],[44.3446,13.4803],[44.3585,13.4777],[44.3642,13.485],[44.3765,13.4827],[44.3819,13.4941],[44.4194,13.4977],[44.4256,13.5047],[44.4233,13.5222],[44.4273,13.5265],[44.4512,13.526],[44.4659,13.5295],[44.4703,13.5435],[44.4775,13.5506],[44.4907,13.5503],[44.5051,13.5619],[44.5092,13.5692],[44.5118,13.5879],[44.5182,13.6176]]]},"properties":{"id":"YE1501","gov":"YE15","ar":"ماويه","en":"Mawiyah"}},{"type":"Feature","geometry":{"type":"Polygon","coordinates":[[[43.7571,13.3341],[43.7554,13.3414],[43.6702,13.4099],[43.641,13.453],[43.6177,13.5085],[43.5988,13.576],[43.5828,13.5864],[43.5488,13.5632],[43.5477,13.5538],[43.5367,13.545],[43.4879,13.5478],[43.4673,13.4951],[43.4609,13.4837],[43.4596,13.4313],[43.5048,13.4271],[43.5322,13.4231],[43.5544,13.4265],[43.5795,13.4133],[43.6109,13.3839],[43.6196,13.3579],[43.6137,13.341],[43.5348,13.3009],[43.5021,13.2999],[43.4888,13.2906],[43.4877,13.2783],[43.4738,13.2575],[43.5042,13.257],[43.5349,13.2618],[43.5655,13.28],[43.6048,13.2771],[43.6115,13.2565],[43.6061,13.2192],[43.6075,13.1883],[43.6178,13.146],[43.6878,13.1937],[43.7053,13.2256],[43.7077,13.2523],[43.7344,13.265],[43.7352,13.2786],[43.7584,13.2913],[43.7662,13.2699],[43.7818,13.2875],[43.7819,13.2906],[43.7617,13.3163],[43.7571,13.3341]]]},"properties":{"id":"YE1507","gov":"YE15","ar":"موزع","en":"Mawza'"}},{"type":"Feature","geometry":{"type":"Polygon","coordinates":[[[47.9815,14.581],[47.9413,14.5851],[47.9173,14.5736],[47.9013,14.5726],[47.885,14.5755],[47.8531,14.5851],[47.8364,14.586],[47.8044,14.5932],[47.7789,14.5959],[47.7631,14.6005],[47.7348,14.6177],[47.7106,14.6248],[47.694,14.6418],[47.6859,14.6444],[47.6612,14.6422],[47.6215,14.6702],[47.6047,14.6457],[47.5891,14.6265],[47.5582,14.5997],[47.5256,14.5852],[47.4904,14.5592],[47.4587,14.54],[47.4399,14.5198],[47.4293,14.5046],[47.4244,14.4917],[47.4194,14.4648],[47.4188,14.4505],[47.4229,14.4361],[47.4098,14.42],[47.3656,14.4232],[47.3371,14.4212],[47.3242,14.4167],[47.3184,14.4084],[47.3249,14.3967],[47.3551,14.376],[47.3883,14.363],[47.4012,14.3531],[47.4058,14.3293],[47.4021,14.3119],[47.4167,14.1563],[47.4333,14.1563],[47.4662,14.1605],[47.4997,14.1602],[47.5322,14.1654],[47.6,14.1692],[47.6158,14.1717],[47.6724,14.1841],[47.7042,14.1922],[47.7092,14.2034],[47.7244,14.2081],[47.7431,14.2056],[47.7914,14.2364],[47.8241,14.2591],[47.869,14.2943],[47.8891,14.3083],[47.9239,14.3278],[47.9549,14.3384],[48.011,14.3494],[48.0852,14.3551],[48.1462,14.3562],[48.1414,14.3707],[48.1131,14.3991],[48.1086,14.4148],[48.0946,14.4346],[48.0664,14.4641],[48.0622,14.5038],[48.046,14.5311],[48.0355,14.5431],[48.0183,14.5697],[48.0116,14.5741],[47.9957,14.5725],[47.9815,14.581]]]},"properties":{"id":"YE2116","gov":"YE21","ar":"ميفعه","en":"Mayfa'ah"}},{"type":"Feature","geometry":{"type":"Polygon","coordinates":[[[44.7086,14.6441],[44.6936,14.6493],[44.6412,14.6597],[44.6362,14.664],[44.6137,14.6669],[44.6044,14.6616],[44.5965,14.6386],[44.5243,14.6152],[44.507,14.6136],[44.4958,14.5968],[44.4886,14.5796],[44.4793,14.5697],[44.4891,14.5383],[44.5105,14.4877],[44.5114,14.4672],[44.5196,14.4574],[44.5217,14.4345],[44.5222,14.4012],[44.5453,14.4022],[44.5719,14.408],[44.5989,14.4172],[44.6111,14.4168],[44.6254,14.3646],[44.6304,14.3655],[44.6808,14.3627],[44.6919,14.3796],[44.712,14.4293],[44.7251,14.4571],[44.7355,14.4941],[44.7335,14.5031],[44.7103,14.5293],[44.7062,14.5749],[44.7059,14.5966],[44.7084,14.6136],[44.7086,14.6441]]]},"properties":{"id":"YE2009","gov":"YE20","ar":"ميفعة عنس","en":"Mayfa'at Ans"}},{"type":"Feature","geometry":{"type":"Polygon","coordinates":[[[43.7698,14.6514],[43.754,14.6513],[43.7436,14.6611],[43.7097,14.6761],[43.6773,14.6738],[43.6598,14.6704],[43.6668,14.6492],[43.6365,14.6514],[43.6319,14.6452],[43.6466,14.6331],[43.6598,14.6098],[43.6929,14.5859],[43.701,14.5674],[43.7324,14.5295],[43.7411,14.5134],[43.7463,14.4974],[43.7698,14.4849],[43.7802,14.4593],[43.7897,14.4604],[43.7898,14.47],[43.8128,14.479],[43.8383,14.4953],[43.8502,14.4974],[43.868,14.5118],[43.8748,14.5255],[43.8876,14.5334],[43.8724,14.5462],[43.8652,14.5573],[43.8503,14.5637],[43.8409,14.5594],[43.8307,14.5626],[43.7981,14.549],[43.7923,14.556],[43.7906,14.5748],[43.8037,14.5941],[43.7996,14.6034],[43.7848,14.6128],[43.7792,14.6262],[43.766,14.6461],[43.7698,14.6514]]]},"properties":{"id":"YE3104","gov":"YE31","ar":"مزهر","en":"Mazhar"}},{"type":"Feature","geometry":{"type":"Polygon","coordinates":[[[43.3813,15.4121],[43.3562,15.4187],[43.355,15.4291],[43.3373,15.4542],[43.315,15.448],[43.3028,15.4419],[43.2698,15.4341],[43.2436,15.4379],[43.2398,15.4307],[43.2505,15.4185],[43.2565,15.3948],[43.252,15.3619],[43.2476,15.3544],[43.2499,15.3302],[43.2546,15.3168],[43.2733,15.2926],[43.2816,15.2751],[43.3038,15.2482],[43.3087,15.238],[43.3254,15.2321],[43.3347,15.2232],[43.3592,15.2182],[43.3688,15.2086],[43.3755,15.1956],[43.3853,15.1929],[43.3909,15.1977],[43.4005,15.2581],[43.4144,15.2602],[43.4219,15.2736],[43.4016,15.2792],[43.397,15.3048],[43.3969,15.324],[43.3907,15.3469],[43.3922,15.3556],[43.3887,15.3811],[43.3847,15.3903],[43.3894,15.3996],[43.3813,15.4121]]]},"properties":{"id":"YE2705","gov":"YE27","ar":"ملحان","en":"Melhan"}},{"type":"Feature","geometry":{"type":"MultiPolygon","coordinates":[[[[42.9571,16.2756],[42.9482,16.3086],[42.9516,16.3314],[42.9444,16.3605],[42.9503,16.367],[42.9665,16.3665],[42.9876,16.3778],[42.9965,16.3979],[42.9943,16.4082],[42.9754,16.4095],[42.9555,16.403],[42.9498,16.3995],[42.9316,16.3988],[42.9233,16.3947],[42.8306,16.3795],[42.8274,16.3882],[42.8037,16.4013],[42.7719,16.4041],[42.7755,16.3913],[42.7739,16.3804],[42.7801,16.3694],[42.7938,16.3564],[42.8008,16.3439],[42.7947,16.3381],[42.798,16.319],[42.7932,16.3065],[42.7972,16.2835],[42.8036,16.2695],[42.8076,16.2438],[42.8021,16.2359],[42.8089,16.2233],[42.8104,16.2091],[42.8205,16.1982],[42.8311,16.181],[42.8214,16.1739],[42.8182,16.1547],[42.8213,16.1293],[42.8304,16.1095],[42.832,16.0969],[42.8263,16.0874],[42.8362,16.0736],[42.8372,16.061],[42.8458,16.054],[42.8338,16.0419],[42.8416,16.0313],[42.8412,16.0191],[42.8348,16.0058],[42.8275,16.0044],[42.8245,15.9907],[42.8333,15.9672],[42.8279,15.9482],[42.8652,15.9462],[42.8957,15.948],[42.9169,15.9628],[42.9258,15.9893],[42.9456,16.0052],[42.9533,16.0256],[42.9525,16.044],[42.9537,16.0903],[42.9603,16.1144],[42.9618,16.1328],[42.9686,16.1611],[42.9561,16.2072],[42.9583,16.2207],[42.9697,16.2427],[42.9571,16.2756]]],[[[42.3401,16.3188],[42.3287,16.317],[42.3074,16.2974],[42.2956,16.2919],[42.2996,16.2832],[42.3193,16.2788],[42.3334,16.2791],[42.3475,16.3039],[42.3401,16.3188]]],[[[42.4747,16.2887],[42.4657,16.3027],[42.4522,16.285],[42.4584,16.2817],[42.4668,16.266],[42.4727,16.2747],[42.5055,16.2713],[42.5043,16.2807],[42.4747,16.2887]]],[[[42.3725,16.1791],[42.384,16.1869],[42.3874,16.1995],[42.3679,16.2157],[42.3602,16.1968],[42.3725,16.1791]]],[[[42.2018,16.3205],[42.1924,16.3168],[42.1949,16.3064],[42.1926,16.2885],[42.1971,16.2836],[42.2121,16.292],[42.2068,16.3005],[42.2114,16.3093],[42.2018,16.3205]]],[[[42.3614,16.2833],[42.3499,16.27],[42.3614,16.2619],[42.3656,16.2766],[42.3614,16.2833]]],[[[42.2665,16.3299],[42.2378,16.311],[42.2353,16.3032],[42.2469,16.2984],[42.2497,16.3114],[42.2665,16.3299]]],[[[42.526,16.1652],[42.5161,16.1828],[42.511,16.1749],[42.5194,16.1647],[42.526,16.1652]]]]},"properties":{"id":"YE1703","gov":"YE17","ar":"ميدي","en":"Midi"}},{"type":"Feature","geometry":{"type":"Polygon","coordinates":[[[43.3309,17.3034],[43.315,17.3043],[43.3024,17.2932],[43.2895,17.2901],[43.2672,17.2922],[43.2577,17.2818],[43.2324,17.2689],[43.2241,17.2603],[43.2085,17.262],[43.1988,17.2449],[43.2163,17.2104],[43.1808,17.1841],[43.1519,17.1747],[43.1591,17.1316],[43.1579,17.1045],[43.1602,17.087],[43.1853,17.0986],[43.2081,17.0783],[43.2272,17.0754],[43.2308,17.0645],[43.274,17.0599],[43.298,17.0603],[43.313,17.0562],[43.3208,17.0412],[43.3288,17.0346],[43.3349,17.0562],[43.3334,17.0806],[43.3364,17.0899],[43.3369,17.1204],[43.3307,17.1341],[43.3337,17.1577],[43.3284,17.1818],[43.3177,17.2075],[43.3382,17.2023],[43.3833,17.2105],[43.4002,17.2158],[43.3934,17.2523],[43.3805,17.2688],[43.3569,17.2891],[43.341,17.2926],[43.3309,17.3034]]]},"properties":{"id":"YE2203","gov":"YE22","ar":"منبه","en":"Monabbih"}},{"type":"Feature","geometry":{"type":"MultiPolygon","coordinates":[[[[43.9822,13.8001],[44.0035,13.8239],[44.0062,13.8393],[44.0142,13.86],[44.0118,13.8672],[44.0147,13.9037],[44.0194,13.9166],[44.0034,13.9223],[44.0039,13.9075],[43.9874,13.907],[43.9773,13.8997],[43.9705,13.9112],[43.9273,13.898],[43.9297,13.8778],[43.9255,13.8696],[43.9334,13.8618],[43.938,13.8471],[43.9356,13.8246],[43.9264,13.8188],[43.9068,13.822],[43.9106,13.7957],[43.9378,13.7918],[43.953,13.7948],[43.9726,13.7899],[43.9822,13.8001]]],[[[43.8896,13.8525],[43.8656,13.8622],[43.8603,13.8461],[43.8475,13.8384],[43.8605,13.8197],[43.8756,13.8353],[43.8903,13.846],[43.8896,13.8525]]]]},"properties":{"id":"YE1117","gov":"YE11","ar":"مذيخره","en":"Mudhaykhirah"}},{"type":"Feature","geometry":{"type":"Polygon","coordinates":[[[46.3926,14.0671],[46.3769,14.0762],[46.3625,14.0725],[46.3386,14.0608],[46.3214,14.0561],[46.3022,14.0542],[46.2959,14.0576],[46.2787,14.083],[46.2279,14.0463],[46.2024,14.0244],[46.18,14.0154],[46.151,14.013],[46.1363,14.0114],[46.1187,13.997],[46.0816,13.985],[46.0541,13.9699],[46.038,13.9583],[46.0157,13.9363],[46.0076,13.9227],[46.0041,13.9019],[46.0073,13.876],[46.0172,13.8542],[46.0308,13.8427],[46.0374,13.8362],[46.0804,13.8281],[46.1253,13.8226],[46.1601,13.816],[46.1727,13.8159],[46.2931,13.8212],[46.3156,13.8234],[46.355,13.8305],[46.3824,13.8417],[46.3941,13.8936],[46.3886,13.9197],[46.3787,13.938],[46.3737,13.9541],[46.3748,13.964],[46.3848,13.9834],[46.3907,14.0039],[46.3926,14.0671]]]},"properties":{"id":"YE1202","gov":"YE12","ar":"موديه","en":"Mudiyah"}},{"type":"Feature","geometry":{"type":"Polygon","coordinates":[[[46.0093,14.1331],[46.0171,14.1697],[46.0307,14.1958],[46.0433,14.2058],[46.005,14.2191],[45.957,14.1913],[45.9213,14.179],[45.8744,14.1539],[45.8256,14.1348],[45.8191,14.1238],[45.8231,14.1035],[45.7991,14.0572],[45.7833,14.0343],[45.7686,14.0234],[45.7245,14.0155],[45.6834,14.0007],[45.6696,14.0007],[45.6512,13.9924],[45.6393,13.9819],[45.6321,13.968],[45.6166,13.9497],[45.5934,13.9132],[45.56,13.8965],[45.5694,13.8751],[45.5881,13.8456],[45.6171,13.8327],[45.6403,13.8345],[45.6785,13.8417],[45.7144,13.8545],[45.7635,13.9004],[45.8277,13.9425],[45.8824,13.9736],[45.958,14.0211],[45.9713,14.0413],[45.9638,14.0579],[45.9567,14.0921],[45.9849,14.104],[46.0014,14.1155],[46.0093,14.1331]]]},"properties":{"id":"YE1408","gov":"YE14","ar":"مكيراس","en":"Mukayras"}},{"type":"Feature","geometry":{"type":"Polygon","coordinates":[[[43.3762,16.2145],[43.3731,16.227],[43.3793,16.2354],[43.3674,16.2458],[43.3669,16.253],[43.3461,16.2643],[43.3434,16.2761],[43.329,16.3015],[43.3306,16.3131],[43.3437,16.3316],[43.3227,16.348],[43.3116,16.3629],[43.3197,16.3759],[43.2901,16.368],[43.2691,16.3674],[43.2613,16.3622],[43.2488,16.3347],[43.2419,16.3286],[43.2377,16.3115],[43.2287,16.2906],[43.2063,16.284],[43.1866,16.2838],[43.1695,16.2871],[43.1558,16.2673],[43.1579,16.2597],[43.1516,16.2433],[43.1406,16.2407],[43.1303,16.223],[43.1501,16.219],[43.1741,16.2203],[43.204,16.2152],[43.2201,16.1839],[43.2292,16.1792],[43.2453,16.1752],[43.2499,16.1843],[43.2658,16.1827],[43.2769,16.1759],[43.2971,16.1812],[43.3031,16.1862],[43.3022,16.1967],[43.3336,16.2034],[43.349,16.2001],[43.3619,16.1914],[43.3705,16.1916],[43.3762,16.2145]]]},"properties":{"id":"YE1706","gov":"YE17","ar":"مستباء","en":"Mustaba"}},{"type":"Feature","geometry":{"type":"Polygon","coordinates":[[[43.5514,15.6829],[43.5432,15.6779],[43.5259,15.6855],[43.5186,15.674],[43.5068,15.6753],[43.5071,15.6673],[43.5242,15.6496],[43.5242,15.6357],[43.5378,15.6128],[43.5591,15.6142],[43.5691,15.6075],[43.5819,15.6105],[43.5807,15.6181],[43.5736,15.6192],[43.565,15.6314],[43.572,15.6363],[43.5665,15.6562],[43.5584,15.6725],[43.5514,15.6829]]]},"properties":{"id":"YE1726","gov":"YE17","ar":"نجره","en":"Najrah"}},{"type":"Feature","geometry":{"type":"Polygon","coordinates":[[[45.6458,14.576],[45.6458,14.5973],[45.6551,14.6192],[45.6551,14.633],[45.6755,14.6565],[45.6893,14.6765],[45.6942,14.6926],[45.6918,14.6992],[45.6776,14.7099],[45.6556,14.7199],[45.6011,14.7211],[45.6055,14.6963],[45.6195,14.6946],[45.6199,14.6861],[45.612,14.663],[45.6024,14.6447],[45.5888,14.6252],[45.5692,14.5905],[45.5474,14.543],[45.5313,14.5241],[45.5221,14.5231],[45.4937,14.5279],[45.4616,14.5213],[45.4626,14.495],[45.4756,14.4831],[45.4822,14.4744],[45.4924,14.4519],[45.4678,14.4196],[45.4722,14.3942],[45.4889,14.352],[45.4982,14.3676],[45.5405,14.4078],[45.5461,14.4089],[45.5809,14.4402],[45.6121,14.4708],[45.6225,14.4864],[45.6333,14.5114],[45.6318,14.5415],[45.6377,14.5498],[45.6411,14.5687],[45.6458,14.576]]]},"properties":{"id":"YE1402","gov":"YE14","ar":"ناطع","en":"Nati'"}},{"type":"Feature","geometry":{"type":"Polygon","coordinates":[[[44.575,16.0019],[44.4844,16.0202],[44.4267,16.0318],[44.3829,16.03],[44.3913,15.9923],[44.3932,15.9055],[44.3966,15.8377],[44.3968,15.7745],[44.3889,15.7193],[44.3613,15.6797],[44.3516,15.656],[44.3507,15.6442],[44.3608,15.6201],[44.3817,15.5924],[44.3748,15.5781],[44.3969,15.564],[44.4126,15.5593],[44.4053,15.5466],[44.4308,15.5271],[44.4427,15.5128],[44.4568,15.5085],[44.4686,15.525],[44.4901,15.5108],[44.5197,15.5036],[44.5319,15.5124],[44.5342,15.4932],[44.5286,15.4729],[44.599,15.4882],[44.6445,15.4956],[44.6849,15.5233],[44.698,15.5268],[44.7315,15.5472],[44.7541,15.5656],[44.7796,15.6003],[44.7925,15.6209],[44.7859,15.6292],[44.7628,15.639],[44.729,15.6685],[44.6854,15.7905],[44.6775,15.8162],[44.6723,15.8665],[44.6517,15.9483],[44.6452,15.9712],[44.6284,15.9891],[44.575,16.0019]]]},"properties":{"id":"YE2303","gov":"YE23","ar":"نهم","en":"Nihm"}},{"type":"Feature","geometry":{"type":"Polygon","coordinates":[[[46.6882,14.7621],[46.5979,14.8277],[46.5641,14.7583],[46.5455,14.7228],[46.511,14.6958],[46.4853,14.6891],[46.4274,14.6712],[46.3778,14.6594],[46.3322,14.6387],[46.2896,14.6122],[46.2712,14.5931],[46.2578,14.5826],[46.2446,14.5622],[46.2389,14.547],[46.2209,14.5209],[46.2144,14.4801],[46.2117,14.4473],[46.214,14.4229],[46.2139,14.3985],[46.2169,14.3747],[46.2071,14.3535],[46.2111,14.3293],[46.2187,14.3047],[46.2414,14.3214],[46.2625,14.3259],[46.272,14.3219],[46.2937,14.2728],[46.3156,14.2395],[46.37,14.2691],[46.3787,14.2776],[46.3954,14.2824],[46.4124,14.2779],[46.4416,14.2814],[46.4604,14.2889],[46.4748,14.3001],[46.4891,14.3018],[46.5086,14.2906],[46.5561,14.2881],[46.623,14.2876],[46.6353,14.2684],[46.6502,14.2531],[46.6624,14.2472],[46.6743,14.2463],[46.6989,14.2498],[46.7251,14.2579],[46.7029,14.3001],[46.7017,14.3165],[46.7122,14.3564],[46.7119,14.3732],[46.7036,14.3961],[46.6961,14.4077],[46.6819,14.4329],[46.676,14.4483],[46.6639,14.4891],[46.6593,14.5138],[46.6542,14.5552],[46.6545,14.5815],[46.659,14.6396],[46.6828,14.7181],[46.6882,14.7621]]]},"properties":{"id":"YE2110","gov":"YE21","ar":"نصاب","en":"Nisab"}},{"type":"Feature","geometry":{"type":"Polygon","coordinates":[[[45.4616,14.5213],[45.4937,14.5279],[45.5221,14.5231],[45.5313,14.5241],[45.5474,14.543],[45.5692,14.5905],[45.5888,14.6252],[45.6024,14.6447],[45.612,14.663],[45.6199,14.6861],[45.6195,14.6946],[45.6055,14.6963],[45.6011,14.7211],[45.5907,14.7224],[45.5251,14.7141],[45.529,14.7008],[45.5288,14.6806],[45.5235,14.6663],[45.5082,14.6564],[45.4924,14.6576],[45.4824,14.6729],[45.4874,14.6835],[45.4715,14.6936],[45.4499,14.6735],[45.4487,14.6616],[45.4599,14.6454],[45.4857,14.6327],[45.4951,14.6235],[45.4944,14.6115],[45.4809,14.5971],[45.4612,14.5956],[45.4616,14.5213]]]},"properties":{"id":"YE1401","gov":"YE14","ar":"نعمان","en":"Nu'man"}},{"type":"Feature","geometry":{"type":"Polygon","coordinates":[[[44.2063,15.3483],[44.2111,15.3497],[44.2227,15.3563],[44.2149,15.3602],[44.2077,15.3604],[44.2075,15.3596],[44.2063,15.3483]]]},"properties":{"id":"YE1301","gov":"YE13","ar":"صنعاء القديمه","en":"Old City"}},{"type":"Feature","geometry":{"type":"Polygon","coordinates":[[[46.3459,15.1861],[46.329,15.21],[46.164,15.5068],[45.9878,15.3895],[45.7941,15.2602],[45.6845,15.1853],[45.6951,15.1642],[45.704,15.1316],[45.7084,15.0902],[45.7031,15.0574],[45.6937,15.0171],[45.6915,14.9739],[45.6827,14.9381],[45.7093,14.9277],[45.7331,14.9216],[45.7447,14.9133],[45.755,14.9182],[45.7849,14.903],[45.8089,14.8946],[45.8217,14.8738],[45.8274,14.8484],[45.8292,14.7989],[45.8179,14.7356],[45.8729,14.7524],[46.0361,14.8447],[46.157,14.8651],[46.1856,14.8804],[46.1861,14.9177],[46.1708,14.957],[46.1525,14.985],[46.1688,14.9996],[46.1901,15.0246],[46.2084,15.041],[46.3459,15.1861]]]},"properties":{"id":"YE2105","gov":"YE21","ar":"عسيلان","en":"Osaylan"}},{"type":"Feature","geometry":{"type":"Polygon","coordinates":[[[43.9708,14.5961],[43.9393,14.6036],[43.9323,14.597],[43.9301,14.5863],[43.9203,14.5744],[43.9066,14.5506],[43.8876,14.5334],[43.8748,14.5255],[43.868,14.5118],[43.8502,14.4974],[43.8383,14.4953],[43.8128,14.479],[43.8083,14.4732],[43.811,14.4563],[43.822,14.4545],[43.8342,14.4417],[43.8383,14.4289],[43.8503,14.411],[43.855,14.3969],[43.874,14.3983],[43.8835,14.3911],[43.904,14.4046],[43.9099,14.4175],[43.9225,14.4205],[43.9386,14.415],[43.9448,14.4001],[43.9421,14.3956],[43.9464,14.3608],[43.9551,14.3596],[43.9652,14.3441],[43.9701,14.3712],[43.9839,14.3808],[43.9949,14.381],[44.0043,14.3938],[44.0187,14.4031],[44.019,14.4139],[44.0484,14.4471],[44.0515,14.4678],[44.0802,14.4688],[44.0812,14.4827],[44.0762,14.4956],[44.0865,14.5024],[44.0883,14.514],[44.0725,14.518],[44.0707,14.5287],[44.0635,14.5334],[44.0616,14.5438],[44.0527,14.5461],[44.0523,14.5574],[44.0308,14.5638],[44.0085,14.5746],[44.0011,14.5829],[43.976,14.585],[43.9708,14.5961]]]},"properties":{"id":"YE2005","gov":"YE20","ar":"عتمه","en":"Otmah"}},{"type":"Feature","geometry":{"type":"Polygon","coordinates":[[[44.7645,14.0138],[44.7291,14.0339],[44.6996,14.0472],[44.6791,14.0446],[44.6832,14.0372],[44.6952,14.0302],[44.698,14.0183],[44.6886,14.0059],[44.6676,13.9959],[44.6552,14.0038],[44.6403,14.0067],[44.6345,14.0122],[44.6121,14.0177],[44.6081,14.0036],[44.5893,13.9846],[44.5748,13.9877],[44.5631,13.9846],[44.5413,13.9923],[44.5263,13.9854],[44.5116,13.9857],[44.4972,13.9819],[44.4793,13.9691],[44.461,13.961],[44.4467,13.9418],[44.4602,13.9144],[44.4738,13.9004],[44.4738,13.8924],[44.4493,13.8867],[44.4568,13.8723],[44.4742,13.8515],[44.4855,13.8587],[44.4917,13.8808],[44.4971,13.8831],[44.519,13.8761],[44.5309,13.8631],[44.5568,13.8579],[44.5673,13.8463],[44.5707,13.8306],[44.5684,13.8105],[44.5871,13.8235],[44.6481,13.824],[44.6749,13.8431],[44.6945,13.8405],[44.7119,13.8413],[44.7284,13.8444],[44.7399,13.8509],[44.7551,13.8694],[44.8004,13.8439],[44.8079,13.853],[44.818,13.9],[44.8194,13.9368],[44.8137,13.9444],[44.8135,13.965],[44.8091,13.9833],[44.7871,14.0022],[44.7645,14.0138]]]},"properties":{"id":"YE3003","gov":"YE30","ar":"قعطبه","en":"Qa'tabah"}},{"type":"Feature","geometry":{"type":"Polygon","coordinates":[[[43.3911,15.9377],[43.3643,15.9451],[43.3433,15.9584],[43.3455,15.9501],[43.3427,15.9331],[43.3074,15.9429],[43.2992,15.9377],[43.2961,15.9086],[43.3054,15.8904],[43.3161,15.8822],[43.3366,15.8741],[43.3494,15.8627],[43.3619,15.8571],[43.3766,15.857],[43.372,15.8798],[43.3761,15.8897],[43.3919,15.8967],[43.4031,15.8905],[43.4215,15.8928],[43.4231,15.915],[43.4262,15.921],[43.4122,15.9232],[43.4081,15.9358],[43.3911,15.9377]]]},"properties":{"id":"YE1713","gov":"YE17","ar":"قفل شمر","en":"Qafl Shammar"}},{"type":"Feature","geometry":{"type":"Polygon","coordinates":[[[43.6284,16.4779],[43.6218,16.4706],[43.6184,16.4461],[43.61,16.425],[43.584,16.3803],[43.5708,16.3614],[43.5633,16.3372],[43.5389,16.311],[43.5278,16.3077],[43.5304,16.3023],[43.5241,16.2786],[43.5143,16.2583],[43.5134,16.2434],[43.5201,16.2349],[43.5207,16.205],[43.5608,16.1928],[43.5695,16.1899],[43.5842,16.1775],[43.6057,16.1852],[43.5999,16.2005],[43.5961,16.2218],[43.6044,16.247],[43.5984,16.2767],[43.6021,16.3014],[43.6196,16.3079],[43.636,16.2952],[43.6555,16.2735],[43.6715,16.2712],[43.6818,16.2804],[43.7189,16.2656],[43.7242,16.2512],[43.7487,16.2398],[43.7582,16.2241],[43.7612,16.2047],[43.7569,16.1731],[43.7621,16.159],[43.7567,16.1274],[43.7489,16.1131],[43.7541,16.1015],[43.7701,16.1021],[43.7902,16.129],[43.8009,16.1479],[43.7956,16.1582],[43.7937,16.1787],[43.8009,16.182],[43.8069,16.1953],[43.7998,16.2037],[43.7996,16.2158],[43.8159,16.2223],[43.8194,16.2313],[43.8416,16.2427],[43.8124,16.2649],[43.7938,16.2826],[43.7821,16.3014],[43.7788,16.3171],[43.7794,16.3327],[43.7714,16.3719],[43.7476,16.4117],[43.7389,16.4214],[43.7255,16.4287],[43.6923,16.4415],[43.659,16.4621],[43.6411,16.4677],[43.6284,16.4779]]]},"properties":{"id":"YE2904","gov":"YE29","ar":"قفلة عذر","en":"Qaflat Odhar"}},{"type":"Feature","geometry":{"type":"MultiPolygon","coordinates":[[[[53.7082,12.6624],[53.6595,12.6977],[53.6118,12.6998],[53.5793,12.7032],[53.5569,12.7139],[53.5391,12.7153],[53.5266,12.7125],[53.5111,12.7018],[53.5004,12.7063],[53.489,12.7017],[53.482,12.6851],[53.4635,12.6682],[53.4455,12.6686],[53.4262,12.6651],[53.4028,12.6529],[53.4092,12.6285],[53.4062,12.6032],[53.4047,12.5675],[53.3917,12.5476],[53.3794,12.5411],[53.3424,12.5335],[53.3136,12.5333],[53.3153,12.5174],[53.337,12.5075],[53.3564,12.4877],[53.3822,12.4786],[53.4203,12.4518],[53.4396,12.4459],[53.4618,12.4336],[53.4798,12.4146],[53.5023,12.4006],[53.5223,12.3747],[53.5379,12.3628],[53.5449,12.3536],[53.5778,12.373],[53.5958,12.3896],[53.6078,12.4069],[53.6113,12.4241],[53.6232,12.45],[53.65,12.471],[53.6745,12.4865],[53.7186,12.4948],[53.743,12.5112],[53.7485,12.5614],[53.7486,12.6021],[53.7321,12.6226],[53.704,12.6489],[53.7082,12.6624]]],[[[52.128,12.2344],[52.1161,12.2384],[52.0982,12.2337],[52.0868,12.2368],[52.0687,12.2363],[52.0624,12.2289],[52.0675,12.2177],[52.0912,12.2106],[52.1068,12.1984],[52.1317,12.1929],[52.1486,12.1831],[52.1662,12.1843],[52.2279,12.1684],[52.2349,12.1595],[52.2715,12.1459],[52.309,12.1455],[52.3711,12.152],[52.3764,12.1605],[52.3706,12.1706],[52.3777,12.1807],[52.3702,12.1889],[52.314,12.1889],[52.291,12.1965],[52.2418,12.1996],[52.2069,12.2002],[52.1647,12.2151],[52.1462,12.233],[52.128,12.2344]]],[[[53.081,12.1641],[53.0622,12.1688],[53.0509,12.1754],[53.0277,12.1826],[53.022,12.1806],[53.0065,12.1622],[52.988,12.1619],[52.9956,12.1511],[53.0082,12.1487],[53.0275,12.1329],[53.0654,12.1228],[53.079,12.1246],[53.0909,12.1311],[53.0936,12.1428],[53.081,12.1641]]],[[[53.3111,12.1117],[53.2964,12.1222],[53.2784,12.1231],[53.2516,12.1212],[53.2575,12.1126],[53.2761,12.1088],[53.3072,12.1066],[53.3111,12.1117]]]]},"properties":{"id":"YE3202","gov":"YE32","ar":"قلنسية وعبد الكوري","en":"Qalansiyah wa Abd Al Kuri"}},{"type":"Feature","geometry":{"type":"Polygon","coordinates":[[[43.5012,16.4361],[43.489,16.436],[43.4766,16.4456],[43.4503,16.4528],[43.4054,16.4563],[43.4212,16.4301],[43.431,16.4228],[43.4357,16.3907],[43.4353,16.369],[43.4297,16.3472],[43.4362,16.328],[43.4279,16.3163],[43.425,16.2923],[43.4282,16.2792],[43.4236,16.2622],[43.4151,16.2498],[43.432,16.2641],[43.459,16.2571],[43.4903,16.2534],[43.5143,16.2583],[43.5241,16.2786],[43.5304,16.3023],[43.5278,16.3077],[43.5175,16.3361],[43.5202,16.3571],[43.5096,16.3817],[43.5089,16.404],[43.5017,16.4192],[43.5012,16.4361]]]},"properties":{"id":"YE1731","gov":"YE17","ar":"قاره","en":"Qarah"}},{"type":"Feature","geometry":{"type":"Polygon","coordinates":[[[43.4228,17.248],[43.4172,17.2705],[43.4099,17.2879],[43.4039,17.2905],[43.4043,17.3231],[43.3902,17.322],[43.3618,17.3549],[43.3437,17.3664],[43.3404,17.3951],[43.3714,17.4003],[43.3581,17.41],[43.346,17.4259],[43.3387,17.4479],[43.2942,17.4434],[43.2942,17.4498],[43.2564,17.4579],[43.2297,17.4321],[43.2471,17.4015],[43.228,17.3855],[43.2588,17.3623],[43.2768,17.3582],[43.326,17.3284],[43.3365,17.304],[43.3309,17.3034],[43.341,17.2926],[43.3569,17.2891],[43.3805,17.2688],[43.3934,17.2523],[43.4002,17.2158],[43.417,17.2007],[43.4248,17.2259],[43.4228,17.248]]]},"properties":{"id":"YE2202","gov":"YE22","ar":"قطابر","en":"Qatabir"}},{"type":"Feature","geometry":{"type":"Polygon","coordinates":[[[51.6216,15.9578],[51.5897,15.9621],[51.5362,15.9711],[51.4729,15.9773],[51.4565,15.9812],[51.4214,15.9844],[51.3902,15.9898],[51.3606,15.992],[51.3298,15.9974],[51.2277,16.0069],[51.1952,16.011],[51.1507,16.0094],[51.1196,16.0059],[51.0988,16.0012],[51.0498,15.9808],[51.0287,15.9661],[51.0103,15.947],[50.9639,15.8775],[50.9756,15.8724],[51.1806,15.7609],[51.2605,15.7185],[51.3435,15.6335],[51.4385,15.5371],[51.5276,15.4302],[51.5397,15.418],[51.6462,15.3354],[51.6597,15.3374],[51.6582,15.3476],[51.6396,15.3528],[51.6351,15.3618],[51.6396,15.3824],[51.6612,15.4022],[51.6922,15.4188],[51.7496,15.4402],[51.8217,15.462],[51.8436,15.4465],[51.8543,15.4645],[51.848,15.4727],[51.8657,15.4927],[51.8511,15.5263],[51.8456,15.5436],[51.8433,15.5742],[51.8249,15.6397],[51.8101,15.6515],[51.7847,15.665],[51.7582,15.6693],[51.7391,15.6786],[51.7251,15.704],[51.6958,15.7392],[51.6815,15.7526],[51.6681,15.7711],[51.6623,15.7873],[51.665,15.8117],[51.6609,15.8238],[51.647,15.8329],[51.6325,15.8752],[51.6252,15.9112],[51.6216,15.9578]]]},"properties":{"id":"YE2808","gov":"YE28","ar":"قشن","en":"Qishn"}},{"type":"Feature","geometry":{"type":"Polygon","coordinates":[[[44.8761,14.408],[44.8622,14.4083],[44.8526,14.415],[44.8506,14.4273],[44.8248,14.4279],[44.8185,14.4179],[44.8291,14.4114],[44.8227,14.403],[44.8334,14.3904],[44.8446,14.3492],[44.8479,14.3247],[44.8561,14.3032],[44.8779,14.2712],[44.8821,14.2614],[44.8914,14.2321],[44.9227,14.2378],[44.9576,14.2369],[44.9658,14.2711],[44.9646,14.318],[44.9623,14.3295],[44.9411,14.4042],[44.9046,14.4044],[44.8761,14.408]]]},"properties":{"id":"YE1413","gov":"YE14","ar":"رداع","en":"Rada'"}},{"type":"Feature","geometry":{"type":"Polygon","coordinates":[[[44.8315,13.5935],[44.8226,13.586],[44.8012,13.5869],[44.7586,13.5987],[44.7529,13.5987],[44.7453,13.5844],[44.7312,13.5755],[44.7128,13.5746],[44.7087,13.5614],[44.712,13.5481],[44.721,13.5371],[44.7507,13.5318],[44.7783,13.5219],[44.7975,13.5106],[44.8071,13.5001],[44.8335,13.4867],[44.8559,13.4843],[44.8849,13.4844],[44.9066,13.4791],[44.9401,13.4306],[44.961,13.4254],[44.9802,13.4338],[45.0022,13.4375],[45.0162,13.4367],[45.0413,13.4083],[45.0632,13.41],[45.1074,13.4062],[45.1217,13.4036],[45.1438,13.3897],[45.2331,13.3796],[45.2546,13.3805],[45.2584,13.3857],[45.2419,13.4162],[45.2294,13.4233],[45.2292,13.4353],[45.2121,13.4322],[45.1822,13.4505],[45.1849,13.457],[45.1782,13.4768],[45.1822,13.4892],[45.1714,13.5051],[45.1694,13.5259],[45.183,13.5424],[45.1623,13.5492],[45.1394,13.5478],[45.1168,13.5414],[45.098,13.5318],[45.0684,13.5245],[45.0567,13.519],[45.0431,13.5056],[45.0138,13.5028],[45,13.5157],[44.9864,13.5375],[44.9641,13.5355],[44.9552,13.5525],[44.9252,13.5639],[44.9105,13.5734],[44.8794,13.5744],[44.8692,13.5826],[44.8644,13.5866],[44.8424,13.5889],[44.8315,13.5935]]]},"properties":{"id":"YE2507","gov":"YE25","ar":"ردفان","en":"Radfan"}},{"type":"Feature","geometry":{"type":"MultiPolygon","coordinates":[[[[45.3635,14.4202],[45.3548,14.4271],[45.3396,14.4284],[45.3336,14.4677],[45.3159,14.5295],[45.2966,14.5346],[45.2569,14.5576],[45.2381,14.5592],[45.2126,14.5501],[45.1954,14.5289],[45.1869,14.5043],[45.1854,14.4778],[45.2198,14.4181],[45.2089,14.3864],[45.2226,14.3863],[45.2815,14.3798],[45.2863,14.383],[45.3235,14.3785],[45.3379,14.384],[45.3635,14.4202]]],[[[45.3183,14.5765],[45.2916,14.5888],[45.2802,14.5861],[45.2823,14.5719],[45.2987,14.5566],[45.3148,14.5548],[45.3183,14.5765]]]]},"properties":{"id":"YE1412","gov":"YE14","ar":"ردمان","en":"Radman"}},{"type":"Feature","geometry":{"type":"Polygon","coordinates":[[[48.4943,14.2824],[48.4875,14.2842],[48.4509,14.3028],[48.4258,14.3023],[48.4056,14.3153],[48.3897,14.3184],[48.3575,14.3143],[48.3247,14.317],[48.2938,14.3038],[48.2633,14.3148],[48.2321,14.3097],[48.2188,14.3172],[48.2188,14.325],[48.1703,14.3547],[48.1462,14.3562],[48.0852,14.3551],[48.011,14.3494],[47.9549,14.3384],[47.9239,14.3278],[47.8891,14.3083],[47.869,14.2943],[47.8241,14.2591],[47.7914,14.2364],[47.7431,14.2056],[47.7244,14.2081],[47.7092,14.2034],[47.7042,14.1922],[47.6724,14.1841],[47.6158,14.1717],[47.6,14.1692],[47.5322,14.1654],[47.4997,14.1602],[47.4662,14.1605],[47.4333,14.1563],[47.4167,14.1563],[47.3581,14.1553],[47.2907,14.1463],[47.2643,14.1395],[47.2411,14.1326],[47.2241,14.1304],[47.1326,14.1286],[47.0992,14.1162],[47.1382,14.0825],[47.1623,14.0589],[47.1668,14.0507],[47.1862,14.0374],[47.1949,14.017],[47.1912,13.9929],[47.1903,13.9676],[47.1956,13.9606],[47.2039,13.9516],[47.2139,13.9268],[47.2241,13.9192],[47.231,13.9057],[47.2282,13.8928],[47.1969,13.8634],[47.1953,13.8437],[47.1837,13.8299],[47.1789,13.7988],[47.1793,13.7877],[47.1887,13.7715],[47.1899,13.7415],[47.2083,13.7268],[47.2166,13.7121],[47.2191,13.6947],[47.218,13.6736],[47.2054,13.647],[47.1914,13.6086],[47.1909,13.6003],[47.2123,13.6035],[47.2945,13.6281],[47.3236,13.6406],[47.3394,13.6442],[47.3724,13.6472],[47.3924,13.6545],[47.4088,13.6673],[47.459,13.7024],[47.481,13.723],[47.5345,13.7697],[47.5544,13.7883],[47.5813,13.8106],[47.5932,13.8163],[47.6096,13.839],[47.6401,13.8698],[47.6504,13.8738],[47.6794,13.8959],[47.7015,13.9095],[47.729,13.9187],[47.7763,13.9234],[47.8084,13.9347],[47.824,13.9482],[47.884,13.993],[47.9111,14.0182],[47.9353,14.0346],[47.9495,14.0418],[47.9778,14.0511],[47.9987,14.0545],[48.0272,14.055],[48.0463,14.0529],[48.0685,14.0473],[48.1274,14.0257],[48.158,14.0066],[48.1779,13.9922],[48.1753,13.9711],[48.1901,13.9755],[48.2127,13.9754],[48.2213,13.9882],[48.2371,13.9837],[48.245,13.9853],[48.2507,13.9771],[48.2591,13.9895],[48.2699,13.9891],[48.2804,13.9959],[48.2887,13.9858],[48.2967,13.9951],[48.3132,13.9985],[48.3219,14.0061],[48.3255,14.02],[48.3372,14.0251],[48.3584,14.0143],[48.3711,14.0183],[48.3856,14.0133],[48.4,14.0209],[48.4139,14.0199],[48.4363,14.0241],[48.4497,14.0144],[48.4516,13.9971],[48.4605,13.9966],[48.4715,14.0075],[48.488,14.004],[48.5231,14.0336],[48.5462,14.0433],[48.564,14.0466],[48.597,14.0486],[48.6284,14.0468],[48.6407,14.0552],[48.6431,14.0628],[48.6366,14.0943],[48.6206,14.1227],[48.6063,14.1307],[48.5948,14.1417],[48.5947,14.1499],[48.6054,14.1626],[48.6064,14.1777],[48.5867,14.2039],[48.5743,14.2116],[48.5747,14.2271],[48.5584,14.2542],[48.5436,14.2505],[48.5299,14.2586],[48.5041,14.2806],[48.4943,14.2824]]]},"properties":{"id":"YE2117","gov":"YE21","ar":"رضوم","en":"Radum"}},{"type":"Feature","geometry":{"type":"Polygon","coordinates":[[[45.2513,15.7539],[45.0598,15.8812],[45.0301,15.8651],[45.0231,15.8454],[44.9995,15.8204],[44.9774,15.8083],[44.9636,15.7899],[44.9506,15.7888],[44.9194,15.7793],[44.9091,15.7661],[44.8986,15.7215],[44.9288,15.7285],[44.9556,15.728],[44.9791,15.7229],[45.0199,15.7045],[45.094,15.6981],[45.1139,15.6813],[45.2188,15.6677],[45.2314,15.7053],[45.2513,15.7539]]]},"properties":{"id":"YE2602","gov":"YE26","ar":"رغوان","en":"Raghwan"}},{"type":"Feature","geometry":{"type":"Polygon","coordinates":[[[45.2509,14.9901],[45.2007,14.9847],[45.1913,14.9859],[45.155,15.0024],[45.1286,15.0271],[45.1407,15.0408],[45.1399,15.0625],[45.1336,15.0726],[45.1033,15.0939],[45.1057,15.1061],[45.0694,15.1089],[45.058,15.0948],[45.0443,15.0847],[45.0197,15.0754],[45.0073,15.0533],[44.9789,15.0092],[44.9619,14.9898],[44.945,14.9643],[44.9368,14.946],[44.9368,14.9387],[44.946,14.8995],[44.9519,14.8636],[44.9579,14.839],[44.9625,14.8063],[45.0203,14.8208],[45.0312,14.8157],[45.0411,14.8178],[45.0625,14.8071],[45.1018,14.8124],[45.1147,14.8184],[45.1391,14.8342],[45.1639,14.8477],[45.1714,14.8669],[45.1783,14.8768],[45.1946,14.89],[45.2309,14.9127],[45.272,14.9317],[45.2509,14.9901]]]},"properties":{"id":"YE2608","gov":"YE26","ar":"رحبه","en":"Rahabah"}},{"type":"Feature","geometry":{"type":"Polygon","coordinates":[[[44.629,16.4375],[44.6399,16.4555],[44.6909,16.5332],[44.695,16.555],[44.6916,16.576],[44.6794,16.6205],[44.6678,16.6442],[44.6602,16.6834],[44.6573,16.7417],[44.6546,16.7738],[44.6475,16.7793],[44.5878,16.7988],[44.5386,16.8024],[44.514,16.8003],[44.482,16.7732],[44.4592,16.7619],[44.4421,16.763],[44.4081,16.7594],[44.3917,16.7513],[44.367,16.7502],[44.3463,16.7112],[44.3419,16.6853],[44.3313,16.6505],[44.3277,16.6227],[44.3442,16.6205],[44.3697,16.6069],[44.3788,16.5954],[44.418,16.5717],[44.4961,16.5276],[44.5023,16.5223],[44.5182,16.4803],[44.5301,16.4696],[44.5418,16.4642],[44.5738,16.4577],[44.598,16.4561],[44.629,16.4375]]]},"properties":{"id":"YE1611","gov":"YE16","ar":"رجوزه","en":"Rajuzah"}},{"type":"Feature","geometry":{"type":"Polygon","coordinates":[[[47.9506,15.5658],[47.9433,15.5967],[47.9368,15.6326],[47.9303,15.646],[47.9008,15.6876],[47.8958,15.7023],[47.8917,15.7262],[47.8462,15.7226],[47.8438,15.6906],[47.8363,15.6756],[47.8337,15.644],[47.829,15.6279],[47.8156,15.6082],[47.7788,15.5651],[47.7645,15.5582],[47.7536,15.5465],[47.7385,15.4993],[47.7223,15.4707],[47.7038,15.4422],[47.6793,15.419],[47.6309,15.3866],[47.6218,15.3734],[47.6203,15.3619],[47.6146,15.2926],[47.626,15.2813],[47.6173,15.2681],[47.6055,15.2569],[47.6037,15.2414],[47.5965,15.2217],[47.6224,15.2206],[47.6408,15.2273],[47.6573,15.2374],[47.6796,15.2556],[47.7058,15.2801],[47.7164,15.2944],[47.7395,15.3532],[47.7584,15.3755],[47.7758,15.385],[47.8111,15.3979],[47.8343,15.4086],[47.8624,15.4305],[47.8716,15.4446],[47.8858,15.4766],[47.9008,15.4951],[47.9277,15.5147],[47.9604,15.5305],[47.9506,15.5658]]]},"properties":{"id":"YE1920","gov":"YE19","ar":"رخيه","en":"Rakhyah"}},{"type":"Feature","geometry":{"type":"Polygon","coordinates":[[[45.294,13.7992],[45.2697,13.7981],[45.2516,13.8003],[45.2454,13.7929],[45.237,13.7665],[45.2462,13.7479],[45.2457,13.7407],[45.2554,13.7219],[45.2542,13.7147],[45.243,13.7059],[45.2186,13.7031],[45.1776,13.6886],[45.1728,13.6835],[45.1752,13.6533],[45.1945,13.6496],[45.2095,13.6537],[45.2359,13.6726],[45.2411,13.6639],[45.2577,13.659],[45.2757,13.648],[45.2787,13.6585],[45.2971,13.6596],[45.3023,13.6674],[45.3164,13.6641],[45.3312,13.6672],[45.3552,13.685],[45.3913,13.709],[45.3811,13.7332],[45.3756,13.739],[45.3584,13.7448],[45.3371,13.7622],[45.3327,13.7715],[45.3165,13.7717],[45.2984,13.7818],[45.294,13.7992]]]},"properties":{"id":"YE1206","gov":"YE12","ar":"رصد","en":"Rassd"}},{"type":"Feature","geometry":{"type":"Polygon","coordinates":[[[44.0937,15.7451],[44.0784,15.7633],[44.0687,15.764],[44.0471,15.7508],[44.0376,15.7519],[44.0324,15.7646],[44.0406,15.7767],[44.0588,15.7754],[44.0637,15.7815],[44.0577,15.8012],[44.0621,15.816],[44.0243,15.8425],[44.031,15.87],[44.0242,15.8864],[44.0032,15.9028],[44.0041,15.9151],[43.9791,15.9248],[43.9709,15.9086],[43.9625,15.9022],[43.9597,15.8922],[43.9471,15.9029],[43.937,15.9026],[43.9324,15.8946],[43.9289,15.8737],[43.9296,15.8516],[43.9377,15.8184],[43.9649,15.7884],[43.994,15.7978],[44.0237,15.7997],[44.0325,15.7967],[44.0362,15.783],[44.0257,15.7569],[44.0134,15.7495],[44.0062,15.7384],[44.0162,15.7318],[44.025,15.7152],[44.0325,15.6916],[44.0477,15.6717],[44.061,15.6431],[44.066,15.6157],[44.1132,15.614],[44.1182,15.633],[44.1191,15.6553],[44.1075,15.6909],[44.0972,15.7163],[44.1013,15.7334],[44.0937,15.7451]]]},"properties":{"id":"YE2911","gov":"YE29","ar":"ريده","en":"Raydah"}},{"type":"Feature","geometry":{"type":"Polygon","coordinates":[[[43.2486,17.0155],[43.2398,17.0238],[43.2275,17.0207],[43.2073,17.021],[43.2027,17.0101],[43.191,17.0161],[43.1904,17.0248],[43.1792,17.0258],[43.178,16.9937],[43.1882,16.9811],[43.1774,16.9755],[43.1778,16.9681],[43.1949,16.9555],[43.194,16.9447],[43.2086,16.9279],[43.2103,16.9072],[43.2273,16.9054],[43.2278,16.8908],[43.2358,16.8867],[43.2255,16.8628],[43.2255,16.8511],[43.2326,16.8339],[43.2372,16.8232],[43.2613,16.8172],[43.2833,16.82],[43.286,16.8502],[43.3023,16.8533],[43.306,16.8692],[43.3163,16.8731],[43.3242,16.8908],[43.3222,16.9043],[43.3128,16.9268],[43.309,16.955],[43.3143,16.9715],[43.3124,16.9788],[43.2931,16.9848],[43.2794,16.9999],[43.2486,17.0155]]]},"properties":{"id":"YE2205","gov":"YE22","ar":"رازح","en":"Razih"}},{"type":"Feature","geometry":{"type":"Polygon","coordinates":[[[51.4568,18.2569],[51.4589,18.2698],[51.4737,18.3188],[51.4913,18.3735],[51.5214,18.4373],[51.5263,18.4561],[51.5324,18.4963],[51.5315,18.5172],[51.5239,18.562],[51.5278,18.5874],[51.5732,18.6664],[51.612,18.7157],[51.6553,18.7615],[51.7228,18.8209],[51.8022,18.8787],[51.928,18.9626],[51.968,18.9862],[52,19],[51.8161,18.9686],[51.5759,18.9274],[51.3912,18.8954],[51.2641,18.8733],[51.0187,18.8304],[50.7833,18.7889],[50.6507,18.7757],[50.4608,18.7567],[50.3345,18.744],[50.3345,18.2944],[50.3368,18.2399],[50.3288,18.1468],[50.3329,17.9264],[50.3141,17.7148],[50.2977,17.6171],[50.2737,17.5201],[50.2506,17.4166],[50.2408,17.3453],[50.231,17.2392],[50.2307,17.1805],[50.2266,17.0723],[50.217,17.0049],[50.1975,16.9238],[50.1821,16.8841],[50.1496,16.8374],[50.121,16.7702],[50.1042,16.7213],[50.097,16.6578],[50.1725,16.6573],[50.2178,16.6546],[50.2276,16.6639],[50.2648,16.6636],[50.2804,16.6655],[50.3229,16.6666],[50.366,16.6731],[50.3805,16.6767],[50.4655,16.6725],[50.4888,16.6685],[50.5037,16.6686],[50.5311,16.6831],[50.5895,16.7336],[50.6163,16.7763],[50.63,16.8099],[50.6333,16.8463],[50.6378,16.8619],[50.6485,16.8726],[50.6836,16.8787],[50.7157,16.8777],[50.739,16.8738],[50.7661,16.872],[50.8102,16.8717],[50.8533,16.8756],[50.8678,16.8824],[50.8966,16.8901],[50.9501,16.9131],[50.9798,16.9363],[50.9985,16.9556],[51.0241,16.9763],[51.0674,17.0013],[51.0846,17.016],[51.1102,17.0255],[51.1264,17.036],[51.1301,17.0623],[51.1328,17.097],[51.1408,17.1481],[51.1465,17.1718],[51.1655,17.234],[51.1926,17.2952],[51.2057,17.3209],[51.2258,17.3503],[51.2359,17.3618],[51.2604,17.3996],[51.2794,17.4395],[51.2894,17.4573],[51.3023,17.5001],[51.319,17.5385],[51.3284,17.5671],[51.3556,17.6257],[51.3872,17.6881],[51.3989,17.7163],[51.4216,17.7786],[51.4328,17.8289],[51.4362,17.8715],[51.4424,17.9246],[51.4455,17.9678],[51.4499,18.0561],[51.452,18.1338],[51.4529,18.2264],[51.4568,18.2569]]]},"properties":{"id":"YE1901","gov":"YE19","ar":"رماه","en":"Rumah"}},{"type":"Feature","geometry":{"type":"Polygon","coordinates":[[[43.7671,16.8821],[43.7866,16.9008],[43.7897,16.9325],[43.7768,16.9437],[43.7701,16.9567],[43.7642,16.9633],[43.7649,16.9767],[43.7549,16.977],[43.7297,16.9666],[43.7301,16.9454],[43.738,16.9367],[43.7271,16.9324],[43.7203,16.9223],[43.7332,16.9251],[43.7464,16.9181],[43.7375,16.8944],[43.7671,16.8821]]]},"properties":{"id":"YE2215","gov":"YE22","ar":"صعده","en":"Sa'dah"}},{"type":"Feature","geometry":{"type":"Polygon","coordinates":[[[43.6431,15.0078],[43.6423,15.0166],[43.6594,15.0539],[43.6575,15.0799],[43.6414,15.0873],[43.6389,15.0937],[43.627,15.0988],[43.6263,15.1133],[43.6167,15.1207],[43.6095,15.1363],[43.5957,15.1507],[43.5719,15.1442],[43.5562,15.1463],[43.5638,15.1206],[43.5548,15.1092],[43.5512,15.0984],[43.5335,15.0909],[43.5218,15.0545],[43.5122,15.0484],[43.5137,15.0361],[43.5301,15.0229],[43.5434,15.0219],[43.568,15.0083],[43.5738,15.002],[43.593,14.9916],[43.6197,14.9925],[43.6307,15.0083],[43.6431,15.0078]]]},"properties":{"id":"YE2311","gov":"YE23","ar":"صعفان","en":"Sa'fan"}},{"type":"Feature","geometry":{"type":"Polygon","coordinates":[[[44.5881,14.2937],[44.6202,14.2945],[44.6329,14.2905],[44.6343,14.2817],[44.6294,14.2675],[44.6175,14.2555],[44.6148,14.2386],[44.6182,14.2009],[44.6395,14.1898],[44.6734,14.1765],[44.6735,14.1764],[44.6812,14.184],[44.6884,14.2119],[44.7041,14.2316],[44.7193,14.2644],[44.754,14.3078],[44.7496,14.3162],[44.7328,14.3221],[44.7143,14.3231],[44.704,14.34],[44.6808,14.3627],[44.6304,14.3655],[44.6254,14.3646],[44.5852,14.3578],[44.5881,14.2937]]]},"properties":{"id":"YE1417","gov":"YE14","ar":"صباح","en":"Sabah"}},{"type":"Feature","geometry":{"type":"MultiPolygon","coordinates":[[[[44.1269,13.5845],[44.1148,13.5913],[44.1036,13.6085],[44.0994,13.6015],[44.0741,13.6032],[44.0651,13.587],[44.0434,13.579],[44.0499,13.5685],[44.046,13.5576],[44.028,13.5575],[44.0195,13.5615],[44.0044,13.5611],[44.0038,13.5547],[44.0175,13.5174],[44.0401,13.5158],[44.0269,13.5057],[44.0187,13.4922],[44.022,13.4844],[44.0394,13.4974],[44.0513,13.4811],[44.0408,13.4714],[44.0448,13.4589],[44.0573,13.4602],[44.07,13.4518],[44.1026,13.4392],[44.1197,13.4503],[44.1248,13.4748],[44.1151,13.4882],[44.1159,13.4947],[44.0953,13.4956],[44.0669,13.5121],[44.0728,13.5247],[44.0833,13.5315],[44.0971,13.5272],[44.1153,13.533],[44.1335,13.5479],[44.1401,13.5415],[44.1506,13.5418],[44.1545,13.5564],[44.1517,13.5688],[44.1269,13.5845]]],[[[43.9901,13.5676],[43.9574,13.5735],[43.9513,13.5776],[43.9568,13.5898],[43.9403,13.5781],[43.9349,13.568],[43.9429,13.5503],[43.9398,13.5373],[43.9472,13.5219],[43.9538,13.5006],[43.9638,13.4882],[43.9785,13.4863],[43.9822,13.4995],[43.9755,13.5146],[43.9791,13.5225],[43.988,13.5471],[43.9901,13.5676]]]]},"properties":{"id":"YE1510","gov":"YE15","ar":"صبر الموادم","en":"Sabir Al Mawadim"}},{"type":"Feature","geometry":{"type":"Polygon","coordinates":[[[49.1312,15.6628],[49.1076,15.6739],[49.0742,15.6977],[49.042,15.7293],[48.9957,15.771],[48.9714,15.786],[48.9463,15.8103],[48.917,15.8195],[48.9008,15.818],[48.8836,15.8126],[48.8552,15.8119],[48.8349,15.8045],[48.7937,15.7726],[48.781,15.7664],[48.7696,15.766],[48.7658,15.7294],[48.7589,15.7155],[48.7308,15.687],[48.7048,15.6657],[48.6893,15.6462],[48.6723,15.6154],[48.6328,15.5582],[48.6503,15.54],[48.6584,15.5185],[48.6676,15.4804],[48.6753,15.4355],[48.684,15.3956],[48.6879,15.3602],[48.6932,15.3309],[48.704,15.3023],[48.7218,15.2657],[48.752,15.197],[48.7721,15.1996],[48.8031,15.2106],[48.8488,15.2399],[48.874,15.2597],[48.9219,15.2873],[48.947,15.2991],[49.0012,15.3146],[49.0143,15.3195],[49.0604,15.3409],[49.0971,15.3549],[49.1164,15.3697],[49.1261,15.3845],[49.1477,15.4433],[49.1589,15.479],[49.1622,15.5346],[49.1471,15.5565],[49.1659,15.5674],[49.1574,15.5773],[49.1511,15.6065],[49.141,15.6269],[49.1312,15.6628]]]},"properties":{"id":"YE1909","gov":"YE19","ar":"ساه","en":"Sah"}},{"type":"Feature","geometry":{"type":"Polygon","coordinates":[[[43.7701,16.9567],[43.7701,16.972],[43.779,16.9793],[43.7914,16.9978],[43.7853,17.0102],[43.7855,17.0337],[43.7945,17.0513],[43.7828,17.0632],[43.7844,17.094],[43.7979,17.1031],[43.7991,17.1286],[43.7779,17.1265],[43.7784,17.0996],[43.7754,17.0948],[43.7376,17.0943],[43.7297,17.1104],[43.7335,17.1497],[43.7347,17.1888],[43.7336,17.2128],[43.6822,17.2116],[43.6871,17.1831],[43.7038,17.1399],[43.7016,17.133],[43.6704,17.1274],[43.6509,17.1194],[43.6387,17.1001],[43.6247,17.1016],[43.6125,17.0976],[43.6081,17.0817],[43.6174,17.0719],[43.6194,17.0585],[43.6088,17.0463],[43.6085,17.0343],[43.6169,17.007],[43.6097,17.0046],[43.6047,16.9914],[43.5881,16.9702],[43.579,16.9663],[43.5548,16.9643],[43.5485,16.9578],[43.5487,16.9276],[43.5521,16.918],[43.5481,16.9094],[43.5328,16.9018],[43.5321,16.8852],[43.5533,16.8637],[43.5567,16.8501],[43.5564,16.8282],[43.5635,16.8172],[43.5724,16.7891],[43.5823,16.7726],[43.5984,16.7584],[43.618,16.7478],[43.6451,16.7481],[43.6555,16.7453],[43.6595,16.7366],[43.6541,16.7225],[43.6375,16.7167],[43.6346,16.7061],[43.6407,16.6836],[43.6554,16.6681],[43.6584,16.6498],[43.675,16.6583],[43.6878,16.6714],[43.708,16.6846],[43.708,16.7551],[43.715,16.7621],[43.7289,16.7578],[43.738,16.7385],[43.746,16.7348],[43.7728,16.7374],[43.7749,16.7616],[43.7733,16.8007],[43.7849,16.8112],[43.7937,16.8471],[43.7771,16.8627],[43.763,16.8621],[43.7671,16.8821],[43.7375,16.8944],[43.7464,16.9181],[43.7332,16.9251],[43.7203,16.9223],[43.704,16.9173],[43.6993,16.9324],[43.7132,16.9387],[43.7174,16.9487],[43.7169,16.9634],[43.7297,16.9666],[43.7549,16.977],[43.7649,16.9767],[43.7642,16.9633],[43.7701,16.9567]]]},"properties":{"id":"YE2211","gov":"YE22","ar":"سحار","en":"Sahar"}},{"type":"Feature","geometry":{"type":"Polygon","coordinates":[[[44.023,13.602],[44.0179,13.5855],[44.028,13.5575],[44.046,13.5576],[44.0499,13.5685],[44.0434,13.579],[44.0651,13.587],[44.0741,13.6032],[44.023,13.602]]]},"properties":{"id":"YE1519","gov":"YE15","ar":"صاله","en":"Salah"}},{"type":"Feature","geometry":{"type":"Polygon","coordinates":[[[44.0967,13.3663],[44.1105,13.3537],[44.1537,13.3479],[44.1664,13.3577],[44.1664,13.381],[44.1768,13.3994],[44.1647,13.4035],[44.142,13.4043],[44.1317,13.4135],[44.1052,13.4074],[44.0826,13.4124],[44.0564,13.412],[44.0581,13.4055],[44.079,13.3819],[44.0967,13.3663]]]},"properties":{"id":"YE1523","gov":"YE15","ar":"سامع","en":"Sami'"}},{"type":"Feature","geometry":{"type":"Polygon","coordinates":[[[44.1349,15.4366],[44.1281,15.4351],[44.1079,15.4055],[44.1079,15.3946],[44.1151,15.3866],[44.1451,15.3927],[44.1662,15.4024],[44.1575,15.4212],[44.1532,15.4314],[44.1406,15.4403],[44.1349,15.4366]]]},"properties":{"id":"YE1319","gov":"YE13","ar":"ضواحي الامانة همدان","en":"Sana'a City Outskirts - Hamdan"}},{"type":"Feature","geometry":{"type":"Polygon","coordinates":[[[44.2027,15.2703],[44.2114,15.2703],[44.2185,15.2621],[44.2323,15.258],[44.2433,15.2436],[44.249,15.2265],[44.2387,15.2063],[44.248,15.2079],[44.2493,15.2172],[44.2611,15.2256],[44.2695,15.2486],[44.2816,15.2535],[44.2793,15.2758],[44.2834,15.3084],[44.282,15.3243],[44.2662,15.3287],[44.2609,15.3255],[44.2532,15.2993],[44.2474,15.3048],[44.2366,15.3009],[44.2443,15.2803],[44.2221,15.2763],[44.2033,15.2898],[44.177,15.2938],[44.1722,15.2858],[44.1982,15.2805],[44.2027,15.2703]]]},"properties":{"id":"YE1324","gov":"YE13","ar":"ضواحي الامانة سنحان وبني بهلول","en":"Sana'a City Outskirts -Sanhan wa Bani Bahlul"}},{"type":"Feature","geometry":{"type":"Polygon","coordinates":[[[44.3835,15.3757],[44.3759,15.3817],[44.3465,15.3695],[44.3121,15.3599],[44.2854,15.3592],[44.2605,15.3606],[44.2633,15.3445],[44.2653,15.3339],[44.2662,15.3287],[44.282,15.3243],[44.2834,15.3084],[44.2793,15.2758],[44.2816,15.2535],[44.2695,15.2486],[44.2611,15.2256],[44.2493,15.2172],[44.248,15.2079],[44.2387,15.2063],[44.249,15.2265],[44.2433,15.2436],[44.2323,15.258],[44.2185,15.2621],[44.2114,15.2703],[44.2027,15.2703],[44.1702,15.2372],[44.1711,15.2233],[44.1864,15.2221],[44.1917,15.2311],[44.2009,15.2296],[44.2087,15.2095],[44.2149,15.2008],[44.2108,15.1835],[44.2279,15.1828],[44.2296,15.1553],[44.2231,15.1429],[44.2253,15.1382],[44.2442,15.1271],[44.2488,15.1152],[44.2619,15.1137],[44.281,15.1227],[44.2963,15.1191],[44.3144,15.0894],[44.3406,15.0729],[44.3685,15.0703],[44.4175,15.0976],[44.4316,15.1041],[44.4272,15.1291],[44.4273,15.1482],[44.3969,15.1518],[44.3878,15.1708],[44.3932,15.2224],[44.4086,15.2401],[44.421,15.289],[44.4154,15.2999],[44.4314,15.327],[44.4502,15.3543],[44.4516,15.3719],[44.4432,15.38],[44.4334,15.3773],[44.4096,15.3637],[44.3901,15.3636],[44.3835,15.3757]]]},"properties":{"id":"YE2305","gov":"YE23","ar":"سنحان وبني بهلول","en":"Sanhan wa Bani Bahlul"}},{"type":"Feature","geometry":{"type":"Polygon","coordinates":[[[43.5485,16.9578],[43.5319,16.9713],[43.5101,16.9848],[43.4899,16.9825],[43.4714,16.9658],[43.4519,16.9582],[43.4406,16.9594],[43.4179,16.9702],[43.4122,16.9801],[43.3997,16.9776],[43.3891,16.982],[43.3671,16.9754],[43.3645,16.9612],[43.3674,16.9522],[43.3615,16.9225],[43.3539,16.9106],[43.3427,16.903],[43.3267,16.8985],[43.3242,16.8908],[43.3163,16.8731],[43.3241,16.8515],[43.3393,16.8494],[43.3403,16.8279],[43.3541,16.8324],[43.3777,16.8467],[43.391,16.845],[43.406,16.8189],[43.4345,16.8265],[43.4372,16.8096],[43.4509,16.7927],[43.4646,16.7951],[43.4923,16.7717],[43.5066,16.7508],[43.5206,16.724],[43.4978,16.6778],[43.4962,16.6127],[43.5286,16.6197],[43.6584,16.6498],[43.6554,16.6681],[43.6407,16.6836],[43.6346,16.7061],[43.6375,16.7167],[43.6541,16.7225],[43.6595,16.7366],[43.6555,16.7453],[43.6451,16.7481],[43.618,16.7478],[43.5984,16.7584],[43.5823,16.7726],[43.5724,16.7891],[43.5635,16.8172],[43.5564,16.8282],[43.5567,16.8501],[43.5533,16.8637],[43.5321,16.8852],[43.5328,16.9018],[43.5481,16.9094],[43.5521,16.918],[43.5487,16.9276],[43.5485,16.9578]]]},"properties":{"id":"YE2209","gov":"YE22","ar":"ساقين","en":"Saqin"}},{"type":"Feature","geometry":{"type":"Polygon","coordinates":[[[45.5796,13.6005],[45.5625,13.6168],[45.5337,13.6592],[45.5236,13.6863],[45.5129,13.6971],[45.5081,13.71],[45.496,13.7266],[45.4757,13.7442],[45.4579,13.7373],[45.4174,13.7299],[45.4081,13.7253],[45.3913,13.709],[45.3552,13.685],[45.3312,13.6672],[45.3164,13.6641],[45.3023,13.6674],[45.2971,13.6596],[45.2787,13.6585],[45.2757,13.648],[45.2837,13.6445],[45.2645,13.6125],[45.2548,13.6026],[45.2354,13.5921],[45.2186,13.5788],[45.183,13.5424],[45.1694,13.5259],[45.1714,13.5051],[45.1822,13.4892],[45.1782,13.4768],[45.1849,13.457],[45.1822,13.4505],[45.2121,13.4322],[45.2292,13.4353],[45.2294,13.4233],[45.2419,13.4162],[45.2461,13.4162],[45.2857,13.4342],[45.335,13.4392],[45.347,13.4432],[45.3968,13.469],[45.4171,13.4828],[45.4409,13.5025],[45.4629,13.5115],[45.5013,13.5374],[45.5603,13.5824],[45.5796,13.6005]]]},"properties":{"id":"YE1207","gov":"YE12","ar":"سرار","en":"Sarar"}},{"type":"Feature","geometry":{"type":"Polygon","coordinates":[[[51.6462,15.3354],[51.5397,15.418],[51.5276,15.4302],[51.4385,15.5371],[51.3435,15.6335],[51.2605,15.7185],[51.1806,15.7609],[50.9756,15.8724],[50.9639,15.8775],[50.9175,15.833],[50.8934,15.8205],[50.8696,15.8161],[50.8925,15.792],[50.9444,15.7231],[50.9705,15.6788],[51,15.5766],[51.0184,15.5106],[51.0677,15.4477],[51.1009,15.3964],[51.1273,15.3345],[51.1438,15.2815],[51.1482,15.2604],[51.1618,15.1768],[51.2069,15.1927],[51.2173,15.1926],[51.2538,15.2062],[51.2922,15.2235],[51.3022,15.2252],[51.3231,15.2348],[51.3419,15.2383],[51.3471,15.2332],[51.3693,15.2347],[51.3685,15.2433],[51.3913,15.2547],[51.4208,15.2652],[51.4703,15.288],[51.4756,15.2956],[51.5123,15.3108],[51.5762,15.331],[51.602,15.3348],[51.6072,15.3296],[51.6286,15.33],[51.6462,15.3354]]]},"properties":{"id":"YE2807","gov":"YE28","ar":"سيحوت","en":"Sayhut"}},{"type":"Feature","geometry":{"type":"Polygon","coordinates":[[[48.9008,15.818],[48.9048,15.8381],[48.9143,15.8598],[48.9395,15.8869],[48.9749,15.9459],[48.9788,15.9757],[48.9759,15.9928],[48.9683,16.0051],[48.9383,16.0238],[48.914,16.0304],[48.8751,16.0442],[48.8622,16.0516],[48.8512,16.0704],[48.8339,16.1175],[48.8221,16.171],[48.8195,16.2152],[48.8212,16.2443],[48.8179,16.2636],[48.793,16.2457],[48.7588,16.225],[48.7375,16.2164],[48.699,16.2054],[48.7007,16.183],[48.7136,16.1513],[48.7184,16.1315],[48.7237,16.0864],[48.726,16.0558],[48.7257,16.0177],[48.72,15.9817],[48.7139,15.96],[48.6964,15.9249],[48.7004,15.9123],[48.7129,15.9],[48.7193,15.8864],[48.7221,15.8335],[48.7283,15.8109],[48.7461,15.7798],[48.7583,15.7688],[48.7696,15.766],[48.781,15.7664],[48.7937,15.7726],[48.8349,15.8045],[48.8552,15.8119],[48.8836,15.8126],[48.9008,15.818]]]},"properties":{"id":"YE1910","gov":"YE19","ar":"سيئون","en":"Sayun"}},{"type":"Feature","geometry":{"type":"Polygon","coordinates":[[[43.2326,16.8339],[43.2255,16.8511],[43.2255,16.8628],[43.2358,16.8867],[43.2278,16.8908],[43.2273,16.9054],[43.2103,16.9072],[43.2086,16.9279],[43.194,16.9447],[43.1755,16.9369],[43.1723,16.9314],[43.1443,16.9253],[43.1381,16.9176],[43.1379,16.9072],[43.1505,16.8776],[43.1717,16.8655],[43.18,16.8491],[43.202,16.8448],[43.2213,16.8381],[43.2234,16.8287],[43.2326,16.8339]]]},"properties":{"id":"YE2206","gov":"YE22","ar":"شداء","en":"Shada'a"}},{"type":"Feature","geometry":{"type":"Polygon","coordinates":[[[43.7567,16.1274],[43.7621,16.159],[43.7569,16.1731],[43.7612,16.2047],[43.7582,16.2241],[43.7487,16.2398],[43.7242,16.2512],[43.7189,16.2656],[43.6818,16.2804],[43.6715,16.2712],[43.6773,16.2638],[43.6774,16.2462],[43.6742,16.2316],[43.677,16.2128],[43.67,16.2029],[43.661,16.1784],[43.6523,16.1683],[43.6423,16.1656],[43.6389,16.1558],[43.6354,16.1522],[43.6355,16.1329],[43.649,16.1063],[43.6492,16.093],[43.6637,16.0953],[43.6743,16.0923],[43.6942,16.1079],[43.6975,16.1278],[43.7567,16.1274]]]},"properties":{"id":"YE2905","gov":"YE29","ar":"شهاره","en":"Shaharah"}},{"type":"Feature","geometry":{"type":"Polygon","coordinates":[[[52,19],[51.968,18.9862],[51.928,18.9626],[51.8022,18.8787],[51.7228,18.8209],[51.6553,18.7615],[51.612,18.7157],[51.5732,18.6664],[51.5278,18.5874],[51.5239,18.562],[51.5315,18.5172],[51.5324,18.4963],[51.5263,18.4561],[51.5214,18.4373],[51.4913,18.3735],[51.4737,18.3188],[51.4589,18.2698],[51.4568,18.2569],[51.5525,18.2536],[51.6168,18.2491],[51.6924,18.2259],[51.7972,18.1537],[51.9069,18.09],[52.0437,18.1514],[52.1126,18.1489],[52.1692,18.1481],[52.145,17.9868],[52.1452,17.9629],[52.1694,17.869],[52.1827,17.8076],[52.1893,17.6857],[52.1906,17.6468],[52.2087,17.4579],[52.2112,17.2979],[52.2113,17.1785],[52.2176,17.0516],[52.2129,16.9644],[52.2011,16.8879],[52.2206,16.8954],[52.2417,16.8925],[52.2839,16.8912],[52.3217,16.885],[52.3362,16.8809],[52.3915,16.8754],[52.4363,16.869],[52.4459,16.8717],[52.5539,16.8707],[52.5787,16.8696],[52.6146,16.8699],[52.6399,16.8673],[52.6567,16.8622],[52.6948,16.8545],[52.7076,16.85],[52.7829,16.84],[52.8207,16.8284],[52.8405,16.8249],[52.8825,16.8209],[52.9471,16.7984],[53.0018,16.7907],[53.0437,16.7904],[52.8123,17.2855],[52.7458,17.2944],[52.7506,17.3058],[52.7822,17.3497],[52.2984,18.3744],[52.2909,18.3902],[52,19]]]},"properties":{"id":"YE2801","gov":"YE28","ar":"شحن","en":"Shahin"}},{"type":"Feature","geometry":{"type":"Polygon","coordinates":[[[43.7898,13.8487],[43.7828,13.8611],[43.765,13.8784],[43.7523,13.8798],[43.7486,13.863],[43.7395,13.8522],[43.7174,13.8471],[43.6995,13.8532],[43.6719,13.8559],[43.6518,13.8424],[43.6265,13.8351],[43.6205,13.8245],[43.6579,13.7661],[43.6609,13.7542],[43.6897,13.7553],[43.7005,13.7671],[43.7125,13.7707],[43.7248,13.7616],[43.7397,13.7387],[43.7501,13.7083],[43.7602,13.6979],[43.7489,13.6717],[43.752,13.662],[43.77,13.6339],[43.7868,13.619],[43.8098,13.6156],[43.8195,13.6095],[43.8283,13.5972],[43.8484,13.5826],[43.8611,13.58],[43.8627,13.5921],[43.8638,13.6404],[43.8602,13.6542],[43.838,13.6585],[43.8293,13.6652],[43.8223,13.6772],[43.8211,13.6958],[43.8294,13.7012],[43.8483,13.6874],[43.857,13.7054],[43.8637,13.6966],[43.8617,13.6856],[43.8741,13.677],[43.8835,13.6865],[43.8978,13.7208],[43.9154,13.7278],[43.9078,13.7396],[43.8989,13.7438],[43.8945,13.753],[43.8721,13.7493],[43.8623,13.7358],[43.8542,13.7411],[43.8394,13.7598],[43.834,13.7793],[43.8392,13.8004],[43.8466,13.8031],[43.8348,13.825],[43.8191,13.8243],[43.8056,13.8408],[43.7898,13.8487]]]},"properties":{"id":"YE1503","gov":"YE15","ar":"شرعب الرونه","en":"Shar'ab Ar Rawnah"}},{"type":"Feature","geometry":{"type":"Polygon","coordinates":[[[43.8656,13.8622],[43.8626,13.8726],[43.8694,13.8798],[43.8641,13.8908],[43.8386,13.8898],[43.8352,13.8817],[43.8247,13.8766],[43.7952,13.8698],[43.7942,13.8544],[43.7898,13.8487],[43.8056,13.8408],[43.8191,13.8243],[43.8348,13.825],[43.8466,13.8031],[43.8392,13.8004],[43.834,13.7793],[43.8394,13.7598],[43.8542,13.7411],[43.8623,13.7358],[43.8721,13.7493],[43.8945,13.753],[43.8989,13.7438],[43.9078,13.7396],[43.9154,13.7278],[43.9265,13.7083],[43.9455,13.7017],[43.9493,13.6755],[43.9683,13.6834],[43.9812,13.6984],[43.976,13.7089],[43.9608,13.7232],[43.9655,13.7351],[43.9619,13.7536],[43.9496,13.7791],[43.953,13.7948],[43.9378,13.7918],[43.9106,13.7957],[43.9068,13.822],[43.9264,13.8188],[43.9356,13.8246],[43.938,13.8471],[43.9334,13.8618],[43.9255,13.8696],[43.9071,13.8664],[43.9055,13.8571],[43.8896,13.8525],[43.8903,13.846],[43.8756,13.8353],[43.8605,13.8197],[43.8475,13.8384],[43.8603,13.8461],[43.8656,13.8622]]]},"properties":{"id":"YE1502","gov":"YE15","ar":"شرعب السلام","en":"Shar'ab As Salam"}},{"type":"Feature","geometry":{"type":"Polygon","coordinates":[[[43.6853,15.6645],[43.6906,15.6671],[43.7031,15.6927],[43.6859,15.7066],[43.6854,15.7126],[43.6982,15.7182],[43.6927,15.7253],[43.6675,15.7288],[43.6507,15.7404],[43.6609,15.7788],[43.6441,15.7938],[43.6456,15.8046],[43.6215,15.7967],[43.6011,15.8024],[43.6214,15.7544],[43.6284,15.7412],[43.612,15.7254],[43.6369,15.7166],[43.632,15.6999],[43.6345,15.6862],[43.6414,15.6932],[43.6523,15.6903],[43.6501,15.6766],[43.6585,15.6577],[43.6794,15.6672],[43.6853,15.6645]]]},"properties":{"id":"YE1719","gov":"YE17","ar":"شرس","en":"Sharas"}},{"type":"Feature","geometry":{"type":"Polygon","coordinates":[[[48.7696,15.766],[48.7583,15.7688],[48.7461,15.7798],[48.7283,15.8109],[48.7221,15.8335],[48.7193,15.8864],[48.7129,15.9],[48.7004,15.9123],[48.6964,15.9249],[48.7139,15.96],[48.72,15.9817],[48.7257,16.0177],[48.726,16.0558],[48.7237,16.0864],[48.7184,16.1315],[48.7136,16.1513],[48.7007,16.183],[48.699,16.2054],[48.6495,16.1876],[48.6132,16.1795],[48.5741,16.1807],[48.5727,16.1264],[48.5762,16.0746],[48.5775,16.0172],[48.5843,15.961],[48.5791,15.9394],[48.5934,15.9264],[48.5945,15.9097],[48.6002,15.8961],[48.5976,15.8753],[48.5791,15.852],[48.5687,15.8264],[48.5584,15.7721],[48.5486,15.705],[48.5328,15.6301],[48.5254,15.6091],[48.5542,15.5987],[48.5857,15.5849],[48.6328,15.5582],[48.6723,15.6154],[48.6893,15.6462],[48.7048,15.6657],[48.7308,15.687],[48.7589,15.7155],[48.7658,15.7294],[48.7696,15.766]]]},"properties":{"id":"YE1908","gov":"YE19","ar":"شبام","en":"Shibam"}},{"type":"Feature","geometry":{"type":"Polygon","coordinates":[[[43.9068,15.5168],[43.8947,15.5171],[43.8824,15.5291],[43.8592,15.5384],[43.8538,15.5434],[43.8325,15.5494],[43.8281,15.559],[43.8129,15.5686],[43.8097,15.5519],[43.7998,15.5303],[43.783,15.5082],[43.7728,15.5025],[43.77,15.4919],[43.7843,15.4771],[43.7881,15.4639],[43.804,15.4508],[43.8155,15.4508],[43.831,15.4604],[43.8461,15.4562],[43.8492,15.4428],[43.8476,15.4213],[43.8491,15.3825],[43.8644,15.3934],[43.8733,15.4051],[43.892,15.4083],[43.9104,15.418],[43.9147,15.4331],[43.8991,15.4591],[43.9001,15.4678],[43.9213,15.4798],[43.9137,15.4989],[43.9167,15.5164],[43.9068,15.5168]]]},"properties":{"id":"YE2701","gov":"YE27","ar":"شبام كوكبان","en":"Shibam Kawkaban"}},{"type":"Feature","geometry":{"type":"Polygon","coordinates":[[[44.2457,15.3633],[44.2426,15.3897],[44.231,15.4078],[44.2143,15.411],[44.2126,15.3859],[44.2052,15.374],[44.2077,15.3604],[44.2149,15.3602],[44.226,15.3695],[44.2334,15.3629],[44.2457,15.3633]]]},"properties":{"id":"YE1302","gov":"YE13","ar":"شعوب","en":"Shu'ub"}},{"type":"Feature","geometry":{"type":"Polygon","coordinates":[[[45.3813,13.9113],[45.3446,13.9144],[45.3308,13.9203],[45.3251,13.8986],[45.3241,13.8621],[45.3405,13.8296],[45.3429,13.8152],[45.3229,13.8122],[45.294,13.7992],[45.2984,13.7818],[45.3165,13.7717],[45.3327,13.7715],[45.3371,13.7622],[45.3584,13.7448],[45.3756,13.739],[45.3811,13.7332],[45.3913,13.709],[45.4081,13.7253],[45.4174,13.7299],[45.4579,13.7373],[45.4757,13.7442],[45.4951,13.7862],[45.5037,13.8104],[45.5038,13.8204],[45.4844,13.8608],[45.4734,13.8804],[45.4697,13.9011],[45.4602,13.9026],[45.4229,13.9027],[45.395,13.9063],[45.3813,13.9113]]]},"properties":{"id":"YE1205","gov":"YE12","ar":"سباح","en":"Sibah"}},{"type":"Feature","geometry":{"type":"Polygon","coordinates":[[[44.7796,15.6003],[44.7541,15.5656],[44.7315,15.5472],[44.698,15.5268],[44.7,15.5192],[44.7212,15.5177],[44.7232,15.496],[44.7279,15.4747],[44.7503,15.4888],[44.7638,15.4664],[44.7899,15.4471],[44.802,15.4308],[44.8073,15.4153],[44.8365,15.4107],[44.8719,15.394],[44.9175,15.3573],[44.9348,15.3473],[44.9581,15.3396],[45.0345,15.315],[45.1059,15.2829],[45.125,15.2814],[45.1447,15.2944],[45.1888,15.2991],[45.2219,15.3051],[45.24,15.3118],[45.2513,15.3204],[45.2827,15.3312],[45.3014,15.3468],[45.289,15.361],[45.2647,15.3809],[45.2399,15.3958],[45.2431,15.4323],[45.2403,15.4625],[45.2341,15.4863],[45.2165,15.5286],[45.1947,15.5374],[45.1622,15.5458],[45.1214,15.5507],[45.0065,15.5754],[44.9787,15.5739],[44.9342,15.5747],[44.9105,15.5691],[44.8859,15.5717],[44.8715,15.5705],[44.8486,15.5572],[44.8379,15.5564],[44.7796,15.6003]]]},"properties":{"id":"YE2606","gov":"YE26","ar":"صرواح","en":"Sirwah"}},{"type":"Feature","geometry":{"type":"Polygon","coordinates":[[[43.6057,16.1852],[43.5842,16.1775],[43.5695,16.1899],[43.5608,16.1928],[43.5641,16.1779],[43.5752,16.1104],[43.5728,16.0982],[43.5782,16.0917],[43.601,16.0503],[43.6047,16.0385],[43.6217,16.0223],[43.628,16.0032],[43.6111,15.9868],[43.5906,15.9789],[43.5804,15.9605],[43.5732,15.9581],[43.5839,15.9467],[43.5822,15.9307],[43.6023,15.9399],[43.6408,15.9939],[43.6561,15.9985],[43.6564,16.019],[43.6619,16.0516],[43.6663,16.0664],[43.6644,16.0782],[43.6743,16.0923],[43.6637,16.0953],[43.6492,16.093],[43.649,16.1063],[43.6355,16.1329],[43.6354,16.1522],[43.6389,16.1558],[43.6254,16.1673],[43.6204,16.1759],[43.6057,16.1852]]]},"properties":{"id":"YE2907","gov":"YE29","ar":"صوير","en":"Suwayr"}},{"type":"Feature","geometry":{"type":"Polygon","coordinates":[[[49.2494,15.8085],[49.2512,15.8475],[49.2476,15.9084],[49.2507,15.9217],[49.2751,15.9687],[49.2825,15.9947],[49.2805,16.0226],[49.2746,16.0436],[49.2595,16.0694],[49.2352,16.1054],[49.2281,16.1411],[49.2143,16.2009],[49.2139,16.2376],[49.2239,16.2794],[49.2206,16.2999],[49.2381,16.3198],[49.2278,16.3368],[49.2247,16.3575],[49.2295,16.3794],[49.2395,16.4003],[49.2499,16.4102],[49.2817,16.4264],[49.2774,16.4368],[49.2561,16.4404],[49.2429,16.4556],[49.2468,16.4695],[49.2576,16.4939],[49.1975,16.479],[49.1372,16.4614],[49.0856,16.4523],[49.0131,16.4442],[48.9858,16.4381],[48.9604,16.426],[48.9273,16.4027],[48.916,16.3887],[48.899,16.3607],[48.8713,16.3197],[48.8532,16.2966],[48.8364,16.2785],[48.8179,16.2636],[48.8212,16.2443],[48.8195,16.2152],[48.8221,16.171],[48.8339,16.1175],[48.8512,16.0704],[48.8622,16.0516],[48.8751,16.0442],[48.914,16.0304],[48.9383,16.0238],[48.9683,16.0051],[48.9759,15.9928],[48.9788,15.9757],[48.9749,15.9459],[48.9395,15.8869],[48.9143,15.8598],[48.9048,15.8381],[48.9008,15.818],[48.917,15.8195],[48.9463,15.8103],[48.9714,15.786],[48.9957,15.771],[49.042,15.7293],[49.0742,15.6977],[49.1076,15.6739],[49.1312,15.6628],[49.176,15.6793],[49.2005,15.6949],[49.2064,15.7067],[49.2132,15.7348],[49.2192,15.7489],[49.243,15.7875],[49.2494,15.8085]]]},"properties":{"id":"YE1911","gov":"YE19","ar":"تريم","en":"Tarim"}},{"type":"Feature","geometry":{"type":"Polygon","coordinates":[[[49.7489,18.6838],[49.7333,18.0456],[49.7297,17.8641],[49.7203,17.5845],[49.7081,17.4957],[49.6978,17.4524],[49.6906,17.4392],[49.6761,17.4246],[49.6443,17.3967],[49.6097,17.3544],[49.5999,17.3348],[49.5941,17.2973],[49.5928,17.2668],[49.5944,17.2356],[49.5939,17.1867],[49.5893,17.1212],[49.5865,17.0979],[49.5735,17.0181],[49.5661,16.9886],[49.5516,16.9623],[49.5144,16.923],[49.4934,16.9026],[49.4803,16.8847],[49.453,16.8422],[49.4254,16.8049],[49.4076,16.7665],[49.3986,16.732],[49.3868,16.6967],[49.3759,16.6377],[49.3742,16.5946],[49.3741,16.5338],[49.4069,16.5402],[49.4312,16.5415],[49.4702,16.5407],[49.5124,16.5379],[49.5483,16.5431],[49.5782,16.5507],[49.6259,16.5676],[49.7117,16.6024],[49.7999,16.6423],[49.8328,16.6544],[49.8745,16.6654],[49.9038,16.6698],[49.9367,16.6727],[49.9807,16.6704],[50.0036,16.6649],[50.0606,16.6587],[50.097,16.6578],[50.1042,16.7213],[50.121,16.7702],[50.1496,16.8374],[50.1821,16.8841],[50.1975,16.9238],[50.217,17.0049],[50.2266,17.0723],[50.2307,17.1805],[50.231,17.2392],[50.2408,17.3453],[50.2506,17.4166],[50.2737,17.5201],[50.2977,17.6171],[50.3141,17.7148],[50.3329,17.9264],[50.3288,18.1468],[50.3368,18.2399],[50.3345,18.2944],[50.3345,18.744],[50.1912,18.7294],[49.9501,18.7047],[49.7489,18.6838]]]},"properties":{"id":"YE1902","gov":"YE19","ar":"ثمود","en":"Thamud"}},{"type":"Feature","geometry":{"type":"Polygon","coordinates":[[[43.8723,15.6178],[43.8414,15.6295],[43.8151,15.6316],[43.8028,15.6424],[43.7957,15.6653],[43.7826,15.6614],[43.7739,15.6418],[43.7471,15.6411],[43.7313,15.634],[43.7426,15.6098],[43.7487,15.5697],[43.7478,15.5412],[43.7599,15.5427],[43.774,15.5519],[43.784,15.5757],[43.7996,15.5808],[43.8129,15.5686],[43.8281,15.559],[43.8325,15.5494],[43.8538,15.5434],[43.8592,15.5384],[43.8824,15.5291],[43.8947,15.5171],[43.9068,15.5168],[43.9162,15.5402],[43.9192,15.5649],[43.9393,15.5781],[43.9045,15.5996],[43.9013,15.6066],[43.8723,15.6178]]]},"properties":{"id":"YE2917","gov":"YE29","ar":"ثلاء","en":"Thula"}},{"type":"Feature","geometry":{"type":"Polygon","coordinates":[[[45.1075,13.1863],[45.0783,13.1955],[45.0238,13.2188],[44.9975,13.2319],[44.9591,13.2538],[44.9258,13.2783],[44.8789,13.2929],[44.8353,13.3001],[44.7499,13.2993],[44.7315,13.2897],[44.7244,13.272],[44.7236,13.2423],[44.7208,13.2252],[44.7178,13.1669],[44.7189,13.1391],[44.7179,13.0993],[44.712,13.0355],[44.7014,12.9722],[44.6898,12.9228],[44.6731,12.8685],[44.8279,12.8833],[44.8838,12.9169],[44.8967,12.923],[44.9555,12.95],[44.9628,12.9511],[45.0427,12.9428],[45.0836,12.9389],[45.0956,12.9363],[45.0952,12.9564],[45.1071,13.1844],[45.1075,13.1863]],[[44.8885,13.0481],[44.8735,13.0459],[44.8651,13.0536],[44.8648,13.0747],[44.8851,13.0759],[44.8924,13.0679],[44.8885,13.0481]]]},"properties":{"id":"YE2515","gov":"YE25","ar":"تبن","en":"Tuban"}},{"type":"Feature","geometry":{"type":"Polygon","coordinates":[[[44.7178,13.1669],[44.6916,13.1665],[44.6636,13.1608],[44.6294,13.1623],[44.6058,13.1664],[44.586,13.1624],[44.565,13.1656],[44.5281,13.1621],[44.5168,13.1681],[44.5159,13.1963],[44.4874,13.1994],[44.4737,13.2148],[44.467,13.2173],[44.4461,13.2128],[44.4225,13.212],[44.4089,13.2084],[44.3969,13.2005],[44.3833,13.2024],[44.3769,13.2224],[44.38,13.2286],[44.3731,13.24],[44.3661,13.2391],[44.3571,13.2285],[44.3181,13.2096],[44.3052,13.2121],[44.2915,13.2094],[44.2853,13.1978],[44.2853,13.1838],[44.2936,13.1725],[44.2918,13.1658],[44.2756,13.1509],[44.2692,13.1381],[44.2596,13.1279],[44.2552,13.1141],[44.244,13.1063],[44.2235,13.1022],[44.2201,13.0815],[44.2258,13.0697],[44.2125,13.0642],[44.2081,13.0431],[44.2028,13.0407],[44.2644,12.993],[44.2677,12.9823],[44.259,12.9722],[44.2595,12.9641],[44.2768,12.9311],[44.344,12.8561],[44.3921,12.8071],[44.4373,12.7629],[44.4475,12.7888],[44.4837,12.8504],[44.6731,12.8685],[44.6898,12.9228],[44.7014,12.9722],[44.712,13.0355],[44.7179,13.0993],[44.7189,13.1391],[44.7178,13.1669]]]},"properties":{"id":"YE2511","gov":"YE25","ar":"طور الباحه","en":"Tur Al Bahah"}},{"type":"Feature","geometry":{"type":"Polygon","coordinates":[[[48.5254,15.6091],[48.4733,15.6184],[48.4344,15.6314],[48.398,15.6515],[48.385,15.6632],[48.3708,15.6802],[48.3526,15.7087],[48.3366,15.7457],[48.317,15.7726],[48.3029,15.785],[48.2465,15.7912],[48.2236,15.7952],[48.1761,15.7936],[48.1257,15.7895],[48.1017,15.786],[48.044,15.7723],[48.0164,15.7614],[47.9572,15.7406],[47.936,15.7344],[47.8917,15.7262],[47.8958,15.7023],[47.9008,15.6876],[47.9303,15.646],[47.9368,15.6326],[47.9433,15.5967],[47.9506,15.5658],[47.9714,15.5871],[47.9949,15.6026],[48.0159,15.6129],[48.048,15.632],[48.0864,15.6503],[48.1654,15.6805],[48.1957,15.6885],[48.2175,15.6887],[48.231,15.6844],[48.2456,15.6674],[48.2697,15.5953],[48.2856,15.5799],[48.3131,15.5806],[48.3472,15.5774],[48.3572,15.5687],[48.3587,15.5556],[48.3514,15.5075],[48.3531,15.4787],[48.3738,15.4262],[48.3824,15.4112],[48.4199,15.3715],[48.4569,15.325],[48.4866,15.2763],[48.5124,15.2362],[48.5311,15.2094],[48.5697,15.1484],[48.5949,15.117],[48.6063,15.1083],[48.6406,15.0949],[48.6644,15.0899],[48.701,15.0875],[48.7321,15.0948],[48.7586,15.11],[48.7685,15.1328],[48.7685,15.1475],[48.7647,15.1685],[48.752,15.197],[48.7218,15.2657],[48.704,15.3023],[48.6932,15.3309],[48.6879,15.3602],[48.684,15.3956],[48.6753,15.4355],[48.6676,15.4804],[48.6584,15.5185],[48.6503,15.54],[48.6328,15.5582],[48.5857,15.5849],[48.5542,15.5987],[48.5254,15.6091]]]},"properties":{"id":"YE1919","gov":"YE19","ar":"وادي العين","en":"Wadi Al Ayn"}},{"type":"Feature","geometry":{"type":"Polygon","coordinates":[[[43.4958,15.7333],[43.4661,15.7382],[43.4436,15.7386],[43.4403,15.7171],[43.4432,15.7089],[43.4711,15.6984],[43.4877,15.6888],[43.4956,15.7098],[43.4958,15.7333]]]},"properties":{"id":"YE1723","gov":"YE17","ar":"وضره","en":"Wadrah"}},{"type":"Feature","geometry":{"type":"MultiPolygon","coordinates":[[[[45.0625,14.8071],[45.0411,14.8178],[45.0312,14.8157],[45.0203,14.8208],[44.9625,14.8063],[44.9665,14.7847],[44.9678,14.7358],[44.9635,14.7063],[44.9466,14.6234],[44.9661,14.6141],[44.9818,14.5994],[44.9929,14.5855],[45.003,14.5618],[45.0074,14.5396],[45.0094,14.5106],[45.0164,14.4602],[45.0404,14.4691],[45.131,14.487],[45.1251,14.5141],[45.1031,14.5626],[45.1088,14.5904],[45.0963,14.6282],[45.0975,14.6418],[45.0904,14.6477],[45.0748,14.6919],[45.0615,14.7394],[45.0628,14.7495],[45.0729,14.7643],[45.0778,14.7816],[45.0742,14.7914],[45.0625,14.8071]]],[[[44.7669,14.4473],[44.7534,14.473],[44.8101,14.5124],[44.8289,14.528],[44.8589,14.57],[44.8675,14.5912],[44.8461,14.5968],[44.8083,14.5609],[44.7966,14.5564],[44.7766,14.5663],[44.7968,14.5797],[44.8008,14.5899],[44.8279,14.6087],[44.8168,14.6213],[44.7945,14.665],[44.7833,14.6946],[44.776,14.7197],[44.7175,14.6757],[44.7086,14.6441],[44.7084,14.6136],[44.7059,14.5966],[44.7062,14.5749],[44.7103,14.5293],[44.7335,14.5031],[44.7355,14.4941],[44.7251,14.4571],[44.7609,14.4448],[44.7669,14.4473]]],[[[44.8761,14.408],[44.8739,14.4143],[44.8462,14.4361],[44.8467,14.4512],[44.8376,14.4582],[44.8187,14.4575],[44.8049,14.4456],[44.8013,14.4312],[44.8093,14.4179],[44.8185,14.4179],[44.8248,14.4279],[44.8506,14.4273],[44.8526,14.415],[44.8622,14.4083],[44.8761,14.408]]]]},"properties":{"id":"YE1415","gov":"YE14","ar":"ولدربيع","en":"Wald Rabi'"}},{"type":"Feature","geometry":{"type":"Polygon","coordinates":[[[43.4151,16.2498],[43.4236,16.2622],[43.4282,16.2792],[43.425,16.2923],[43.4279,16.3163],[43.4362,16.328],[43.4297,16.3472],[43.4353,16.369],[43.4357,16.3907],[43.431,16.4228],[43.4212,16.4301],[43.4054,16.4563],[43.3745,16.4174],[43.3315,16.3788],[43.3197,16.3759],[43.3116,16.3629],[43.3227,16.348],[43.3437,16.3316],[43.3306,16.3131],[43.329,16.3015],[43.3434,16.2761],[43.3461,16.2643],[43.3669,16.253],[43.3674,16.2458],[43.3793,16.2354],[43.3731,16.227],[43.3762,16.2145],[43.3865,16.2305],[43.406,16.2478],[43.4151,16.2498]]]},"properties":{"id":"YE1730","gov":"YE17","ar":"وشحه","en":"Washhah"}},{"type":"Feature","geometry":{"type":"Polygon","coordinates":[[[43.9464,14.3608],[43.9421,14.3956],[43.9448,14.4001],[43.9386,14.415],[43.9225,14.4205],[43.9099,14.4175],[43.904,14.4046],[43.8835,14.3911],[43.874,14.3983],[43.855,14.3969],[43.8503,14.411],[43.8383,14.4289],[43.8342,14.4417],[43.822,14.4545],[43.811,14.4563],[43.8083,14.4732],[43.8128,14.479],[43.7898,14.47],[43.7897,14.4604],[43.7802,14.4593],[43.7667,14.4543],[43.7574,14.4606],[43.7493,14.4514],[43.7371,14.4464],[43.7299,14.4507],[43.716,14.4702],[43.6863,14.4695],[43.6839,14.4662],[43.6624,14.4696],[43.653,14.4661],[43.648,14.462],[43.6464,14.4414],[43.6424,14.4332],[43.6621,14.434],[43.6614,14.4212],[43.6716,14.4127],[43.6686,14.3922],[43.6779,14.3856],[43.7056,14.3889],[43.7113,14.3813],[43.7108,14.3581],[43.7216,14.3572],[43.7229,14.3432],[43.7335,14.3357],[43.7335,14.3183],[43.7497,14.2952],[43.7439,14.2885],[43.7304,14.2866],[43.7227,14.2808],[43.7362,14.24],[43.7401,14.2385],[43.7472,14.2181],[43.7457,14.206],[43.7511,14.1993],[43.7643,14.2027],[43.7753,14.1955],[43.7892,14.1928],[43.8042,14.2286],[43.8199,14.2341],[43.8259,14.2462],[43.8221,14.2572],[43.8432,14.251],[43.845,14.2434],[43.83,14.2201],[43.8257,14.2001],[43.8297,14.1861],[43.8429,14.1946],[43.8612,14.2021],[43.8819,14.2218],[43.9045,14.2267],[43.922,14.2488],[43.9367,14.282],[43.9316,14.2879],[43.9299,14.3097],[43.9187,14.322],[43.9104,14.3378],[43.918,14.3494],[43.9263,14.3468],[43.9355,14.358],[43.9464,14.3608]]]},"properties":{"id":"YE2006","gov":"YE20","ar":"وصاب العالي","en":"Wusab Al Aali"}},{"type":"Feature","geometry":{"type":"Polygon","coordinates":[[[43.7892,14.1928],[43.7753,14.1955],[43.7643,14.2027],[43.7511,14.1993],[43.7457,14.206],[43.7472,14.2181],[43.7401,14.2385],[43.7362,14.24],[43.7227,14.2808],[43.7304,14.2866],[43.7439,14.2885],[43.7497,14.2952],[43.7335,14.3183],[43.7335,14.3357],[43.7229,14.3432],[43.7216,14.3572],[43.7108,14.3581],[43.7113,14.3813],[43.7056,14.3889],[43.6779,14.3856],[43.6686,14.3922],[43.6716,14.4127],[43.6614,14.4212],[43.6621,14.434],[43.6424,14.4332],[43.6328,14.4206],[43.6143,14.4105],[43.6046,14.4013],[43.587,14.4003],[43.5724,14.3814],[43.5704,14.3737],[43.5452,14.3667],[43.5319,14.3745],[43.5164,14.3766],[43.5038,14.3781],[43.4782,14.3761],[43.4763,14.3587],[43.4796,14.3408],[43.4999,14.3047],[43.5073,14.3024],[43.513,14.2882],[43.5245,14.2788],[43.5181,14.2535],[43.5261,14.243],[43.5315,14.2167],[43.5228,14.206],[43.5114,14.2083],[43.5001,14.202],[43.499,14.1825],[43.5048,14.1691],[43.519,14.1611],[43.538,14.133],[43.5523,14.1285],[43.5858,14.1316],[43.602,14.1242],[43.6286,14.1058],[43.6613,14.077],[43.679,14.0667],[43.7054,14.0682],[43.7188,14.0746],[43.7507,14.105],[43.7615,14.1154],[43.7786,14.1395],[43.7839,14.1537],[43.7892,14.1928]]]},"properties":{"id":"YE2007","gov":"YE20","ar":"وصاب السافل","en":"Wusab As Safil"}},{"type":"Feature","geometry":{"type":"Polygon","coordinates":[[[48.0365,14.7438],[47.9937,14.7565],[47.9428,14.7751],[47.9202,14.7846],[47.8851,14.8034],[47.8447,14.8197],[47.8015,14.8391],[47.7649,14.8589],[47.7278,14.8761],[47.7006,14.892],[47.6814,14.9081],[47.6612,14.9311],[47.6124,14.9828],[47.573,14.9549],[47.5369,14.9366],[47.5267,14.9102],[47.5203,14.901],[47.5045,14.8891],[47.4598,14.8711],[47.4436,14.8608],[47.4336,14.8479],[47.4235,14.8248],[47.4344,14.8084],[47.4612,14.8017],[47.4773,14.804],[47.5075,14.7907],[47.5548,14.7728],[47.5656,14.7614],[47.572,14.7464],[47.5727,14.73],[47.5795,14.7068],[47.5881,14.6933],[47.6215,14.6702],[47.6612,14.6422],[47.6859,14.6444],[47.694,14.6418],[47.7106,14.6248],[47.7348,14.6177],[47.7631,14.6005],[47.7789,14.5959],[47.8044,14.5932],[47.8364,14.586],[47.8531,14.5851],[47.885,14.5755],[47.9013,14.5726],[47.9173,14.5736],[47.9413,14.5851],[47.9815,14.581],[47.9919,14.6156],[48.0017,14.6389],[48.0303,14.6885],[48.0364,14.7176],[48.0365,14.7438]]]},"properties":{"id":"YE1923","gov":"YE19","ar":"يبعث","en":"Yab'uth"}},{"type":"Feature","geometry":{"type":"Polygon","coordinates":[[[45.3308,13.9203],[45.3241,13.9248],[45.2976,13.923],[45.2693,13.9272],[45.2382,13.9273],[45.2284,13.9239],[45.205,13.9062],[45.1723,13.8869],[45.1589,13.881],[45.1269,13.8517],[45.1036,13.8435],[45.0962,13.8503],[45.0874,13.8304],[45.1094,13.8302],[45.125,13.8352],[45.1712,13.831],[45.1903,13.8152],[45.1951,13.8018],[45.2021,13.7946],[45.2157,13.7928],[45.2338,13.8098],[45.2516,13.8003],[45.2697,13.7981],[45.294,13.7992],[45.3229,13.8122],[45.3429,13.8152],[45.3405,13.8296],[45.3241,13.8621],[45.3251,13.8986],[45.3308,13.9203]]]},"properties":{"id":"YE2502","gov":"YE25","ar":"يافع","en":"Yafi'"}},{"type":"Feature","geometry":{"type":"Polygon","coordinates":[[[45.2516,13.8003],[45.2338,13.8098],[45.2157,13.7928],[45.2021,13.7946],[45.1985,13.7625],[45.1869,13.7556],[45.1658,13.7551],[45.1549,13.7502],[45.141,13.7533],[45.1194,13.7499],[45.101,13.7389],[45.0787,13.7322],[45.0605,13.7315],[45.023,13.7016],[45.0493,13.6709],[45.0748,13.6542],[45.1319,13.6351],[45.1422,13.6414],[45.1752,13.6533],[45.1728,13.6835],[45.1776,13.6886],[45.2186,13.7031],[45.243,13.7059],[45.2542,13.7147],[45.2554,13.7219],[45.2457,13.7407],[45.2462,13.7479],[45.237,13.7665],[45.2454,13.7929],[45.2516,13.8003]]]},"properties":{"id":"YE2504","gov":"YE25","ar":"يهر","en":"Yahr"}},{"type":"Feature","geometry":{"type":"Polygon","coordinates":[[[44.4796,14.3015],[44.469,14.3081],[44.4506,14.3289],[44.4447,14.3412],[44.4356,14.3488],[44.4174,14.3538],[44.3905,14.3458],[44.3751,14.3485],[44.3656,14.3638],[44.35,14.3763],[44.3357,14.3788],[44.2959,14.3759],[44.2817,14.3912],[44.2748,14.4116],[44.2538,14.418],[44.2427,14.4276],[44.2344,14.4416],[44.1946,14.4593],[44.1887,14.4269],[44.1875,14.4084],[44.1715,14.3866],[44.1789,14.3624],[44.1591,14.3385],[44.1576,14.3314],[44.1702,14.317],[44.165,14.3012],[44.1531,14.2997],[44.1462,14.283],[44.1636,14.2791],[44.1767,14.2797],[44.1956,14.2931],[44.2202,14.3008],[44.2285,14.3109],[44.2303,14.3235],[44.2266,14.3333],[44.2333,14.3473],[44.2439,14.347],[44.2516,14.3546],[44.2647,14.3437],[44.2719,14.3281],[44.2742,14.3109],[44.2699,14.2934],[44.254,14.267],[44.2645,14.2602],[44.2586,14.2464],[44.2649,14.2391],[44.2698,14.205],[44.2589,14.1918],[44.2551,14.1774],[44.245,14.1672],[44.2257,14.1538],[44.2524,14.1492],[44.2671,14.1505],[44.2885,14.1364],[44.31,14.1311],[44.338,14.1287],[44.3568,14.1194],[44.3446,14.1544],[44.3407,14.1823],[44.3578,14.2125],[44.3816,14.2021],[44.3958,14.2173],[44.3925,14.2287],[44.4022,14.2451],[44.4255,14.2528],[44.447,14.2543],[44.4572,14.268],[44.472,14.2756],[44.4792,14.2885],[44.4796,14.3015]]]},"properties":{"id":"YE1102","gov":"YE11","ar":"يريم","en":"Yarim"}},{"type":"Feature","geometry":{"type":"Polygon","coordinates":[[[43.4782,14.3761],[43.4729,14.3829],[43.4561,14.3839],[43.4159,14.376],[43.4087,14.3731],[43.3628,14.3655],[43.346,14.3594],[43.3323,14.3433],[43.3237,14.3379],[43.3085,14.3353],[43.2888,14.3398],[43.2757,14.3271],[43.2583,14.3203],[43.2471,14.3219],[43.2333,14.3173],[43.1936,14.3191],[43.1512,14.3108],[43.1405,14.3051],[43.1251,14.2808],[43.1135,14.2781],[43.1204,14.2616],[43.265,14.2193],[43.2958,14.2144],[43.296,14.1993],[43.3015,14.1874],[43.3007,14.174],[43.3406,14.1623],[43.3474,14.1706],[43.3707,14.1744],[43.3855,14.1685],[43.4037,14.1668],[43.4165,14.1623],[43.4558,14.1644],[43.451,14.184],[43.4428,14.1925],[43.4504,14.2004],[43.4759,14.216],[43.4721,14.2485],[43.483,14.2746],[43.4999,14.3047],[43.4796,14.3408],[43.4763,14.3587],[43.4782,14.3761]]]},"properties":{"id":"YE1824","gov":"YE18","ar":"زبيد","en":"Zabid"}},{"type":"Feature","geometry":{"type":"Polygon","coordinates":[[[46.841,16.1954],[46.8761,16.1598],[46.9245,16.1244],[46.9545,16.0981],[46.9693,16.0817],[46.9877,16.055],[47.0028,16.0367],[47.015,16.029],[47.029,16.0278],[47.0491,16.034],[47.0721,16.0538],[47.0992,16.0894],[47.1067,16.1025],[47.1171,16.1352],[47.1302,16.1618],[47.1456,16.1745],[47.165,16.1861],[47.2241,16.2128],[47.2598,16.2253],[47.2905,16.2326],[47.3665,16.2387],[47.4194,16.2395],[47.5444,16.2281],[47.5953,16.2266],[47.6286,16.2285],[47.6551,16.2355],[47.6841,16.2494],[47.6971,16.2582],[47.732,16.2886],[47.7603,16.3016],[47.7948,16.3144],[47.807,16.3207],[47.8516,16.3537],[47.8849,16.3854],[47.9232,16.4244],[47.9545,16.4497],[47.9817,16.4776],[47.9971,16.5029],[48.0129,16.5206],[48.0458,16.5519],[48.0813,16.5794],[48.1112,16.6042],[48.1551,16.6338],[48.192,16.6543],[48.25,16.6888],[48.2914,16.7254],[48.317,16.753],[48.3452,16.7799],[48.3739,16.8139],[48.4259,16.8891],[48.4463,16.9161],[48.4716,16.9549],[48.5066,17.0226],[48.5202,17.0577],[48.5487,17.1236],[48.5606,17.1443],[48.5716,17.1774],[48.5748,17.2208],[48.5671,17.3337],[48.5427,17.6312],[48.4995,18.1402],[48.4853,18.313],[48.3695,18.257],[48.1833,18.1667],[48.0533,18.0076],[47.9722,17.9081],[47.8416,17.7477],[47.6969,17.5696],[47.6,17.45],[47.5523,17.331],[47.4667,17.1167],[47.3047,17.0215],[47.1833,16.95],[47.0024,16.95],[47.0031,16.7407],[47.0026,16.5606],[47.0022,16.3706],[46.841,16.1954]]]},"properties":{"id":"YE1904","gov":"YE19","ar":"زمخ ومنوخ","en":"Zamakh wa Manwokh"}},{"type":"Feature","geometry":{"type":"Polygon","coordinates":[[[45.5173,13.2214],[45.4331,13.2158],[45.4283,13.2117],[45.4207,13.1869],[45.4074,13.1711],[45.3726,13.1533],[45.3563,13.1486],[45.3605,13.1403],[45.3602,13.1237],[45.3705,13.118],[45.3668,13.1087],[45.3758,13.0968],[45.3808,13.0788],[45.392,13.0648],[45.4223,13.0979],[45.449,13.1237],[45.4591,13.1357],[45.4932,13.1897],[45.5173,13.2214]]]},"properties":{"id":"YE1210","gov":"YE12","ar":"زنجبار","en":"Zinjibar"}}]}