{"type":"FeatureCollection","features":[{"type":"Feature","geometry":{"type":"Polygon","coordinates":[[[47.1909,13.6003],[47.1914,13.6086],[47.2054,13.647],[47.218,13.6736],[47.2191,13.6947],[47.2166,13.7121],[47.2083,13.7268],[47.1899,13.7415],[47.1865,13.7477],[47.1898,13.756],[47.1887,13.7715],[47.1793,13.7877],[47.1789,13.7988],[47.1837,13.8299],[47.1953,13.8437],[47.1969,13.8634],[47.2178,13.882],[47.2222,13.893],[47.2282,13.8928],[47.231,13.9057],[47.2241,13.9192],[47.2139,13.9268],[47.2089,13.9356],[47.2071,13.9456],[47.1903,13.9676],[47.1912,13.9929],[47.1949,14.017],[47.1919,14.0298],[47.1862,14.0374],[47.1668,14.0507],[47.1623,14.0589],[47.1382,14.0825],[47.1033,14.1113],[47.0992,14.1162],[47.0934,14.1299],[47.0851,14.1354],[47.0728,14.134],[47.0669,14.1299],[47.0515,14.1248],[47.0291,14.1338],[47.0222,14.1426],[47.0203,14.1494],[47.0042,14.1548],[46.9879,14.1418],[46.9741,14.1405],[46.9611,14.1522],[46.9559,14.1615],[46.937,14.1704],[46.9163,14.1708],[46.9099,14.1681],[46.9031,14.1706],[46.897,14.1676],[46.8759,14.1702],[46.8706,14.1659],[46.8603,14.1665],[46.8519,14.1724],[46.8388,14.1766],[46.8288,14.1729],[46.8216,14.1655],[46.815,14.1631],[46.7993,14.1534],[46.7938,14.1576],[46.7858,14.1685],[46.7727,14.1733],[46.7553,14.1759],[46.6931,14.1773],[46.6701,14.1765],[46.6517,14.173],[46.6231,14.1633],[46.6118,14.1541],[46.5956,14.1245],[46.5824,14.1116],[46.5512,14.0939],[46.5138,14.0817],[46.4862,14.0738],[46.4437,14.0675],[46.4029,14.0649],[46.3841,14.069],[46.3769,14.0762],[46.3625,14.0725],[46.3386,14.0608],[46.3214,14.0561],[46.3022,14.0542],[46.2959,14.0576],[46.2788,14.0814],[46.279,14.0842],[46.3136,14.1191],[46.3328,14.1365],[46.3401,14.1448],[46.3468,14.1582],[46.3458,14.172],[46.3463,14.1899],[46.3343,14.2128],[46.3136,14.2426],[46.2937,14.2728],[46.2798,14.3019],[46.272,14.3219],[46.2625,14.3259],[46.2414,14.3214],[46.2262,14.3125],[46.2118,14.2972],[46.2053,14.2946],[46.1778,14.2704],[46.1642,14.2706],[46.1548,14.2805],[46.1406,14.2799],[46.1273,14.2845],[46.1195,14.2694],[46.1158,14.2496],[46.0984,14.2365],[46.0886,14.2263],[46.0714,14.2148],[46.0612,14.2131],[46.0433,14.2058],[46.0307,14.1958],[46.0171,14.1697],[46.0075,14.1257],[46.0014,14.1155],[45.9849,14.104],[45.9656,14.0942],[45.9567,14.0921],[45.9612,14.0746],[45.9638,14.0579],[45.9713,14.0413],[45.958,14.0211],[45.8824,13.9736],[45.8277,13.9425],[45.7635,13.9004],[45.7144,13.8545],[45.6785,13.8417],[45.6403,13.8345],[45.6171,13.8327],[45.5881,13.8456],[45.5694,13.8751],[45.56,13.8965],[45.518,13.9051],[45.5017,13.9],[45.4697,13.9011],[45.4602,13.9026],[45.4229,13.9027],[45.395,13.9063],[45.3813,13.9113],[45.3446,13.9144],[45.3315,13.9198],[45.3251,13.8986],[45.3241,13.8621],[45.3288,13.8508],[45.3405,13.8296],[45.3429,13.8152],[45.335,13.8116],[45.3229,13.8122],[45.3105,13.8079],[45.2985,13.8004],[45.2915,13.7985],[45.2697,13.7981],[45.2558,13.8026],[45.2494,13.7991],[45.2428,13.7864],[45.237,13.7665],[45.2388,13.7597],[45.2462,13.7479],[45.2457,13.7407],[45.251,13.7275],[45.2554,13.7219],[45.2542,13.7147],[45.243,13.7059],[45.229,13.7055],[45.2186,13.7031],[45.1904,13.692],[45.1776,13.6886],[45.1728,13.6835],[45.1745,13.6728],[45.1729,13.6588],[45.1807,13.6496],[45.1945,13.6496],[45.2095,13.6537],[45.2243,13.6627],[45.2359,13.6726],[45.2516,13.6775],[45.255,13.6734],[45.2411,13.6639],[45.2433,13.6594],[45.2577,13.659],[45.2673,13.6554],[45.2666,13.6471],[45.2835,13.6481],[45.2837,13.6445],[45.2743,13.6315],[45.2645,13.6125],[45.2548,13.6026],[45.2354,13.5921],[45.2186,13.5788],[45.1977,13.5588],[45.1694,13.5259],[45.1714,13.5051],[45.1768,13.5006],[45.1766,13.4937],[45.1822,13.4892],[45.1826,13.4822],[45.1782,13.4768],[45.1849,13.457],[45.1822,13.4505],[45.2121,13.4322],[45.2231,13.4364],[45.2292,13.4353],[45.2294,13.4233],[45.2334,13.4174],[45.2419,13.4162],[45.241,13.4072],[45.2476,13.4041],[45.2538,13.3911],[45.2584,13.3857],[45.2546,13.3805],[45.2331,13.3796],[45.1438,13.3897],[45.1442,13.3551],[45.1467,13.3427],[45.1572,13.33],[45.1708,13.3076],[45.1711,13.2873],[45.1677,13.2758],[45.1556,13.2564],[45.1284,13.2268],[45.1102,13.1992],[45.1071,13.1844],[45.1021,13.0886],[45.0952,12.9564],[45.0956,12.9363],[45.1076,12.9551],[45.119,12.9688],[45.138,12.9852],[45.1658,13.0002],[45.1949,13.0124],[45.2221,13.0218],[45.2598,13.0331],[45.2899,13.0405],[45.3261,13.0466],[45.3634,13.0516],[45.3756,13.0552],[45.392,13.0648],[45.4054,13.0782],[45.4223,13.0979],[45.449,13.1237],[45.4591,13.1357],[45.4704,13.1545],[45.4932,13.1897],[45.5204,13.2258],[45.5399,13.2477],[45.5683,13.276],[45.5964,13.3008],[45.6015,13.3036],[45.6411,13.3394],[45.6583,13.3494],[45.6778,13.3552],[45.7047,13.355],[45.7267,13.36],[45.7396,13.367],[45.7622,13.3695],[45.7788,13.3739],[45.801,13.3828],[45.8141,13.384],[45.8363,13.3878],[45.8663,13.3978],[45.8843,13.3947],[45.9093,13.3964],[45.9161,13.4012],[45.9402,13.4067],[45.969,13.4076],[45.9838,13.4133],[45.9986,13.417],[46.0262,13.4205],[46.0458,13.4194],[46.0706,13.4137],[46.0828,13.4138],[46.093,13.4169],[46.1198,13.418],[46.1313,13.4211],[46.1611,13.4203],[46.1795,13.4253],[46.2077,13.4267],[46.2236,13.4317],[46.2491,13.4336],[46.2653,13.4315],[46.2748,13.4322],[46.2893,13.4279],[46.2971,13.4237],[46.3058,13.4252],[46.3175,13.4241],[46.3417,13.4172],[46.346,13.4181],[46.3565,13.4134],[46.3708,13.4151],[46.3748,13.4128],[46.4012,13.4184],[46.4191,13.4176],[46.4313,13.4149],[46.4321,13.4117],[46.4442,13.4061],[46.4581,13.4117],[46.481,13.4155],[46.5062,13.4159],[46.5288,13.4203],[46.5667,13.4305],[46.5783,13.4319],[46.5955,13.4363],[46.6189,13.4384],[46.6488,13.4357],[46.6818,13.4264],[46.7011,13.4289],[46.73,13.4435],[46.7625,13.4566],[46.8147,13.4759],[46.8307,13.4831],[46.8501,13.4951],[46.8881,13.5227],[46.9121,13.5354],[46.9264,13.5403],[46.9592,13.5486],[46.9914,13.5556],[47.0058,13.5573],[47.0302,13.5626],[47.0459,13.5674],[47.0819,13.5713],[47.0985,13.5792],[47.115,13.5844],[47.1459,13.5909],[47.1671,13.5971],[47.1909,13.6003]]]},"properties":{"id":"YE12","ar":"أبين","en":"Abyan"}},{"type":"Feature","geometry":{"type":"Polygon","coordinates":[[[45.1516,13.9802],[45.1525,14.0247],[45.1477,14.0529],[45.1307,14.0669],[45.1233,14.0814],[45.1176,14.0874],[45.1049,14.0908],[45.0923,14.09],[45.0648,14.0938],[45.0574,14.0972],[45.0613,14.1044],[45.06,14.1134],[45.0683,14.1202],[45.0648,14.1424],[45.06,14.1471],[45.0565,14.1581],[45.0508,14.1671],[45.0159,14.1871],[45.0065,14.197],[44.9962,14.2192],[44.9561,14.2371],[44.9227,14.2378],[44.9092,14.2336],[44.8935,14.2325],[44.879,14.2269],[44.8504,14.218],[44.8211,14.202],[44.8042,14.1999],[44.7947,14.2009],[44.786,14.2066],[44.7703,14.2128],[44.7521,14.2143],[44.7413,14.2109],[44.7353,14.2032],[44.7295,14.19],[44.7222,14.1856],[44.7143,14.1859],[44.7011,14.1819],[44.6914,14.177],[44.6734,14.1765],[44.6689,14.1522],[44.6685,14.1393],[44.6597,14.1283],[44.6598,14.1224],[44.6436,14.1202],[44.6223,14.1331],[44.5948,14.1364],[44.5939,14.1253],[44.6055,14.114],[44.6092,14.1019],[44.597,14.0842],[44.5932,14.0808],[44.5841,14.0811],[44.5718,14.0734],[44.5594,14.0703],[44.5534,14.0547],[44.5553,14.0336],[44.5591,14.027],[44.5693,14.023],[44.5868,14.0223],[44.6121,14.0177],[44.6081,14.0036],[44.5963,13.99],[44.5893,13.9846],[44.5748,13.9877],[44.5631,13.9846],[44.5525,13.9905],[44.5413,13.9923],[44.5263,13.9854],[44.5116,13.9857],[44.4972,13.9819],[44.4793,13.9691],[44.461,13.961],[44.4495,13.9483],[44.4467,13.9418],[44.4531,13.9286],[44.459,13.9233],[44.4602,13.9144],[44.4738,13.9004],[44.4738,13.8924],[44.4449,13.8862],[44.4372,13.887],[44.4297,13.8843],[44.4147,13.8637],[44.4067,13.8597],[44.4041,13.8471],[44.4093,13.8376],[44.4084,13.8278],[44.4035,13.8256],[44.3838,13.8328],[44.3737,13.8304],[44.3665,13.8089],[44.3667,13.8009],[44.3739,13.7941],[44.3804,13.7945],[44.3797,13.786],[44.3723,13.7771],[44.3704,13.769],[44.3793,13.7682],[44.3905,13.7628],[44.3953,13.7535],[44.3983,13.7414],[44.4075,13.7199],[44.3989,13.7149],[44.3954,13.7049],[44.3998,13.696],[44.3963,13.6893],[44.3786,13.6708],[44.3734,13.6588],[44.3746,13.6479],[44.3797,13.6416],[44.3946,13.6318],[44.4038,13.6277],[44.4306,13.6209],[44.4324,13.6354],[44.4381,13.6396],[44.4496,13.6421],[44.4587,13.6397],[44.4847,13.6282],[44.5182,13.6176],[44.5118,13.5879],[44.5453,13.5837],[44.5506,13.5739],[44.5572,13.5667],[44.5843,13.5513],[44.6038,13.5449],[44.628,13.5454],[44.6517,13.5563],[44.663,13.5665],[44.6879,13.5693],[44.6962,13.5739],[44.7077,13.5759],[44.7133,13.5743],[44.7312,13.5755],[44.7453,13.5844],[44.7491,13.5974],[44.7586,13.5987],[44.8012,13.5869],[44.8049,13.5849],[44.8226,13.586],[44.8283,13.589],[44.8348,13.598],[44.8338,13.6213],[44.8244,13.65],[44.821,13.6855],[44.8214,13.6957],[44.8168,13.7057],[44.8099,13.7132],[44.8067,13.7294],[44.8135,13.7339],[44.8249,13.737],[44.838,13.7343],[44.8528,13.7231],[44.8596,13.7151],[44.8723,13.7116],[44.8838,13.718],[44.8891,13.7307],[44.9193,13.7438],[44.9357,13.741],[44.9467,13.7457],[44.9564,13.7563],[44.9604,13.7678],[44.9785,13.7749],[44.9945,13.792],[45.0171,13.7983],[45.0446,13.8037],[45.0535,13.8079],[45.0739,13.8093],[45.0798,13.8143],[45.0822,13.8269],[45.0874,13.8304],[45.0932,13.842],[45.0987,13.858],[45.1026,13.864],[45.1026,13.8752],[45.109,13.8832],[45.1157,13.8967],[45.1242,13.902],[45.1218,13.9075],[45.1285,13.9317],[45.1306,13.9558],[45.1338,13.9663],[45.1321,13.9735],[45.1465,13.9811],[45.1516,13.9802]]]},"properties":{"id":"YE30","ar":"الضالع","en":"Ad Dali'"}},{"type":"Feature","geometry":{"type":"Polygon","coordinates":[[[44.4056,12.6813],[44.4146,12.6778],[44.4185,12.6697],[44.4513,12.7142],[44.4841,12.7539],[44.5091,12.7786],[44.5203,12.7872],[44.5431,12.8016],[44.5579,12.8082],[44.5817,12.815],[44.6024,12.8173],[44.6253,12.8162],[44.6542,12.8109],[44.6729,12.8054],[44.6926,12.796],[44.7083,12.784],[44.7208,12.7707],[44.7292,12.7755],[44.7382,12.7661],[44.7337,12.7591],[44.7205,12.7479],[44.7239,12.7393],[44.735,12.7473],[44.7447,12.7594],[44.759,12.7669],[44.7757,12.7723],[44.787,12.7733],[44.8015,12.772],[44.8206,12.7639],[44.8279,12.7566],[44.8267,12.7478],[44.8221,12.739],[44.8263,12.7346],[44.8395,12.7313],[44.8436,12.7231],[44.8488,12.7277],[44.8632,12.7307],[44.8726,12.7296],[44.8765,12.7364],[44.8859,12.7383],[44.8859,12.7442],[44.8938,12.7506],[44.9011,12.7459],[44.9168,12.7462],[44.913,12.7515],[44.9151,12.7594],[44.9109,12.7669],[44.8834,12.7663],[44.874,12.7702],[44.8683,12.7762],[44.8562,12.7756],[44.8503,12.7723],[44.8413,12.7728],[44.8376,12.7781],[44.8402,12.785],[44.8457,12.7882],[44.8514,12.7985],[44.8623,12.8024],[44.869,12.7993],[44.8684,12.7891],[44.8782,12.7821],[44.8865,12.7714],[44.8944,12.7789],[44.8949,12.7875],[44.9044,12.8066],[44.9176,12.8198],[44.9361,12.8254],[44.9597,12.8275],[44.9784,12.8278],[44.9884,12.8245],[44.9893,12.813],[44.9772,12.8056],[44.9866,12.8018],[44.9988,12.8056],[44.9898,12.8109],[44.9884,12.8361],[44.9903,12.8495],[45.0083,12.8399],[45.0128,12.8241],[45.0171,12.8205],[45.0261,12.8057],[45.0207,12.7934],[45.0047,12.799],[44.9989,12.7946],[44.9885,12.7943],[44.9721,12.7866],[44.9744,12.7757],[44.9857,12.7743],[44.9895,12.7681],[45.0116,12.7543],[45.0371,12.7545],[45.0391,12.762],[45.0469,12.7684],[45.0458,12.7783],[45.0396,12.7938],[45.044,12.8174],[45.0514,12.843],[45.0592,12.8646],[45.0795,12.9084],[45.0956,12.9363],[45.0836,12.9389],[44.9628,12.9511],[44.9459,12.9459],[44.8838,12.9169],[44.8279,12.8833],[44.6731,12.8685],[44.4837,12.8504],[44.4475,12.7888],[44.4056,12.6813]],[[44.9921,12.85],[45.0148,12.8451],[45.0118,12.8372],[45.0156,12.8319],[45.0123,12.8274],[45.0084,12.8401],[44.9921,12.85]]]},"properties":{"id":"YE24","ar":"عدن","en":"Aden"}},{"type":"Feature","geometry":{"type":"Polygon","coordinates":[[[45.5251,14.7141],[45.529,14.7008],[45.5288,14.6806],[45.5235,14.6663],[45.5082,14.6564],[45.4986,14.6539],[45.4924,14.6576],[45.4824,14.6729],[45.4874,14.6835],[45.4715,14.6936],[45.4676,14.692],[45.4588,14.6806],[45.4499,14.6735],[45.4487,14.6616],[45.4527,14.6528],[45.4599,14.6454],[45.4721,14.6376],[45.4857,14.6327],[45.4951,14.6235],[45.4944,14.6115],[45.4887,14.6023],[45.4809,14.5971],[45.4676,14.5953],[45.444,14.5996],[45.4323,14.6079],[45.4221,14.626],[45.4168,14.6325],[45.4041,14.6347],[45.3991,14.6293],[45.3836,14.5965],[45.3733,14.5815],[45.3647,14.5781],[45.3539,14.577],[45.3179,14.5765],[45.2916,14.5888],[45.2802,14.5861],[45.2783,14.5797],[45.2823,14.5719],[45.2987,14.5566],[45.3093,14.5575],[45.3148,14.5548],[45.3159,14.5295],[45.2966,14.5346],[45.2569,14.5576],[45.2481,14.5603],[45.2381,14.5592],[45.2126,14.5501],[45.1954,14.5289],[45.1916,14.5211],[45.1869,14.5043],[45.1662,14.4998],[45.131,14.487],[45.1251,14.5141],[45.1184,14.5312],[45.1117,14.5423],[45.1031,14.5626],[45.1057,14.5825],[45.1088,14.5904],[45.1057,14.6039],[45.0963,14.6282],[45.0975,14.6418],[45.0904,14.6477],[45.0748,14.6919],[45.0615,14.7394],[45.0628,14.7495],[45.0729,14.7643],[45.0778,14.7816],[45.0742,14.7914],[45.0655,14.8039],[45.0598,14.8092],[45.0411,14.8178],[45.0312,14.8157],[45.0203,14.8208],[44.97,14.8073],[44.9625,14.8063],[44.9305,14.8022],[44.8862,14.7898],[44.8288,14.7605],[44.8001,14.7378],[44.731,14.6852],[44.7175,14.6757],[44.7132,14.6653],[44.7086,14.6441],[44.7084,14.6136],[44.7059,14.5966],[44.7062,14.5749],[44.7103,14.5293],[44.7124,14.5249],[44.7335,14.5031],[44.7355,14.4941],[44.7292,14.4762],[44.7251,14.4571],[44.712,14.4293],[44.6919,14.3796],[44.6808,14.3627],[44.6304,14.3655],[44.607,14.3601],[44.5852,14.3578],[44.5872,14.3304],[44.5861,14.3286],[44.5881,14.2937],[44.6202,14.2945],[44.6329,14.2905],[44.6343,14.2817],[44.6294,14.2675],[44.6175,14.2555],[44.6148,14.2386],[44.6173,14.2211],[44.6182,14.2009],[44.6292,14.1969],[44.6395,14.1898],[44.661,14.1828],[44.6734,14.1765],[44.6914,14.177],[44.7011,14.1819],[44.7143,14.1859],[44.7222,14.1856],[44.7295,14.19],[44.7353,14.2032],[44.7413,14.2109],[44.7521,14.2143],[44.7703,14.2128],[44.786,14.2066],[44.7947,14.2009],[44.8042,14.1999],[44.8211,14.202],[44.8504,14.218],[44.879,14.2269],[44.8935,14.2325],[44.9092,14.2336],[44.9227,14.2378],[44.9561,14.2371],[44.9962,14.2192],[45.0065,14.197],[45.0159,14.1871],[45.0508,14.1671],[45.0565,14.1581],[45.06,14.1471],[45.0648,14.1424],[45.0683,14.1202],[45.06,14.1134],[45.0613,14.1044],[45.0574,14.0972],[45.0648,14.0938],[45.0923,14.09],[45.1049,14.0908],[45.1176,14.0874],[45.1233,14.0814],[45.1307,14.0669],[45.1477,14.0529],[45.1525,14.0247],[45.1516,13.9802],[45.1559,13.977],[45.1634,13.9817],[45.1804,13.9778],[45.1843,13.973],[45.1925,13.9732],[45.2138,13.9811],[45.2336,13.9832],[45.2492,13.989],[45.2604,13.995],[45.2855,14.0226],[45.3008,14.0327],[45.317,14.0411],[45.3342,14.0533],[45.3554,14.0579],[45.3689,14.0538],[45.3728,14.0479],[45.3701,14.0341],[45.3713,14.027],[45.3806,14.0075],[45.3829,13.9933],[45.3832,13.9716],[45.3789,13.9509],[45.3763,13.9294],[45.3813,13.9113],[45.395,13.9063],[45.4229,13.9027],[45.4602,13.9026],[45.4697,13.9011],[45.5017,13.9],[45.518,13.9051],[45.56,13.8965],[45.5694,13.8751],[45.5881,13.8456],[45.6171,13.8327],[45.6403,13.8345],[45.6785,13.8417],[45.7144,13.8545],[45.7635,13.9004],[45.8277,13.9425],[45.8824,13.9736],[45.958,14.0211],[45.9713,14.0413],[45.9638,14.0579],[45.9612,14.0746],[45.9567,14.0921],[45.9656,14.0942],[45.9849,14.104],[46.0014,14.1155],[46.0075,14.1257],[46.0171,14.1697],[46.0307,14.1958],[46.0433,14.2058],[46.0352,14.2097],[46.0082,14.2189],[46.0015,14.2199],[45.9873,14.2301],[45.9796,14.2429],[45.9859,14.255],[45.9815,14.2676],[45.9705,14.2687],[45.9751,14.2798],[45.9694,14.2909],[45.9697,14.3097],[45.9773,14.3166],[45.972,14.3271],[45.9531,14.3439],[45.939,14.3614],[45.8701,14.3446],[45.8545,14.3454],[45.8367,14.3572],[45.8257,14.3762],[45.8111,14.4071],[45.7909,14.4574],[45.7865,14.4806],[45.7812,14.499],[45.7578,14.5515],[45.7488,14.5738],[45.7414,14.5884],[45.7178,14.5895],[45.7061,14.5819],[45.6918,14.5812],[45.6863,14.5767],[45.6791,14.5773],[45.6458,14.576],[45.6458,14.5973],[45.6496,14.6094],[45.6551,14.6192],[45.6551,14.633],[45.6755,14.6565],[45.6893,14.6765],[45.6942,14.6926],[45.6918,14.6992],[45.6776,14.7099],[45.6556,14.7199],[45.6485,14.7209],[45.6011,14.7211],[45.5907,14.7224],[45.5603,14.7177],[45.5251,14.7141]]]},"properties":{"id":"YE14","ar":"البيضاء","en":"Al Bayda"}},{"type":"Feature","geometry":{"type":"MultiPolygon","coordinates":[[[[43.245,15.5095],[43.2249,15.5058],[43.2233,15.5133],[43.2236,15.539],[43.2279,15.5703],[43.2245,15.5902],[43.2225,15.6204],[43.2351,15.6684],[43.2438,15.6829],[43.2436,15.6879],[43.2309,15.6927],[43.2246,15.6986],[43.2148,15.712],[43.2139,15.7248],[43.2238,15.7433],[43.2355,15.7579],[43.2397,15.7666],[43.2444,15.8069],[43.2448,15.8401],[43.2429,15.8581],[43.2431,15.8692],[43.2391,15.874],[43.2281,15.8802],[43.2124,15.8852],[43.2042,15.8847],[43.1803,15.8734],[43.1566,15.8658],[43.1329,15.8566],[43.1027,15.8428],[43.0305,15.8209],[43.02,15.8191],[42.9664,15.814],[42.9278,15.8138],[42.8824,15.8192],[42.8719,15.8255],[42.8602,15.8388],[42.8148,15.8648],[42.8074,15.8608],[42.8034,15.8537],[42.789,15.8436],[42.7826,15.8328],[42.7843,15.8226],[42.77,15.8098],[42.765,15.7959],[42.7509,15.7817],[42.7442,15.7809],[42.7441,15.7672],[42.7376,15.7536],[42.7229,15.7423],[42.7193,15.7417],[42.7124,15.7252],[42.7018,15.7215],[42.6969,15.7281],[42.69,15.721],[42.6939,15.7147],[42.687,15.6969],[42.7077,15.6992],[42.7117,15.686],[42.7107,15.6819],[42.7003,15.6696],[42.6983,15.6545],[42.7056,15.6419],[42.7036,15.6341],[42.709,15.6186],[42.7148,15.6115],[42.7249,15.605],[42.7251,15.5976],[42.7173,15.5872],[42.7113,15.5697],[42.701,15.5621],[42.7027,15.5537],[42.7077,15.5503],[42.7234,15.5487],[42.7247,15.5453],[42.7433,15.5328],[42.7553,15.5163],[42.7551,15.5071],[42.7601,15.4964],[42.766,15.4908],[42.7636,15.4812],[42.7664,15.4751],[42.7759,15.4646],[42.7738,15.454],[42.7767,15.4405],[42.7696,15.4294],[42.7819,15.4177],[42.7847,15.393],[42.7832,15.3835],[42.7871,15.3812],[42.7886,15.3675],[42.7946,15.3655],[42.7981,15.3564],[42.8053,15.3553],[42.8106,15.3449],[42.8011,15.341],[42.7951,15.3349],[42.7939,15.3134],[42.8048,15.2906],[42.8112,15.288],[42.8142,15.2813],[42.8098,15.269],[42.7944,15.2534],[42.7812,15.2328],[42.7757,15.2275],[42.7847,15.2162],[42.7739,15.2113],[42.7749,15.2237],[42.7702,15.2331],[42.763,15.2413],[42.7663,15.2683],[42.7597,15.2739],[42.7536,15.273],[42.7483,15.2671],[42.7439,15.2781],[42.7382,15.2716],[42.7319,15.2726],[42.7252,15.2804],[42.7286,15.2957],[42.7172,15.3032],[42.7166,15.3074],[42.7023,15.3071],[42.6929,15.2962],[42.6858,15.2962],[42.694,15.3393],[42.7011,15.3496],[42.7046,15.361],[42.6983,15.3641],[42.6938,15.361],[42.6892,15.3451],[42.6912,15.3324],[42.6838,15.3259],[42.6814,15.3198],[42.6696,15.3159],[42.6687,15.3085],[42.6756,15.2925],[42.6918,15.2759],[42.6841,15.2606],[42.6791,15.247],[42.6688,15.2363],[42.6488,15.2333],[42.6303,15.236],[42.6243,15.2451],[42.6111,15.2536],[42.6045,15.2519],[42.5984,15.2339],[42.6008,15.2258],[42.6173,15.2092],[42.6239,15.1902],[42.6284,15.1847],[42.6422,15.1812],[42.6533,15.1818],[42.6622,15.1858],[42.6667,15.193],[42.6642,15.2047],[42.6683,15.2116],[42.6751,15.2141],[42.6949,15.2144],[42.7288,15.207],[42.7629,15.1958],[42.7887,15.1855],[42.8342,15.1623],[42.8527,15.1464],[42.8599,15.1355],[42.8603,15.1295],[42.8673,15.1219],[42.871,15.1129],[42.8731,15.1005],[42.8693,15.0893],[42.8647,15.0887],[42.8605,15.079],[42.868,15.0721],[42.8661,15.0604],[42.8665,15.043],[42.8714,15.0359],[42.8703,15.0238],[42.8844,15.0024],[42.894,15.0003],[42.899,14.9945],[42.9082,14.9904],[42.9139,14.9847],[42.9278,14.9628],[42.9328,14.9429],[42.9441,14.9252],[42.9466,14.9158],[42.9482,14.8961],[42.9453,14.8888],[42.9506,14.8821],[42.9536,14.8713],[42.9524,14.8657],[42.944,14.861],[42.9439,14.8498],[42.9388,14.8369],[42.9335,14.8323],[42.9389,14.8254],[42.9351,14.8139],[42.9252,14.8149],[42.9259,14.8234],[42.93,14.8317],[42.9128,14.8534],[42.9051,14.8531],[42.8996,14.8473],[42.8933,14.8483],[42.8918,14.8603],[42.8846,14.8727],[42.8832,14.8951],[42.8888,14.9008],[42.8812,14.9237],[42.8733,14.9211],[42.8692,14.9113],[42.8688,14.8919],[42.8746,14.8816],[42.8812,14.8593],[42.8859,14.8523],[42.9072,14.8356],[42.9167,14.8264],[42.92,14.8125],[42.9404,14.7958],[42.9464,14.7854],[42.9488,14.7702],[42.9539,14.7606],[42.9516,14.7401],[42.949,14.7357],[42.9541,14.7229],[42.9553,14.7081],[42.9632,14.6975],[42.9676,14.688],[42.9671,14.6784],[42.9827,14.6633],[42.9844,14.6515],[42.9808,14.6404],[42.9812,14.6305],[42.9898,14.6168],[42.9993,14.6123],[42.9959,14.6017],[43.0021,14.5869],[43.0058,14.5727],[43.0014,14.5633],[42.9886,14.56],[43.0026,14.5539],[43.0057,14.5559],[43.0144,14.5452],[43.0168,14.5367],[43.0142,14.5264],[43.0089,14.5204],[43.0122,14.513],[43.009,14.4999],[43.0145,14.4908],[43.0147,14.4818],[43.0078,14.4728],[43.0195,14.4613],[43.0184,14.4369],[43.0097,14.4379],[43.0044,14.4525],[43.0022,14.4688],[42.993,14.4732],[42.9894,14.479],[42.9894,14.4894],[42.9738,14.4904],[42.973,14.4826],[42.984,14.4638],[42.9847,14.4507],[42.9916,14.4397],[42.9962,14.4173],[42.9976,14.3973],[43.0069,14.385],[43.0187,14.3659],[43.0317,14.3343],[43.036,14.2963],[43.0449,14.2802],[43.0546,14.2561],[43.069,14.2326],[43.0751,14.2125],[43.0755,14.1827],[43.0851,14.1624],[43.0897,14.1399],[43.0891,14.1239],[43.0954,14.1099],[43.1085,14.0873],[43.1073,14.0782],[43.0977,14.0641],[43.1119,14.0562],[43.1225,14.0424],[43.1234,14.0329],[43.1272,14.0262],[43.139,14.0162],[43.1463,14.0069],[43.1455,13.9867],[43.1547,13.9765],[43.1603,13.9532],[43.1709,13.9446],[43.1858,13.9367],[43.1959,13.9262],[43.2013,13.9173],[43.1988,13.9123],[43.2016,13.9049],[43.2149,13.8992],[43.2304,13.8865],[43.2359,13.8746],[43.2319,13.8576],[43.228,13.8522],[43.2356,13.8377],[43.2369,13.8275],[43.2324,13.8217],[43.2384,13.8135],[43.2394,13.8066],[43.2444,13.8002],[43.2475,13.7845],[43.2644,13.7466],[43.2666,13.7364],[43.275,13.7216],[43.2753,13.7128],[43.2819,13.7031],[43.2877,13.6791],[43.3385,13.6974],[43.4058,13.717],[43.423,13.7402],[43.4173,13.7678],[43.4299,13.7868],[43.4356,13.7918],[43.4468,13.7961],[43.4767,13.7934],[43.483,13.7939],[43.4832,13.8033],[43.4735,13.8106],[43.4687,13.8202],[43.4695,13.8325],[43.4819,13.8533],[43.4835,13.8757],[43.482,13.8907],[43.4871,13.8957],[43.5147,13.8981],[43.5353,13.901],[43.5521,13.9001],[43.5645,13.8961],[43.5798,13.8984],[43.6029,13.908],[43.6142,13.9069],[43.6226,13.9127],[43.6545,13.9103],[43.668,13.9198],[43.6859,13.9149],[43.6887,13.9104],[43.7002,13.9069],[43.7104,13.9093],[43.7102,13.9226],[43.7062,13.9295],[43.6825,13.9339],[43.6709,13.9425],[43.6517,13.9677],[43.6526,13.9804],[43.6608,13.9986],[43.6697,14.0039],[43.6788,14.0055],[43.6871,14.0032],[43.6918,13.993],[43.7012,13.9852],[43.7071,13.9742],[43.705,13.9585],[43.7118,13.9596],[43.7142,13.9691],[43.7226,13.9747],[43.7261,13.9961],[43.7317,14.0209],[43.736,14.0309],[43.7449,14.0429],[43.7537,14.0503],[43.7687,14.0481],[43.777,14.0572],[43.7741,14.0703],[43.757,14.0925],[43.7507,14.105],[43.7309,14.0849],[43.7188,14.0746],[43.7054,14.0682],[43.6929,14.0663],[43.679,14.0667],[43.6754,14.071],[43.6613,14.077],[43.6435,14.0914],[43.6286,14.1058],[43.602,14.1242],[43.5858,14.1316],[43.5697,14.1292],[43.5653,14.1308],[43.5523,14.1285],[43.5421,14.1298],[43.519,14.1611],[43.5048,14.1691],[43.499,14.1825],[43.5001,14.202],[43.5114,14.2083],[43.5228,14.206],[43.5315,14.2167],[43.528,14.2246],[43.5261,14.243],[43.5181,14.2535],[43.5183,14.2593],[43.5241,14.2688],[43.5245,14.2788],[43.513,14.2882],[43.5073,14.3024],[43.4999,14.3047],[43.4853,14.3284],[43.4796,14.3408],[43.4763,14.3587],[43.4782,14.3761],[43.5038,14.3781],[43.5117,14.3747],[43.5164,14.3766],[43.5214,14.3884],[43.5339,14.3985],[43.5492,14.4212],[43.548,14.4436],[43.5411,14.465],[43.5301,14.4943],[43.5227,14.5204],[43.5109,14.5528],[43.5076,14.5781],[43.5093,14.5936],[43.5021,14.5935],[43.4932,14.5986],[43.4837,14.6112],[43.48,14.6199],[43.4837,14.6345],[43.4849,14.6545],[43.4777,14.6721],[43.477,14.686],[43.4804,14.699],[43.4867,14.706],[43.5085,14.7157],[43.514,14.7212],[43.5134,14.7314],[43.497,14.7563],[43.491,14.7708],[43.4819,14.7981],[43.4732,14.8119],[43.4793,14.8182],[43.4848,14.8322],[43.4967,14.8384],[43.5014,14.8457],[43.5005,14.8626],[43.5054,14.8761],[43.5113,14.8806],[43.525,14.8856],[43.5302,14.8842],[43.5421,14.8902],[43.5517,14.9003],[43.5672,14.9085],[43.5713,14.9321],[43.57,14.9466],[43.5846,14.9464],[43.599,14.9414],[43.607,14.9356],[43.6185,14.9316],[43.6303,14.9301],[43.6437,14.9261],[43.6508,14.9359],[43.6487,14.9434],[43.6577,14.9663],[43.6662,14.9723],[43.6601,14.9825],[43.6498,14.9885],[43.6435,14.9975],[43.6431,15.0078],[43.6307,15.0083],[43.6239,14.9955],[43.6197,14.9925],[43.593,14.9916],[43.5833,14.9983],[43.5738,15.002],[43.568,15.0083],[43.5434,15.0219],[43.5301,15.0229],[43.5195,15.0294],[43.5137,15.0361],[43.5122,15.0484],[43.5065,15.0469],[43.4909,15.0509],[43.476,15.0683],[43.4572,15.0743],[43.4462,15.0816],[43.4399,15.0891],[43.4368,15.0969],[43.4319,15.1266],[43.4258,15.14],[43.4096,15.1644],[43.3853,15.1929],[43.3755,15.1956],[43.369,15.2033],[43.3688,15.2086],[43.3592,15.2182],[43.3466,15.2185],[43.3347,15.2232],[43.3254,15.2321],[43.3087,15.238],[43.3038,15.2482],[43.2816,15.2751],[43.2731,15.2933],[43.2546,15.3168],[43.2499,15.3302],[43.2476,15.3544],[43.252,15.3619],[43.2565,15.3948],[43.2505,15.4185],[43.2398,15.4307],[43.2508,15.4519],[43.2503,15.4637],[43.2458,15.4724],[43.2469,15.4942],[43.245,15.5095]]],[[[42.7633,14.0706],[42.7596,14.0714],[42.7454,14.0668],[42.7385,14.0584],[42.7314,14.0593],[42.7148,14.043],[42.7035,14.0244],[42.693,14.0208],[42.6759,14.0047],[42.6866,14.0024],[42.6872,13.9914],[42.7006,13.9866],[42.7124,13.9785],[42.7147,13.9734],[42.7136,13.9633],[42.726,13.9633],[42.7287,13.9531],[42.753,13.9531],[42.7622,13.9508],[42.7616,13.946],[42.7492,13.9333],[42.7462,13.9143],[42.7556,13.9125],[42.7609,13.9244],[42.773,13.9218],[42.7671,13.9101],[42.7768,13.9065],[42.7825,13.9082],[42.7791,13.925],[42.774,13.9277],[42.7823,13.936],[42.7837,13.9493],[42.7796,13.9538],[42.7817,13.9687],[42.7793,13.9724],[42.7834,13.982],[42.7902,13.9911],[42.7867,13.997],[42.7925,14.0294],[42.7881,14.0303],[42.7856,14.0451],[42.7796,14.0517],[42.7712,14.0559],[42.7646,14.0644],[42.7633,14.0706]]],[[[42.6307,15.4565],[42.624,15.4559],[42.6095,15.4444],[42.5991,15.4429],[42.6011,15.4319],[42.599,15.4264],[42.5918,15.4237],[42.5866,15.4265],[42.5749,15.408],[42.5661,15.401],[42.5565,15.3899],[42.5582,15.3833],[42.5534,15.3694],[42.5601,15.3631],[42.5654,15.3481],[42.5627,15.3295],[42.5598,15.3232],[42.5457,15.3134],[42.5344,15.3094],[42.5367,15.3005],[42.5581,15.2777],[42.5736,15.2648],[42.5887,15.2633],[42.5974,15.2797],[42.5998,15.2882],[42.6169,15.3034],[42.6055,15.3092],[42.6121,15.321],[42.6209,15.3229],[42.6181,15.3331],[42.6199,15.3408],[42.6153,15.3489],[42.6187,15.3582],[42.6284,15.3678],[42.6283,15.3796],[42.6313,15.3915],[42.6391,15.4026],[42.629,15.4036],[42.6172,15.399],[42.6108,15.3931],[42.5961,15.3851],[42.5856,15.3901],[42.5776,15.3892],[42.5717,15.3938],[42.5812,15.4021],[42.5962,15.401],[42.6119,15.4017],[42.6076,15.4131],[42.5958,15.411],[42.5886,15.4173],[42.606,15.4225],[42.6079,15.4304],[42.6186,15.4376],[42.6241,15.4335],[42.6438,15.4436],[42.6408,15.4546],[42.6307,15.4565]]],[[[42.7809,13.7819],[42.7721,13.776],[42.7664,13.7668],[42.7555,13.7675],[42.7494,13.7622],[42.7379,13.7589],[42.7339,13.7479],[42.7291,13.7453],[42.7178,13.7447],[42.709,13.7353],[42.702,13.7143],[42.7044,13.7002],[42.6847,13.689],[42.6756,13.6741],[42.6686,13.6726],[42.6653,13.665],[42.6756,13.6501],[42.6882,13.6565],[42.6939,13.6557],[42.6975,13.6627],[42.7069,13.6706],[42.71,13.6772],[42.722,13.68],[42.7297,13.6779],[42.7367,13.681],[42.75,13.7047],[42.7561,13.7092],[42.7568,13.7216],[42.7666,13.7275],[42.7718,13.7351],[42.7781,13.7323],[42.7742,13.7469],[42.7771,13.75],[42.7765,13.7605],[42.786,13.7708],[42.7809,13.7819]]],[[[42.3875,15.7469],[42.381,15.7455],[42.3775,15.7395],[42.3853,15.7258],[42.3827,15.7171],[42.3786,15.7141],[42.3855,15.7009],[42.3916,15.7055],[42.4058,15.7076],[42.4242,15.7073],[42.4351,15.7035],[42.4622,15.7002],[42.4821,15.7015],[42.4847,15.7159],[42.4786,15.7178],[42.4659,15.716],[42.4498,15.7222],[42.4432,15.7204],[42.428,15.7222],[42.4168,15.7312],[42.4083,15.7335],[42.3875,15.7469]]],[[[42.1847,15.0764],[42.1784,15.0793],[42.1707,15.0763],[42.1707,15.0703],[42.1609,15.0619],[42.1681,15.0413],[42.1725,15.0339],[42.1794,15.029],[42.1839,15.0312],[42.1952,15.0443],[42.1906,15.0559],[42.1928,15.0678],[42.1847,15.0764]]],[[[41.8397,15.5573],[41.8258,15.5532],[41.8193,15.547],[41.815,15.5371],[41.8188,15.5272],[41.8259,15.5236],[41.8494,15.5336],[41.8517,15.5465],[41.8492,15.5535],[41.8397,15.5573]]],[[[42.2963,15.7471],[42.3032,15.7639],[42.3055,15.7776],[42.304,15.7891],[42.2994,15.7922],[42.2887,15.7876],[42.2864,15.7593],[42.2795,15.7432],[42.2826,15.7341],[42.2917,15.7341],[42.2963,15.7471]]],[[[42.8079,13.8793],[42.8011,13.8757],[42.7942,13.8779],[42.7801,13.8647],[42.7726,13.8523],[42.7762,13.8402],[42.7875,13.8468],[42.7944,13.8471],[42.8007,13.8552],[42.8096,13.8737],[42.8079,13.8793]]],[[[42.0483,15.2252],[42.0416,15.2216],[42.0413,15.1897],[42.0443,15.1823],[42.0511,15.1834],[42.0607,15.1959],[42.0587,15.206],[42.053,15.2198],[42.0483,15.2252]]],[[[42.6019,15.6507],[42.5879,15.649],[42.587,15.644],[42.5974,15.6321],[42.5974,15.6252],[42.6038,15.6213],[42.6235,15.63],[42.6296,15.6264],[42.6361,15.6308],[42.6225,15.6343],[42.6082,15.6416],[42.6019,15.6507]]],[[[42.2957,15.714],[42.2867,15.71],[42.2842,15.702],[42.2827,15.6862],[42.291,15.6837],[42.2955,15.669],[42.3046,15.6602],[42.3079,15.6613],[42.2993,15.6921],[42.2957,15.714]]],[[[42.2986,15.8388],[42.3001,15.8434],[42.2948,15.8586],[42.2871,15.8701],[42.2772,15.8755],[42.2749,15.8693],[42.2764,15.8502],[42.2818,15.8395],[42.2986,15.8388]]],[[[42.3686,15.5335],[42.3595,15.5283],[42.3696,15.5211],[42.3716,15.5103],[42.3768,15.5034],[42.3786,15.4918],[42.3915,15.479],[42.404,15.4706],[42.4111,15.4752],[42.3853,15.4923],[42.3788,15.4997],[42.3747,15.5301],[42.3686,15.5335]]],[[[42.9064,14.6233],[42.908,14.6322],[42.9022,14.6338],[42.8985,14.6278],[42.9066,14.6139],[42.9148,14.6148],[42.9203,14.6217],[42.9064,14.6233]]],[[[42.5085,15.5025],[42.5004,15.5056],[42.4865,15.4994],[42.4892,15.4904],[42.4972,15.4973],[42.5118,15.4966],[42.5142,15.4912],[42.5273,15.4935],[42.5085,15.5025]]],[[[42.6073,15.7391],[42.6204,15.7558],[42.6231,15.7645],[42.6159,15.7656],[42.604,15.7499],[42.6018,15.7434],[42.6073,15.7391]]],[[[42.0315,15.1792],[42.0332,15.1827],[42.0259,15.2082],[42.0204,15.2074],[42.0182,15.2],[42.0235,15.1844],[42.0315,15.1792]]],[[[42.7419,13.6324],[42.7368,13.6305],[42.7319,13.6171],[42.7223,13.6085],[42.7287,13.6055],[42.7406,13.6071],[42.7375,13.6142],[42.7419,13.6324]]],[[[42.6478,15.5494],[42.655,15.5584],[42.6495,15.5651],[42.6344,15.5515],[42.6355,15.5458],[42.6478,15.5494]]],[[[42.1576,15.0315],[42.1503,15.0213],[42.1665,15.0144],[42.167,15.0263],[42.1576,15.0315]]],[[[42.948,14.5561],[42.9504,14.5622],[42.9414,14.5648],[42.9414,14.5553],[42.9443,14.545],[42.949,14.5451],[42.948,14.5561]]],[[[42.5007,15.722],[42.5057,15.7304],[42.497,15.7326],[42.4923,15.7225],[42.5007,15.722]]],[[[42.1577,15.0847],[42.1506,15.0904],[42.1457,15.083],[42.1483,15.0782],[42.1577,15.0847]]],[[[42.9218,14.9416],[42.9223,14.95],[42.9176,14.9516],[42.914,14.9427],[42.9218,14.9416]]]]},"properties":{"id":"YE18","ar":"الحديدة","en":"Al Hodeidah"}},{"type":"Feature","geometry":{"type":"Polygon","coordinates":[[[47.0024,16.95],[47,16.95],[46.8907,17.0959],[46.75,17.2833],[46.6062,17.2647],[46.4864,17.249],[46.3667,17.2333],[46.2603,17.24],[46.1,17.25],[45.9924,17.263],[45.8578,17.2791],[45.6962,17.2984],[45.5616,17.3143],[45.4,17.3333],[45.2167,17.4333],[45.0364,17.4335],[44.9533,17.4335],[44.953,17.2333],[44.9528,17.0527],[44.9085,17.0549],[44.8566,17.0634],[44.8455,17.0664],[44.835,17.0718],[44.7992,17.0952],[44.7812,17.0995],[44.7544,17.1026],[44.6464,17.1038],[44.6275,17.1052],[44.5847,17.1057],[44.5535,17.1077],[44.5477,17.106],[44.5299,17.094],[44.5194,17.0774],[44.4999,17.0596],[44.4786,17.0538],[44.4607,17.0423],[44.4242,17.022],[44.4043,17.0091],[44.3994,17.002],[44.3923,16.9854],[44.3775,16.9632],[44.3776,16.955],[44.374,16.9468],[44.3574,16.931],[44.3474,16.9169],[44.3378,16.9197],[44.3289,16.912],[44.328,16.9016],[44.3297,16.8919],[44.3166,16.8917],[44.3138,16.8877],[44.3173,16.8704],[44.3128,16.8662],[44.3041,16.8676],[44.2915,16.8814],[44.2875,16.8752],[44.2866,16.8636],[44.2798,16.8491],[44.2744,16.8448],[44.2505,16.8086],[44.2431,16.8051],[44.1845,16.7937],[44.1672,16.7937],[44.1476,16.7808],[44.1091,16.7625],[44.121,16.7397],[44.1211,16.7204],[44.1018,16.6447],[44.107,16.6418],[44.1211,16.6286],[44.1539,16.6101],[44.1729,16.6068],[44.1879,16.5903],[44.211,16.5708],[44.2289,16.5638],[44.2382,16.5637],[44.2482,16.5571],[44.2538,16.5461],[44.27,16.5423],[44.2635,16.5295],[44.261,16.4663],[44.262,16.4618],[44.2618,16.4369],[44.2579,16.405],[44.2587,16.3988],[44.2701,16.3871],[44.2905,16.3769],[44.294,16.3721],[44.2941,16.3497],[44.2861,16.3245],[44.2742,16.3063],[44.2868,16.295],[44.2964,16.2955],[44.3019,16.2914],[44.3031,16.2773],[44.2975,16.266],[44.295,16.2507],[44.2656,16.2146],[44.2638,16.2105],[44.2839,16.2024],[44.2912,16.1857],[44.288,16.1739],[44.289,16.159],[44.2872,16.1478],[44.2782,16.1392],[44.2759,16.1336],[44.2813,16.1233],[44.2946,16.1143],[44.3071,16.0978],[44.3194,16.0786],[44.3235,16.066],[44.3302,16.0591],[44.3572,16.0468],[44.3728,16.038],[44.3829,16.03],[44.4267,16.0318],[44.575,16.0019],[44.5928,16.0285],[44.722,16.0287],[44.8381,16.0288],[44.9046,15.9842],[45.0868,15.8632],[45.2513,15.7539],[45.2867,15.7533],[45.4811,15.7539],[45.4893,15.7577],[45.5157,15.7798],[45.5342,15.799],[45.5469,15.8155],[45.5661,15.8446],[45.5909,15.8798],[45.6336,15.9216],[45.6728,15.9487],[45.7103,15.9697],[45.7546,15.9904],[45.7845,16.0012],[45.8221,16.0118],[45.9551,16.0322],[46.0033,16.0401],[46.29,16.0877],[46.4459,16.1131],[46.8108,16.1619],[46.841,16.1954],[47.0022,16.3706],[47.0026,16.5606],[47.0031,16.7407],[47.0036,16.8299],[47.0026,16.8299],[47.0024,16.95]]]},"properties":{"id":"YE16","ar":"الجوف","en":"Al Jawf"}},{"type":"Feature","geometry":{"type":"Polygon","coordinates":[[[50.7562,15.079],[50.8082,15.0917],[50.8129,15.0897],[50.857,15.1026],[50.8955,15.1148],[50.9174,15.1172],[50.9527,15.1291],[50.9834,15.1365],[51.0526,15.1522],[51.0615,15.1559],[51.08,15.1594],[51.1203,15.1652],[51.1584,15.1752],[51.19,15.1856],[51.2069,15.1927],[51.2173,15.1926],[51.2281,15.1959],[51.2538,15.2062],[51.2922,15.2235],[51.3022,15.2252],[51.31,15.23],[51.3231,15.2348],[51.3292,15.2339],[51.3419,15.2383],[51.3471,15.2332],[51.3693,15.2347],[51.3685,15.2433],[51.3913,15.2547],[51.4071,15.2608],[51.4174,15.262],[51.4208,15.2652],[51.4559,15.2805],[51.4703,15.288],[51.4756,15.2956],[51.4842,15.3],[51.5123,15.3108],[51.5762,15.331],[51.602,15.3348],[51.6072,15.3296],[51.6236,15.3316],[51.6286,15.33],[51.6434,15.3362],[51.6491,15.3349],[51.6639,15.3402],[51.6582,15.3476],[51.6477,15.3488],[51.6396,15.3528],[51.6351,15.3618],[51.6396,15.3824],[51.6435,15.3873],[51.6612,15.4022],[51.6922,15.4188],[51.7496,15.4402],[51.7999,15.456],[51.8217,15.462],[51.8436,15.4465],[51.855,15.4494],[51.8484,15.4572],[51.8543,15.4645],[51.848,15.4727],[51.8549,15.4828],[51.8639,15.4875],[51.8658,15.4925],[51.9401,15.5232],[51.9871,15.5423],[52.0426,15.5629],[52.0999,15.5826],[52.1847,15.6098],[52.1923,15.6093],[52.2019,15.6142],[52.2079,15.6224],[52.2227,15.6333],[52.2244,15.6382],[52.2173,15.6494],[52.2165,15.66],[52.2119,15.6724],[52.2032,15.7033],[52.1962,15.719],[52.1956,15.7351],[52.191,15.7456],[52.1942,15.7477],[52.1877,15.7626],[52.1907,15.775],[52.1972,15.7836],[52.1946,15.7906],[52.1994,15.799],[52.1934,15.8131],[52.195,15.8286],[52.1888,15.8386],[52.1728,15.8445],[52.1596,15.8567],[52.1621,15.8816],[52.163,15.9049],[52.1686,15.9147],[52.1672,15.9216],[52.15,15.9417],[52.1466,15.9674],[52.1538,15.9942],[52.1614,16.0064],[52.1825,16.0574],[52.1946,16.0749],[52.1998,16.0864],[52.2038,16.1018],[52.2033,16.1246],[52.2093,16.1429],[52.2185,16.1572],[52.2247,16.1731],[52.2384,16.2016],[52.2693,16.2416],[52.28,16.2584],[52.3027,16.2809],[52.3298,16.3136],[52.3494,16.3352],[52.3774,16.3624],[52.4178,16.3957],[52.4293,16.4039],[52.4716,16.429],[52.4912,16.4382],[52.5228,16.4511],[52.5683,16.4686],[52.6043,16.4812],[52.6258,16.4877],[52.6785,16.5051],[52.7065,16.5152],[52.7517,16.5357],[52.7993,16.5515],[52.8217,16.5568],[52.8375,16.5655],[52.8446,16.5731],[52.8816,16.5868],[52.8984,16.5923],[52.9018,16.5914],[52.9167,16.5981],[52.9296,16.5996],[52.9481,16.6129],[52.9712,16.6197],[52.9876,16.6218],[52.9993,16.6252],[53.0291,16.6314],[53.0405,16.6323],[53.0628,16.6368],[53.0681,16.6402],[53.0792,16.6418],[53.0851,16.6456],[53.1027,16.6469],[53.1068,16.6548],[53.0379,16.8028],[52.8123,17.2855],[52.7458,17.2944],[52.7432,17.3023],[52.7506,17.3058],[52.7822,17.3497],[52.2984,18.3744],[52.2909,18.3902],[52,19],[51.968,18.9862],[51.928,18.9626],[51.863,18.9195],[51.8022,18.8787],[51.7228,18.8209],[51.6553,18.7615],[51.612,18.7157],[51.5732,18.6664],[51.5547,18.6336],[51.5369,18.6048],[51.5278,18.5874],[51.5241,18.5722],[51.5239,18.562],[51.5277,18.5396],[51.5282,18.5279],[51.5315,18.5172],[51.5324,18.4963],[51.5263,18.4561],[51.5214,18.4373],[51.4913,18.3735],[51.4737,18.3188],[51.4589,18.2698],[51.4535,18.2373],[51.4529,18.2264],[51.452,18.1338],[51.4499,18.0561],[51.4455,17.9678],[51.4424,17.9246],[51.4362,17.8715],[51.4328,17.8289],[51.4216,17.7786],[51.4103,17.749],[51.3989,17.7163],[51.3872,17.6881],[51.3733,17.6616],[51.3556,17.6257],[51.3284,17.5671],[51.319,17.5385],[51.3023,17.5001],[51.2894,17.4573],[51.2794,17.4395],[51.2604,17.3996],[51.2359,17.3618],[51.2258,17.3503],[51.2057,17.3209],[51.1926,17.2952],[51.1655,17.234],[51.1465,17.1718],[51.1408,17.1481],[51.1328,17.097],[51.1301,17.0623],[51.1263,17.0351],[51.1102,17.0255],[51.0846,17.016],[51.0674,17.0013],[51.0375,16.9849],[51.0241,16.9763],[50.9985,16.9556],[50.9798,16.9363],[50.9501,16.9131],[50.8966,16.8901],[50.8678,16.8824],[50.8533,16.8756],[50.8377,16.8748],[50.8102,16.8717],[50.7661,16.872],[50.7552,16.8738],[50.739,16.8738],[50.7157,16.8777],[50.6836,16.8787],[50.6485,16.8726],[50.6378,16.8619],[50.6333,16.8463],[50.63,16.8099],[50.6163,16.7763],[50.602,16.752],[50.5895,16.7336],[50.5817,16.726],[50.56,16.7085],[50.5311,16.6831],[50.518,16.6741],[50.5037,16.6686],[50.4888,16.6685],[50.4655,16.6725],[50.4173,16.6755],[50.4121,16.6764],[50.3805,16.6767],[50.366,16.6731],[50.3229,16.6666],[50.2804,16.6655],[50.2648,16.6636],[50.2276,16.6639],[50.2188,16.66],[50.2191,16.6502],[50.2256,16.6427],[50.244,16.6327],[50.2471,16.6233],[50.2562,16.6182],[50.2599,16.6094],[50.239,16.5932],[50.2343,16.5779],[50.2169,16.5582],[50.2161,16.5486],[50.2202,16.5457],[50.2356,16.5421],[50.2446,16.5382],[50.257,16.5295],[50.2612,16.5205],[50.2704,16.5154],[50.2586,16.5056],[50.2597,16.4865],[50.2508,16.4729],[50.2492,16.4525],[50.2439,16.4442],[50.2382,16.43],[50.2385,16.4098],[50.2149,16.3743],[50.213,16.3643],[50.2129,16.3434],[50.2106,16.312],[50.1991,16.2891],[50.1994,16.2685],[50.1932,16.2542],[50.1701,16.2331],[50.1656,16.2179],[50.1641,16.1817],[50.1588,16.1677],[50.1583,16.1546],[50.1936,16.1423],[50.2075,16.1344],[50.2142,16.1268],[50.2279,16.1211],[50.2438,16.0938],[50.2571,16.0867],[50.2629,16.0786],[50.2574,16.065],[50.2504,16.0578],[50.227,16.0285],[50.2203,16.0038],[50.2048,15.9828],[50.2045,15.9621],[50.1979,15.9529],[50.1899,15.9466],[50.1841,15.9381],[50.1602,15.9265],[50.1504,15.9156],[50.1508,15.9106],[50.163,15.895],[50.157,15.886],[50.1646,15.8794],[50.1668,15.8702],[50.163,15.866],[50.1491,15.8606],[50.1418,15.8409],[50.1382,15.8141],[50.1416,15.8047],[50.1562,15.7844],[50.1557,15.7633],[50.1499,15.75],[50.14,15.7485],[50.128,15.7273],[50.1337,15.7132],[50.1297,15.699],[50.131,15.688],[50.121,15.6764],[50.1169,15.6676],[50.1172,15.6531],[50.126,15.6406],[50.131,15.627],[50.1418,15.6151],[50.161,15.6084],[50.1711,15.6075],[50.1917,15.6111],[50.2073,15.6117],[50.2347,15.5956],[50.25,15.5936],[50.27,15.5891],[50.2634,15.5819],[50.2716,15.575],[50.2725,15.5693],[50.2682,15.5536],[50.2707,15.5439],[50.2702,15.5334],[50.2667,15.5182],[50.2565,15.5073],[50.2516,15.5056],[50.2421,15.5093],[50.2362,15.5019],[50.2365,15.4918],[50.2305,15.4716],[50.2205,15.4601],[50.2043,15.4476],[50.1844,15.4299],[50.1888,15.4203],[50.1846,15.4006],[50.1848,15.39],[50.1987,15.3684],[50.2062,15.3619],[50.2158,15.3607],[50.2238,15.3547],[50.2402,15.3461],[50.2529,15.3369],[50.2724,15.3324],[50.3029,15.3345],[50.334,15.3342],[50.3542,15.3372],[50.3745,15.3417],[50.3946,15.3406],[50.4262,15.3457],[50.4377,15.356],[50.4479,15.359],[50.4627,15.357],[50.4932,15.3624],[50.5081,15.3676],[50.5182,15.3683],[50.5324,15.3627],[50.5428,15.3625],[50.5538,15.3528],[50.5588,15.3434],[50.5732,15.3444],[50.5749,15.3348],[50.5795,15.3324],[50.5876,15.3379],[50.5937,15.3381],[50.6066,15.3301],[50.6153,15.336],[50.63,15.3402],[50.6439,15.3342],[50.6532,15.3381],[50.6569,15.3351],[50.6598,15.3254],[50.6669,15.3123],[50.6813,15.2916],[50.6808,15.2818],[50.6929,15.2725],[50.6969,15.2631],[50.6958,15.2479],[50.6998,15.2385],[50.7,15.2244],[50.7131,15.2154],[50.7169,15.2062],[50.7321,15.1919],[50.7308,15.1818],[50.7261,15.1727],[50.7276,15.1628],[50.7452,15.1443],[50.7502,15.1353],[50.765,15.1147],[50.7684,15.1048],[50.7573,15.0873],[50.7562,15.079]]]},"properties":{"id":"YE28","ar":"المهرة","en":"Al Maharah"}},{"type":"Feature","geometry":{"type":"Polygon","coordinates":[[[43.9167,15.5164],[43.8947,15.5171],[43.8824,15.5291],[43.8592,15.5384],[43.8538,15.5434],[43.8325,15.5494],[43.8281,15.559],[43.7996,15.5808],[43.7907,15.5805],[43.784,15.5757],[43.774,15.5519],[43.7643,15.5477],[43.7517,15.5395],[43.739,15.5441],[43.7344,15.538],[43.7216,15.5278],[43.7146,15.528],[43.7071,15.5327],[43.6982,15.5423],[43.6875,15.5503],[43.68,15.5534],[43.6724,15.5491],[43.6642,15.5398],[43.6514,15.5341],[43.6293,15.5326],[43.6237,15.5313],[43.6038,15.542],[43.5888,15.5409],[43.5841,15.5382],[43.5716,15.5424],[43.5609,15.5414],[43.5543,15.5455],[43.541,15.546],[43.5361,15.5486],[43.5072,15.5515],[43.499,15.5442],[43.4715,15.5503],[43.4602,15.5589],[43.4456,15.5467],[43.4153,15.5477],[43.3784,15.5414],[43.3634,15.5364],[43.3235,15.5353],[43.3007,15.5295],[43.2896,15.5281],[43.2744,15.5228],[43.245,15.5095],[43.2469,15.4942],[43.2458,15.4724],[43.2503,15.4637],[43.2508,15.4519],[43.2398,15.4307],[43.2505,15.4185],[43.2565,15.3948],[43.252,15.3619],[43.2476,15.3544],[43.2499,15.3302],[43.2546,15.3168],[43.2731,15.2933],[43.2816,15.2751],[43.3038,15.2482],[43.3087,15.238],[43.3254,15.2321],[43.3347,15.2232],[43.3466,15.2185],[43.3592,15.2182],[43.3688,15.2086],[43.369,15.2033],[43.3755,15.1956],[43.3853,15.1929],[43.4096,15.1644],[43.4258,15.14],[43.4319,15.1266],[43.4368,15.0969],[43.4399,15.0891],[43.4462,15.0816],[43.4572,15.0743],[43.476,15.0683],[43.4909,15.0509],[43.5065,15.0469],[43.5122,15.0484],[43.5218,15.0545],[43.5288,15.0741],[43.5286,15.084],[43.5335,15.0909],[43.5512,15.0984],[43.5548,15.1092],[43.5625,15.1128],[43.5638,15.1206],[43.55,15.1604],[43.5491,15.1804],[43.553,15.1993],[43.56,15.2147],[43.5666,15.2228],[43.5785,15.2291],[43.5796,15.2352],[43.5923,15.2353],[43.5968,15.2381],[43.6057,15.2359],[43.6186,15.243],[43.6261,15.2443],[43.6304,15.2516],[43.643,15.2554],[43.6418,15.2646],[43.6445,15.2712],[43.6608,15.2735],[43.6677,15.2708],[43.6736,15.2764],[43.6916,15.2806],[43.7016,15.2783],[43.7112,15.2701],[43.7173,15.2784],[43.7261,15.2858],[43.7282,15.2937],[43.7347,15.2956],[43.7369,15.3078],[43.7461,15.3136],[43.7481,15.3258],[43.7595,15.3244],[43.7712,15.3319],[43.7781,15.3387],[43.7861,15.353],[43.7914,15.3543],[43.8,15.3638],[43.805,15.3632],[43.8054,15.3729],[43.8186,15.3734],[43.8268,15.3759],[43.8407,15.3739],[43.8565,15.39],[43.8608,15.39],[43.8733,15.4051],[43.892,15.4083],[43.9009,15.4148],[43.9104,15.418],[43.9141,15.4247],[43.9147,15.4331],[43.8991,15.4591],[43.9001,15.4678],[43.91,15.4711],[43.9213,15.4798],[43.9206,15.4889],[43.9137,15.4989],[43.918,15.5131],[43.9167,15.5164]]]},"properties":{"id":"YE27","ar":"المحويت","en":"Al Mahwit"}},{"type":"Feature","geometry":{"type":"Polygon","coordinates":[[[44.1018,16.6447],[44.0886,16.6394],[44.0742,16.6361],[44.0526,16.6235],[44.0224,16.6161],[43.9822,16.6147],[43.9484,16.6204],[43.9259,16.6306],[43.8992,16.6501],[43.8524,16.6682],[43.843,16.6708],[43.7984,16.6885],[43.787,16.6831],[43.7717,16.6863],[43.7496,16.7001],[43.7353,16.6938],[43.7114,16.6871],[43.6985,16.677],[43.6878,16.6714],[43.675,16.6583],[43.6657,16.6515],[43.5286,16.6197],[43.5,16.6124],[43.4962,16.6127],[43.4961,16.6078],[43.5017,16.4192],[43.5089,16.404],[43.5096,16.3817],[43.5202,16.3571],[43.5175,16.3361],[43.526,16.3103],[43.5302,16.3044],[43.5275,16.2894],[43.5211,16.293],[43.5176,16.2878],[43.5241,16.2786],[43.5172,16.2694],[43.5141,16.26],[43.5167,16.2482],[43.5134,16.2434],[43.5201,16.2349],[43.518,16.2254],[43.5192,16.2164],[43.516,16.2114],[43.5207,16.205],[43.5392,16.1986],[43.5608,16.1928],[43.5641,16.1779],[43.5752,16.1104],[43.5727,16.1029],[43.5782,16.0917],[43.601,16.0503],[43.6047,16.0385],[43.6134,16.0275],[43.6217,16.0223],[43.6279,16.0091],[43.628,16.0032],[43.6111,15.9868],[43.6013,15.9849],[43.5906,15.9789],[43.5804,15.9605],[43.5732,15.9581],[43.5739,15.9501],[43.5813,15.9525],[43.5839,15.9467],[43.5798,15.9405],[43.5822,15.9307],[43.6023,15.9399],[43.6265,15.974],[43.6368,15.9905],[43.6408,15.9939],[43.6494,15.9921],[43.661,16.0011],[43.664,16.0066],[43.673,16.0056],[43.6757,15.9963],[43.697,15.9781],[43.6979,15.9681],[43.7043,15.9556],[43.7082,15.9341],[43.7042,15.9152],[43.7148,15.8884],[43.7147,15.8676],[43.7196,15.8611],[43.719,15.8522],[43.7289,15.8415],[43.7282,15.8353],[43.7179,15.8233],[43.7064,15.8158],[43.7063,15.8086],[43.7117,15.7945],[43.7076,15.7874],[43.7153,15.7711],[43.7159,15.7624],[43.7114,15.753],[43.7206,15.7523],[43.7355,15.7539],[43.7508,15.7359],[43.7375,15.7298],[43.7409,15.7265],[43.7416,15.708],[43.7276,15.7001],[43.7295,15.6939],[43.7355,15.6588],[43.7357,15.6527],[43.7122,15.6534],[43.7072,15.6574],[43.6926,15.6613],[43.6794,15.6672],[43.6671,15.6635],[43.6585,15.6577],[43.6525,15.6456],[43.6475,15.6423],[43.645,15.6268],[43.637,15.6136],[43.6359,15.6064],[43.6389,15.5989],[43.6462,15.5969],[43.6635,15.5835],[43.6478,15.5559],[43.6311,15.5385],[43.6293,15.5326],[43.6514,15.5341],[43.6642,15.5398],[43.6724,15.5491],[43.68,15.5534],[43.6875,15.5503],[43.6982,15.5423],[43.7071,15.5327],[43.7146,15.528],[43.7216,15.5278],[43.7344,15.538],[43.739,15.5441],[43.7517,15.5395],[43.7643,15.5477],[43.774,15.5519],[43.784,15.5757],[43.7907,15.5805],[43.7996,15.5808],[43.8281,15.559],[43.8325,15.5494],[43.8538,15.5434],[43.8592,15.5384],[43.8824,15.5291],[43.8947,15.5171],[43.9167,15.5164],[43.9427,15.5266],[43.9461,15.5341],[43.9418,15.5368],[43.9162,15.5402],[43.9192,15.5649],[43.9316,15.5716],[43.9393,15.5781],[43.9582,15.5608],[43.964,15.5593],[43.983,15.5604],[44.0028,15.5658],[44.0164,15.5711],[44.0296,15.5718],[44.0378,15.5828],[44.044,15.5874],[44.0476,15.5988],[44.0553,15.61],[44.0621,15.6159],[44.0949,15.6139],[44.1132,15.614],[44.1182,15.633],[44.1191,15.6553],[44.1075,15.6909],[44.0972,15.7163],[44.0961,15.7237],[44.1013,15.7334],[44.0937,15.7451],[44.1214,15.7454],[44.1488,15.7482],[44.171,15.7572],[44.1759,15.7641],[44.1803,15.7764],[44.1815,15.7967],[44.1812,15.8238],[44.1692,15.852],[44.1556,15.87],[44.1517,15.8966],[44.1515,15.9233],[44.1565,15.9511],[44.1584,15.9715],[44.1509,15.9875],[44.1601,15.9876],[44.1692,15.992],[44.1818,15.9925],[44.1892,15.9955],[44.2059,15.9978],[44.2151,15.9912],[44.2248,15.9911],[44.2309,15.9983],[44.2366,16.0134],[44.2506,16.0158],[44.2607,16.0207],[44.2702,16.0296],[44.2813,16.031],[44.2909,16.0373],[44.2994,16.0401],[44.3348,16.0374],[44.3471,16.0381],[44.3572,16.0468],[44.3302,16.0591],[44.3235,16.066],[44.3194,16.0786],[44.3071,16.0978],[44.2946,16.1143],[44.2813,16.1233],[44.2759,16.1336],[44.2782,16.1392],[44.2872,16.1478],[44.289,16.159],[44.288,16.1739],[44.2912,16.1857],[44.2839,16.2024],[44.2638,16.2105],[44.2656,16.2146],[44.295,16.2507],[44.2975,16.266],[44.3031,16.2773],[44.3019,16.2914],[44.2964,16.2955],[44.2868,16.295],[44.2742,16.3063],[44.2861,16.3245],[44.2941,16.3497],[44.294,16.3721],[44.2905,16.3769],[44.2701,16.3871],[44.2587,16.3988],[44.2579,16.405],[44.2618,16.4369],[44.262,16.4618],[44.261,16.4663],[44.2635,16.5295],[44.27,16.5423],[44.2538,16.5461],[44.2482,16.5571],[44.2382,16.5637],[44.2289,16.5638],[44.211,16.5708],[44.1879,16.5903],[44.1729,16.6068],[44.1539,16.6101],[44.1211,16.6286],[44.107,16.6418],[44.1018,16.6447]]]},"properties":{"id":"YE29","ar":"عمران","en":"Amran"}},{"type":"Feature","geometry":{"type":"Polygon","coordinates":[[[44.8288,14.7605],[44.815,14.7833],[44.7951,14.813],[44.7645,14.8362],[44.7505,14.8577],[44.7143,14.8622],[44.7058,14.9301],[44.7028,14.9777],[44.7023,15.0021],[44.697,15.0121],[44.6809,15.0181],[44.6323,15.0123],[44.5748,14.9925],[44.5437,14.9813],[44.5355,14.9709],[44.5115,14.9546],[44.4603,14.9394],[44.439,14.9352],[44.4166,14.9466],[44.3915,14.9579],[44.3781,14.9698],[44.3706,14.9822],[44.3539,14.9856],[44.3445,14.9713],[44.3493,14.9584],[44.355,14.9506],[44.3506,14.9278],[44.226,14.9275],[44.214,14.9625],[44.1895,14.9848],[44.1765,14.9908],[44.1503,14.9992],[44.1341,15.0027],[44.124,15.0026],[44.0925,14.999],[44.0486,14.9989],[44.0321,14.9926],[44.0218,14.9794],[44.0226,14.9725],[44.0165,14.9688],[44.0121,14.9616],[43.9875,14.9443],[43.9859,14.939],[43.9773,14.9325],[43.9666,14.9283],[43.9521,14.9126],[43.9468,14.9093],[43.9301,14.9083],[43.9154,14.9022],[43.9147,14.89],[43.9091,14.8835],[43.8975,14.8577],[43.8884,14.8571],[43.8684,14.8482],[43.8609,14.8485],[43.8495,14.8543],[43.8019,14.8638],[43.7884,14.8742],[43.7796,14.8751],[43.7684,14.8683],[43.7577,14.8594],[43.7489,14.8555],[43.752,14.853],[43.7567,14.8329],[43.7692,14.8099],[43.7871,14.7892],[43.7987,14.7708],[43.8115,14.7599],[43.8357,14.7523],[43.8595,14.7296],[43.879,14.7172],[43.891,14.6922],[43.9024,14.6807],[43.9034,14.669],[43.8932,14.6568],[43.8939,14.65],[43.9012,14.6366],[43.92,14.6247],[43.9225,14.6187],[43.9412,14.6105],[43.9373,14.5989],[43.9323,14.597],[43.9301,14.5863],[43.9203,14.5744],[43.9066,14.5506],[43.9028,14.5499],[43.895,14.5398],[43.8832,14.53],[43.8748,14.5255],[43.868,14.5118],[43.8502,14.4974],[43.8383,14.4953],[43.8322,14.4881],[43.8242,14.4871],[43.8138,14.4794],[43.7967,14.4751],[43.7898,14.47],[43.7897,14.4604],[43.7805,14.4594],[43.7667,14.4543],[43.7574,14.4606],[43.7493,14.4514],[43.7371,14.4464],[43.7299,14.4507],[43.7204,14.4619],[43.716,14.4702],[43.6863,14.4695],[43.6839,14.4662],[43.6624,14.4696],[43.648,14.462],[43.6464,14.4414],[43.6383,14.4323],[43.6328,14.4206],[43.6143,14.4105],[43.6046,14.4013],[43.5969,14.4034],[43.587,14.4003],[43.5865,14.3938],[43.5801,14.393],[43.5774,14.3851],[43.5724,14.3814],[43.5704,14.3737],[43.5567,14.369],[43.5533,14.3657],[43.5452,14.3667],[43.5319,14.3745],[43.5164,14.3766],[43.5117,14.3747],[43.5038,14.3781],[43.4782,14.3761],[43.4763,14.3587],[43.4796,14.3408],[43.4853,14.3284],[43.4999,14.3047],[43.5073,14.3024],[43.513,14.2882],[43.5245,14.2788],[43.5241,14.2688],[43.5183,14.2593],[43.5181,14.2535],[43.5261,14.243],[43.528,14.2246],[43.5315,14.2167],[43.5228,14.206],[43.5114,14.2083],[43.5001,14.202],[43.499,14.1825],[43.5048,14.1691],[43.519,14.1611],[43.5421,14.1298],[43.5523,14.1285],[43.5653,14.1308],[43.5697,14.1292],[43.5858,14.1316],[43.602,14.1242],[43.6286,14.1058],[43.6435,14.0914],[43.6613,14.077],[43.6754,14.071],[43.679,14.0667],[43.6929,14.0663],[43.7054,14.0682],[43.7188,14.0746],[43.7309,14.0849],[43.7507,14.105],[43.7615,14.1154],[43.7786,14.1395],[43.7857,14.1622],[43.787,14.1833],[43.7893,14.1934],[43.8008,14.2228],[43.8042,14.2286],[43.8199,14.2341],[43.8248,14.2381],[43.8259,14.2462],[43.819,14.2494],[43.8221,14.2572],[43.8432,14.251],[43.845,14.2434],[43.83,14.2201],[43.8267,14.2105],[43.8257,14.2001],[43.8297,14.1861],[43.8429,14.1946],[43.8612,14.2021],[43.8819,14.2218],[43.9045,14.2267],[43.9133,14.2349],[43.922,14.2488],[43.9293,14.269],[43.9367,14.282],[43.9316,14.2879],[43.9299,14.3097],[43.9271,14.3161],[43.9187,14.322],[43.9104,14.3378],[43.911,14.3431],[43.918,14.3494],[43.9263,14.3468],[43.9355,14.358],[43.946,14.3608],[43.9551,14.3596],[43.9652,14.3441],[43.9692,14.3461],[43.9682,14.3554],[43.9701,14.3712],[43.9839,14.3808],[43.9949,14.381],[44.0043,14.3938],[44.0139,14.3968],[44.0187,14.4031],[44.019,14.4139],[44.0436,14.4399],[44.0484,14.4471],[44.063,14.4545],[44.0699,14.4617],[44.0757,14.4605],[44.0801,14.43],[44.0782,14.4113],[44.0808,14.3897],[44.0869,14.3718],[44.086,14.3642],[44.0951,14.3641],[44.1038,14.3688],[44.1194,14.3693],[44.145,14.3761],[44.1568,14.3829],[44.1715,14.3866],[44.1842,14.4012],[44.1875,14.4084],[44.1887,14.4269],[44.1946,14.4593],[44.2102,14.4513],[44.2344,14.4416],[44.2413,14.4332],[44.2427,14.4276],[44.2538,14.418],[44.2748,14.4116],[44.2817,14.3912],[44.2959,14.3759],[44.3003,14.3749],[44.3163,14.3775],[44.3357,14.3788],[44.35,14.3763],[44.3656,14.3638],[44.3751,14.3485],[44.3905,14.3458],[44.4045,14.3518],[44.4174,14.3538],[44.4356,14.3488],[44.4447,14.3412],[44.4506,14.3289],[44.469,14.3081],[44.4881,14.2981],[44.4974,14.3005],[44.511,14.3005],[44.5401,14.2961],[44.5483,14.2917],[44.5558,14.2739],[44.5679,14.2694],[44.5856,14.2927],[44.5881,14.2937],[44.5861,14.3286],[44.5872,14.3304],[44.5852,14.3578],[44.607,14.3601],[44.6304,14.3655],[44.6808,14.3627],[44.6919,14.3796],[44.712,14.4293],[44.7251,14.4571],[44.7292,14.4762],[44.7355,14.4941],[44.7335,14.5031],[44.7124,14.5249],[44.7103,14.5293],[44.7062,14.5749],[44.7059,14.5966],[44.7084,14.6136],[44.7086,14.6441],[44.7132,14.6653],[44.7175,14.6757],[44.731,14.6852],[44.8001,14.7378],[44.8288,14.7605]]]},"properties":{"id":"YE20","ar":"ذمار","en":"Dhamar"}},{"type":"Feature","geometry":{"type":"Polygon","coordinates":[[[50.7562,15.079],[50.7573,15.0873],[50.7684,15.1048],[50.765,15.1147],[50.7502,15.1353],[50.7452,15.1443],[50.7276,15.1628],[50.7261,15.1727],[50.7308,15.1818],[50.7321,15.1919],[50.7169,15.2062],[50.7131,15.2154],[50.7,15.2244],[50.6998,15.2385],[50.6958,15.2479],[50.6969,15.2631],[50.6929,15.2725],[50.6808,15.2818],[50.6813,15.2916],[50.6669,15.3123],[50.6598,15.3254],[50.6569,15.3351],[50.6532,15.3381],[50.6439,15.3342],[50.63,15.3402],[50.6153,15.336],[50.6066,15.3301],[50.5937,15.3381],[50.5876,15.3379],[50.5795,15.3324],[50.5749,15.3348],[50.5732,15.3444],[50.5588,15.3434],[50.5538,15.3528],[50.5428,15.3625],[50.5324,15.3627],[50.5182,15.3683],[50.5081,15.3676],[50.4932,15.3624],[50.4627,15.357],[50.4479,15.359],[50.4377,15.356],[50.4262,15.3457],[50.3946,15.3406],[50.3745,15.3417],[50.3542,15.3372],[50.334,15.3342],[50.3029,15.3345],[50.2724,15.3324],[50.2529,15.3369],[50.2402,15.3461],[50.2238,15.3547],[50.2158,15.3607],[50.2062,15.3619],[50.1987,15.3684],[50.1848,15.39],[50.1846,15.4006],[50.1888,15.4203],[50.1844,15.4299],[50.2043,15.4476],[50.2205,15.4601],[50.2305,15.4716],[50.2365,15.4918],[50.2362,15.5019],[50.2421,15.5093],[50.2516,15.5056],[50.2565,15.5073],[50.2667,15.5182],[50.2702,15.5334],[50.2707,15.5439],[50.2682,15.5536],[50.2725,15.5693],[50.2716,15.575],[50.2634,15.5819],[50.27,15.5891],[50.25,15.5936],[50.2347,15.5956],[50.2073,15.6117],[50.1917,15.6111],[50.1711,15.6075],[50.161,15.6084],[50.1418,15.6151],[50.131,15.627],[50.126,15.6406],[50.1172,15.6531],[50.1169,15.6676],[50.121,15.6764],[50.131,15.688],[50.1297,15.699],[50.1337,15.7132],[50.128,15.7273],[50.14,15.7485],[50.1499,15.75],[50.1557,15.7633],[50.1562,15.7844],[50.1416,15.8047],[50.1382,15.8141],[50.1418,15.8409],[50.1491,15.8606],[50.163,15.866],[50.1668,15.8702],[50.1646,15.8794],[50.157,15.886],[50.163,15.895],[50.1508,15.9106],[50.1504,15.9156],[50.1602,15.9265],[50.1841,15.9381],[50.1899,15.9466],[50.1979,15.9529],[50.2045,15.9621],[50.2048,15.9828],[50.2203,16.0038],[50.227,16.0285],[50.2504,16.0578],[50.2574,16.065],[50.2629,16.0786],[50.2571,16.0867],[50.2438,16.0938],[50.2279,16.1211],[50.2142,16.1268],[50.2075,16.1344],[50.1936,16.1423],[50.1583,16.1546],[50.1588,16.1677],[50.1641,16.1817],[50.1656,16.2179],[50.1701,16.2331],[50.1932,16.2542],[50.1994,16.2685],[50.1991,16.2891],[50.2106,16.312],[50.2129,16.3434],[50.213,16.3643],[50.2149,16.3743],[50.2385,16.4098],[50.2382,16.43],[50.2439,16.4442],[50.2492,16.4525],[50.2508,16.4729],[50.2597,16.4865],[50.2586,16.5056],[50.2704,16.5154],[50.2612,16.5205],[50.257,16.5295],[50.2446,16.5382],[50.2356,16.5421],[50.2202,16.5457],[50.2161,16.5486],[50.2169,16.5582],[50.2343,16.5779],[50.239,16.5932],[50.2599,16.6094],[50.2562,16.6182],[50.2471,16.6233],[50.244,16.6327],[50.2256,16.6427],[50.2191,16.6502],[50.2188,16.66],[50.2276,16.6639],[50.2648,16.6636],[50.2804,16.6655],[50.3229,16.6666],[50.366,16.6731],[50.3805,16.6767],[50.4121,16.6764],[50.4173,16.6755],[50.4655,16.6725],[50.4888,16.6685],[50.5037,16.6686],[50.518,16.6741],[50.5311,16.6831],[50.56,16.7085],[50.5817,16.726],[50.5895,16.7336],[50.602,16.752],[50.6163,16.7763],[50.63,16.8099],[50.6333,16.8463],[50.6378,16.8619],[50.6485,16.8726],[50.6836,16.8787],[50.7157,16.8777],[50.739,16.8738],[50.7552,16.8738],[50.7661,16.872],[50.8102,16.8717],[50.8377,16.8748],[50.8533,16.8756],[50.8678,16.8824],[50.8966,16.8901],[50.9501,16.9131],[50.9798,16.9363],[50.9985,16.9556],[51.0241,16.9763],[51.0375,16.9849],[51.0674,17.0013],[51.0846,17.016],[51.1102,17.0255],[51.1263,17.0351],[51.1301,17.0623],[51.1328,17.097],[51.1408,17.1481],[51.1465,17.1718],[51.1655,17.234],[51.1926,17.2952],[51.2057,17.3209],[51.2258,17.3503],[51.2359,17.3618],[51.2604,17.3996],[51.2794,17.4395],[51.2894,17.4573],[51.3023,17.5001],[51.319,17.5385],[51.3284,17.5671],[51.3556,17.6257],[51.3733,17.6616],[51.3872,17.6881],[51.3989,17.7163],[51.4103,17.749],[51.4216,17.7786],[51.4328,17.8289],[51.4362,17.8715],[51.4424,17.9246],[51.4455,17.9678],[51.4499,18.0561],[51.452,18.1338],[51.4529,18.2264],[51.4535,18.2373],[51.4589,18.2698],[51.4737,18.3188],[51.4913,18.3735],[51.5214,18.4373],[51.5263,18.4561],[51.5324,18.4963],[51.5315,18.5172],[51.5282,18.5279],[51.5277,18.5396],[51.5239,18.562],[51.5241,18.5722],[51.5278,18.5874],[51.5369,18.6048],[51.5547,18.6336],[51.5732,18.6664],[51.612,18.7157],[51.6553,18.7615],[51.7228,18.8209],[51.8022,18.8787],[51.863,18.9195],[51.928,18.9626],[51.968,18.9862],[52,19],[51.8161,18.9686],[51.5759,18.9274],[51.3912,18.8954],[51.2641,18.8733],[51.1254,18.8491],[51.0187,18.8304],[50.8891,18.8076],[50.7833,18.7889],[50.6507,18.7757],[50.4608,18.7567],[50.344,18.745],[50.1912,18.7294],[50.0912,18.7192],[49.9501,18.7047],[49.8215,18.6913],[49.6066,18.6689],[49.4118,18.6483],[49.3043,18.6368],[49.1167,18.6167],[48.9762,18.5494],[48.8556,18.4915],[48.6728,18.4035],[48.5562,18.3473],[48.4609,18.3012],[48.2802,18.2137],[48.1833,18.1667],[48.0533,18.0076],[47.9722,17.9081],[47.8416,17.7477],[47.6969,17.5696],[47.6,17.45],[47.5523,17.331],[47.5047,17.2119],[47.4667,17.1167],[47.3047,17.0215],[47.1833,16.95],[47.0024,16.95],[47.0026,16.8299],[47.0036,16.8299],[47.0031,16.7407],[47.0026,16.5606],[47.0022,16.3706],[46.841,16.1954],[46.8108,16.1619],[46.6181,15.9652],[46.4721,15.7973],[46.3676,15.678],[46.3072,15.6062],[46.3888,15.6118],[46.5842,15.6385],[46.7992,15.6587],[46.921,15.6702],[47.3589,15.693],[47.4136,15.6982],[47.6083,15.7233],[47.8375,15.7233],[47.8462,15.7226],[47.8469,15.715],[47.8438,15.6906],[47.8363,15.6756],[47.8337,15.644],[47.829,15.6279],[47.8156,15.6082],[47.7943,15.5838],[47.7906,15.5763],[47.7788,15.5651],[47.7645,15.5582],[47.7536,15.5465],[47.7385,15.4993],[47.7223,15.4707],[47.7038,15.4422],[47.6929,15.4301],[47.6793,15.419],[47.6375,15.3918],[47.6309,15.3866],[47.6218,15.3734],[47.6204,15.3658],[47.6193,15.3406],[47.6146,15.3006],[47.6146,15.2926],[47.626,15.2813],[47.6173,15.2681],[47.6055,15.2569],[47.6037,15.2414],[47.599,15.226],[47.5859,15.2046],[47.5821,15.1892],[47.5822,15.1813],[47.5764,15.1653],[47.5764,15.1537],[47.5839,15.134],[47.594,15.1228],[47.6186,15.0999],[47.6284,15.0874],[47.6473,15.0722],[47.6587,15.0603],[47.6624,15.0532],[47.6611,15.0377],[47.6561,15.0225],[47.6473,15.0093],[47.6346,14.9992],[47.6198,14.9896],[47.6124,14.9828],[47.573,14.9549],[47.5369,14.9366],[47.5318,14.9277],[47.5267,14.9102],[47.5203,14.901],[47.5045,14.8891],[47.4766,14.8788],[47.4598,14.8711],[47.4436,14.8608],[47.4336,14.8479],[47.4262,14.8336],[47.4235,14.8248],[47.4248,14.8182],[47.4344,14.8084],[47.4612,14.8017],[47.4773,14.804],[47.5075,14.7907],[47.5548,14.7728],[47.5656,14.7614],[47.572,14.7464],[47.5727,14.73],[47.5795,14.7068],[47.5881,14.6933],[47.6085,14.6799],[47.6279,14.6653],[47.6612,14.6422],[47.6697,14.6418],[47.6859,14.6444],[47.694,14.6418],[47.7106,14.6248],[47.7177,14.6212],[47.7348,14.6177],[47.7631,14.6005],[47.7789,14.5959],[47.8044,14.5932],[47.8364,14.586],[47.8531,14.5851],[47.885,14.5755],[47.9013,14.5726],[47.9173,14.5736],[47.9413,14.5851],[47.9741,14.5826],[47.9821,14.581],[47.9877,14.5752],[47.9957,14.5725],[48.0116,14.5741],[48.0183,14.5697],[48.0355,14.5431],[48.046,14.5311],[48.0531,14.5168],[48.0592,14.5118],[48.0622,14.5038],[48.0642,14.4878],[48.0644,14.472],[48.0664,14.4641],[48.0823,14.4461],[48.0946,14.4346],[48.1086,14.4148],[48.1131,14.3991],[48.1309,14.3828],[48.1414,14.3707],[48.1464,14.3555],[48.1543,14.3541],[48.162,14.3562],[48.1703,14.3547],[48.2188,14.325],[48.2188,14.3172],[48.2242,14.3114],[48.2321,14.3097],[48.2481,14.3116],[48.2554,14.3152],[48.2633,14.3148],[48.2938,14.3038],[48.3247,14.317],[48.3495,14.3158],[48.3575,14.3143],[48.3735,14.3172],[48.3897,14.3184],[48.4056,14.3153],[48.4115,14.3101],[48.4258,14.3023],[48.443,14.3046],[48.4509,14.3028],[48.4875,14.2842],[48.5041,14.2806],[48.5299,14.2586],[48.5379,14.256],[48.5436,14.2505],[48.5505,14.2547],[48.5584,14.2542],[48.5636,14.2482],[48.5652,14.2402],[48.5747,14.2271],[48.5743,14.2116],[48.5788,14.205],[48.5867,14.2039],[48.6064,14.1777],[48.6085,14.1702],[48.6054,14.1626],[48.5947,14.1499],[48.5948,14.1417],[48.6063,14.1307],[48.6206,14.1227],[48.6252,14.1161],[48.6366,14.0943],[48.6389,14.0784],[48.6431,14.0628],[48.6407,14.0552],[48.6284,14.0468],[48.67,14.0446],[48.6831,14.045],[48.6973,14.0519],[48.7138,14.0657],[48.7288,14.0802],[48.7471,14.1064],[48.7569,14.1181],[48.7782,14.1325],[48.7945,14.1363],[48.8067,14.1541],[48.828,14.1663],[48.8379,14.1807],[48.8497,14.1944],[48.8519,14.2004],[48.8627,14.2144],[48.8664,14.2164],[48.8624,14.2271],[48.8629,14.2373],[48.8695,14.2453],[48.8781,14.2501],[48.8892,14.2521],[48.9178,14.2638],[48.9243,14.2714],[48.9283,14.2863],[48.9343,14.2977],[48.9493,14.3087],[48.9564,14.3106],[48.9674,14.309],[48.9826,14.3134],[48.9956,14.3261],[48.9965,14.3365],[48.9941,14.3448],[48.9831,14.3502],[48.9822,14.3576],[48.9889,14.3706],[48.9883,14.3778],[48.997,14.3922],[49.003,14.4099],[49.0144,14.4249],[49.0153,14.4327],[49.0289,14.453],[49.0453,14.4718],[49.0633,14.4949],[49.0793,14.5103],[49.0915,14.5201],[49.1059,14.5287],[49.1217,14.5275],[49.1247,14.5312],[49.1485,14.5256],[49.1495,14.5203],[49.1589,14.5108],[49.1695,14.5092],[49.1664,14.5202],[49.1683,14.5331],[49.177,14.5473],[49.2007,14.5603],[49.2184,14.5689],[49.2505,14.5897],[49.2971,14.6158],[49.3409,14.6385],[49.3594,14.6466],[49.4176,14.6656],[49.4496,14.6814],[49.4904,14.6954],[49.53,14.7188],[49.5601,14.7347],[49.5721,14.7385],[49.5925,14.7476],[49.6149,14.7538],[49.6275,14.7593],[49.6343,14.7601],[49.683,14.7733],[49.7062,14.7786],[49.711,14.7776],[49.7367,14.7814],[49.7874,14.7956],[49.8217,14.8089],[49.8304,14.8087],[49.8425,14.8134],[49.8498,14.814],[49.8638,14.8211],[49.9035,14.8386],[49.9171,14.8431],[49.9262,14.8481],[49.94,14.8512],[49.9497,14.8471],[49.9601,14.8462],[49.9711,14.8497],[49.9993,14.8531],[50.0119,14.8497],[50.0235,14.8335],[50.0257,14.8237],[50.0388,14.8234],[50.0553,14.8278],[50.0716,14.834],[50.0904,14.843],[50.1081,14.8499],[50.1378,14.8482],[50.1467,14.8422],[50.1632,14.842],[50.1783,14.8446],[50.182,14.8495],[50.1797,14.8575],[50.1949,14.8701],[50.2245,14.888],[50.2622,14.9084],[50.2953,14.9222],[50.317,14.9276],[50.3292,14.9196],[50.3395,14.9363],[50.3509,14.9476],[50.3704,14.9626],[50.3944,14.9797],[50.4143,14.9916],[50.4628,15.0166],[50.4751,15.0243],[50.4909,15.0268],[50.5146,15.0349],[50.5531,15.0457],[50.5602,15.0455],[50.6033,15.0552],[50.6391,15.0603],[50.6602,15.0622],[50.7012,15.0722],[50.7194,15.0703],[50.7562,15.079]]]},"properties":{"id":"YE19","ar":"حضرموت","en":"Hadramawt"}},{"type":"Feature","geometry":{"type":"MultiPolygon","coordinates":[[[[43.2347,16.6428],[43.2269,16.6417],[43.2236,16.6476],[43.2157,16.6501],[43.2062,16.6476],[43.1765,16.6597],[43.1661,16.6656],[43.1574,16.6666],[43.1516,16.6773],[43.1359,16.6627],[43.1408,16.655],[43.1463,16.6364],[43.1444,16.6286],[43.1393,16.622],[43.1422,16.6054],[43.1398,16.5966],[43.1295,16.5926],[43.131,16.5842],[43.1264,16.5747],[43.1207,16.5286],[43.0762,16.5284],[43.0672,16.5297],[43.0588,16.5252],[43.0215,16.5225],[42.9922,16.5217],[42.9835,16.5153],[42.975,16.5123],[42.9503,16.497],[42.9448,16.4898],[42.938,16.4507],[42.9465,16.4353],[42.9383,16.4087],[42.95,16.4076],[42.9498,16.3995],[42.9316,16.3988],[42.9233,16.3947],[42.8306,16.3795],[42.8274,16.3882],[42.8108,16.3954],[42.8037,16.4013],[42.7811,16.4044],[42.7719,16.4041],[42.7755,16.3913],[42.7739,16.3804],[42.7801,16.3694],[42.7894,16.3583],[42.7938,16.3564],[42.8008,16.3439],[42.7947,16.3381],[42.798,16.319],[42.7932,16.3065],[42.7972,16.2835],[42.8036,16.2695],[42.8098,16.2683],[42.8121,16.2611],[42.8038,16.2581],[42.8076,16.2438],[42.8021,16.2359],[42.8089,16.2233],[42.814,16.2213],[42.8104,16.2091],[42.8205,16.1982],[42.8244,16.1884],[42.8333,16.1913],[42.8311,16.181],[42.8214,16.1739],[42.8182,16.1547],[42.822,16.1408],[42.8213,16.1293],[42.8304,16.1095],[42.832,16.0969],[42.8263,16.0874],[42.8362,16.0736],[42.8372,16.061],[42.8447,16.0589],[42.8458,16.054],[42.8392,16.0442],[42.8338,16.0419],[42.8416,16.0313],[42.8412,16.0191],[42.8348,16.0058],[42.8275,16.0044],[42.8245,15.9907],[42.8333,15.9672],[42.8286,15.9618],[42.8285,15.9511],[42.8178,15.9284],[42.8194,15.9222],[42.8276,15.9244],[42.8308,15.9153],[42.8261,15.9082],[42.8192,15.905],[42.822,15.8931],[42.8179,15.887],[42.8148,15.8648],[42.8602,15.8388],[42.8719,15.8255],[42.8824,15.8192],[42.9278,15.8138],[42.9664,15.814],[43.02,15.8191],[43.0305,15.8209],[43.1027,15.8428],[43.1329,15.8566],[43.1566,15.8658],[43.1803,15.8734],[43.2042,15.8847],[43.2124,15.8852],[43.2281,15.8802],[43.2391,15.874],[43.2431,15.8692],[43.2429,15.8581],[43.2448,15.8401],[43.2444,15.8069],[43.2397,15.7666],[43.2355,15.7579],[43.2238,15.7433],[43.2139,15.7248],[43.2148,15.712],[43.2246,15.6986],[43.2309,15.6927],[43.2436,15.6879],[43.2438,15.6829],[43.2351,15.6684],[43.2225,15.6204],[43.2245,15.5902],[43.2279,15.5703],[43.2236,15.539],[43.2233,15.5133],[43.2249,15.5058],[43.245,15.5095],[43.2744,15.5228],[43.2896,15.5281],[43.3007,15.5295],[43.3235,15.5353],[43.3634,15.5364],[43.3784,15.5414],[43.4153,15.5477],[43.4456,15.5467],[43.4602,15.5589],[43.4715,15.5503],[43.499,15.5442],[43.5072,15.5515],[43.5361,15.5486],[43.541,15.546],[43.5543,15.5455],[43.5609,15.5414],[43.5716,15.5424],[43.5841,15.5382],[43.5888,15.5409],[43.6038,15.542],[43.6237,15.5313],[43.6293,15.5326],[43.6311,15.5385],[43.6478,15.5559],[43.6635,15.5835],[43.6462,15.5969],[43.6389,15.5989],[43.6359,15.6064],[43.637,15.6136],[43.645,15.6268],[43.6475,15.6423],[43.6525,15.6456],[43.6585,15.6577],[43.6671,15.6635],[43.6794,15.6672],[43.6926,15.6613],[43.7072,15.6574],[43.7122,15.6534],[43.7357,15.6527],[43.7355,15.6588],[43.7295,15.6939],[43.7276,15.7001],[43.7416,15.708],[43.7409,15.7265],[43.7375,15.7298],[43.7508,15.7359],[43.7355,15.7539],[43.7206,15.7523],[43.7114,15.753],[43.7159,15.7624],[43.7153,15.7711],[43.7076,15.7874],[43.7117,15.7945],[43.7063,15.8086],[43.7064,15.8158],[43.7179,15.8233],[43.7282,15.8353],[43.7289,15.8415],[43.719,15.8522],[43.7196,15.8611],[43.7147,15.8676],[43.7148,15.8884],[43.7042,15.9152],[43.7082,15.9341],[43.7043,15.9556],[43.6979,15.9681],[43.697,15.9781],[43.6757,15.9963],[43.673,16.0056],[43.664,16.0066],[43.661,16.0011],[43.6494,15.9921],[43.6408,15.9939],[43.6368,15.9905],[43.6265,15.974],[43.6023,15.9399],[43.5822,15.9307],[43.5798,15.9405],[43.5839,15.9467],[43.5813,15.9525],[43.5739,15.9501],[43.5732,15.9581],[43.5804,15.9605],[43.5906,15.9789],[43.6013,15.9849],[43.6111,15.9868],[43.628,16.0032],[43.6279,16.0091],[43.6217,16.0223],[43.6134,16.0275],[43.6047,16.0385],[43.601,16.0503],[43.5782,16.0917],[43.5727,16.1029],[43.5752,16.1104],[43.5641,16.1779],[43.5608,16.1928],[43.5392,16.1986],[43.5207,16.205],[43.516,16.2114],[43.5192,16.2164],[43.518,16.2254],[43.5201,16.2349],[43.5134,16.2434],[43.5167,16.2482],[43.5141,16.26],[43.5172,16.2694],[43.5241,16.2786],[43.5176,16.2878],[43.5211,16.293],[43.5275,16.2894],[43.5302,16.3044],[43.526,16.3103],[43.5175,16.3361],[43.5202,16.3571],[43.5096,16.3817],[43.5089,16.404],[43.5017,16.4192],[43.4961,16.6078],[43.4962,16.6127],[43.4739,16.6121],[43.4424,16.62],[43.4288,16.6189],[43.4157,16.6143],[43.4068,16.6043],[43.3421,16.598],[43.3309,16.6002],[43.3075,16.6122],[43.2739,16.6337],[43.2639,16.6363],[43.2455,16.6374],[43.2347,16.6428]]],[[[42.3401,16.3188],[42.3337,16.3144],[42.3287,16.317],[42.3213,16.3121],[42.3074,16.2974],[42.2956,16.2919],[42.2996,16.2832],[42.3193,16.2788],[42.3334,16.2791],[42.3423,16.2922],[42.3475,16.3039],[42.3401,16.3188]]],[[[42.4747,16.2887],[42.4698,16.2924],[42.4718,16.3051],[42.4657,16.3027],[42.4522,16.285],[42.4584,16.2817],[42.4668,16.266],[42.4727,16.2747],[42.4934,16.2738],[42.5055,16.2713],[42.5043,16.2807],[42.4992,16.28],[42.4918,16.2846],[42.4815,16.2853],[42.4747,16.2887]]],[[[42.3725,16.1791],[42.384,16.1869],[42.3874,16.1995],[42.3754,16.2096],[42.3751,16.2175],[42.3679,16.2157],[42.3602,16.1968],[42.3679,16.1816],[42.3725,16.1791]]],[[[42.2018,16.3205],[42.1924,16.3168],[42.1949,16.3064],[42.1926,16.2885],[42.1971,16.2836],[42.2121,16.292],[42.2068,16.3005],[42.2114,16.3093],[42.1962,16.3157],[42.2018,16.3205]]],[[[42.3614,16.2833],[42.3601,16.2786],[42.3499,16.27],[42.348,16.2651],[42.3538,16.2595],[42.3614,16.2619],[42.3656,16.2766],[42.3614,16.2833]]],[[[42.2665,16.3299],[42.2473,16.3189],[42.2378,16.311],[42.2353,16.3032],[42.2398,16.2977],[42.2469,16.2984],[42.2497,16.3114],[42.2565,16.3222],[42.2665,16.3299]]],[[[41.9686,16.3009],[41.9651,16.311],[41.9672,16.3171],[41.963,16.3238],[41.9575,16.3202],[41.9565,16.3132],[41.9587,16.2999],[41.9686,16.3009]]],[[[42.526,16.1652],[42.5161,16.1828],[42.511,16.1749],[42.5194,16.1647],[42.526,16.1652]]],[[[42.5556,16.1832],[42.5523,16.1925],[42.5463,16.1865],[42.5518,16.1766],[42.5556,16.1832]]],[[[42.4871,16.2635],[42.489,16.2588],[42.5014,16.2547],[42.503,16.2576],[42.4871,16.2635]]],[[[42.4201,16.1055],[42.4169,16.1066],[42.4066,16.1],[42.4139,16.0967],[42.4201,16.1055]]],[[[42.3039,16.3808],[42.2902,16.3796],[42.2915,16.3745],[42.3039,16.3808]]],[[[42.4243,16.3756],[42.418,16.3784],[42.4145,16.3721],[42.4229,16.37],[42.4243,16.3756]]]]},"properties":{"id":"YE17","ar":"حجة","en":"Hajjah"}},{"type":"Feature","geometry":{"type":"Polygon","coordinates":[[[44.5881,14.2937],[44.5856,14.2927],[44.5679,14.2694],[44.5558,14.2739],[44.5483,14.2917],[44.5401,14.2961],[44.511,14.3005],[44.4974,14.3005],[44.4881,14.2981],[44.469,14.3081],[44.4506,14.3289],[44.4447,14.3412],[44.4356,14.3488],[44.4174,14.3538],[44.4045,14.3518],[44.3905,14.3458],[44.3751,14.3485],[44.3656,14.3638],[44.35,14.3763],[44.3357,14.3788],[44.3163,14.3775],[44.3003,14.3749],[44.2959,14.3759],[44.2817,14.3912],[44.2748,14.4116],[44.2538,14.418],[44.2427,14.4276],[44.2413,14.4332],[44.2344,14.4416],[44.2102,14.4513],[44.1946,14.4593],[44.1887,14.4269],[44.1875,14.4084],[44.1842,14.4012],[44.1715,14.3866],[44.1568,14.3829],[44.145,14.3761],[44.1194,14.3693],[44.1038,14.3688],[44.0951,14.3641],[44.086,14.3642],[44.0869,14.3718],[44.0808,14.3897],[44.0782,14.4113],[44.0801,14.43],[44.0757,14.4605],[44.0699,14.4617],[44.063,14.4545],[44.0484,14.4471],[44.0436,14.4399],[44.019,14.4139],[44.0187,14.4031],[44.0139,14.3968],[44.0043,14.3938],[43.9949,14.381],[43.9839,14.3808],[43.9701,14.3712],[43.9682,14.3554],[43.9692,14.3461],[43.9652,14.3441],[43.9551,14.3596],[43.946,14.3608],[43.9355,14.358],[43.9263,14.3468],[43.918,14.3494],[43.911,14.3431],[43.9104,14.3378],[43.9187,14.322],[43.9271,14.3161],[43.9299,14.3097],[43.9316,14.2879],[43.9367,14.282],[43.9293,14.269],[43.922,14.2488],[43.9133,14.2349],[43.9045,14.2267],[43.8819,14.2218],[43.8612,14.2021],[43.8429,14.1946],[43.8297,14.1861],[43.8257,14.2001],[43.8267,14.2105],[43.83,14.2201],[43.845,14.2434],[43.8432,14.251],[43.8221,14.2572],[43.819,14.2494],[43.8259,14.2462],[43.8248,14.2381],[43.8199,14.2341],[43.8042,14.2286],[43.8008,14.2228],[43.7893,14.1934],[43.787,14.1833],[43.7857,14.1622],[43.7786,14.1395],[43.7615,14.1154],[43.7507,14.105],[43.757,14.0925],[43.7741,14.0703],[43.777,14.0572],[43.7687,14.0481],[43.7537,14.0503],[43.7449,14.0429],[43.736,14.0309],[43.7317,14.0209],[43.7261,13.9961],[43.7226,13.9747],[43.7142,13.9691],[43.7118,13.9596],[43.705,13.9585],[43.7071,13.9742],[43.7012,13.9852],[43.6918,13.993],[43.6871,14.0032],[43.6788,14.0055],[43.6697,14.0039],[43.6608,13.9986],[43.6526,13.9804],[43.6517,13.9677],[43.6709,13.9425],[43.6825,13.9339],[43.7062,13.9295],[43.7102,13.9226],[43.7104,13.9093],[43.7002,13.9069],[43.6887,13.9104],[43.6859,13.9149],[43.668,13.9198],[43.6545,13.9103],[43.6548,13.9014],[43.6625,13.8744],[43.6649,13.8625],[43.6703,13.8564],[43.6802,13.8532],[43.6995,13.8532],[43.7174,13.8471],[43.7395,13.8522],[43.7486,13.863],[43.7523,13.8798],[43.7568,13.8822],[43.765,13.8784],[43.7828,13.8611],[43.7859,13.8495],[43.7942,13.8544],[43.7952,13.8698],[43.8247,13.8766],[43.8352,13.8817],[43.8386,13.8898],[43.8502,13.8889],[43.8641,13.8908],[43.8694,13.8798],[43.8626,13.8726],[43.8666,13.8635],[43.8607,13.8575],[43.8603,13.8461],[43.8489,13.8427],[43.8475,13.8384],[43.8584,13.8202],[43.8605,13.8197],[43.8756,13.8353],[43.8825,13.8385],[43.8903,13.846],[43.8903,13.8535],[43.9055,13.8571],[43.9071,13.8664],[43.915,13.871],[43.9281,13.8679],[43.9354,13.8581],[43.938,13.8471],[43.9356,13.8246],[43.9264,13.8188],[43.9155,13.8232],[43.9068,13.822],[43.9088,13.815],[43.9087,13.801],[43.9106,13.7957],[43.9378,13.7918],[43.9616,13.7954],[43.9726,13.7899],[43.9822,13.8001],[44.0004,13.7854],[44.0108,13.7797],[44.0263,13.7755],[44.0386,13.7694],[44.0581,13.7672],[44.0773,13.771],[44.0801,13.7811],[44.0891,13.7827],[44.0922,13.7745],[44.0989,13.7672],[44.1182,13.7549],[44.1257,13.747],[44.1409,13.7466],[44.1474,13.7493],[44.1707,13.7492],[44.1825,13.7341],[44.1918,13.7291],[44.1978,13.7176],[44.2111,13.7219],[44.2231,13.7343],[44.244,13.7411],[44.2594,13.7324],[44.2661,13.7161],[44.279,13.708],[44.2991,13.7053],[44.3229,13.7063],[44.3298,13.7125],[44.3527,13.7374],[44.3695,13.7603],[44.3704,13.769],[44.3723,13.7771],[44.3797,13.786],[44.3804,13.7945],[44.3739,13.7941],[44.3667,13.8009],[44.3665,13.8089],[44.3737,13.8304],[44.3838,13.8328],[44.4035,13.8256],[44.4084,13.8278],[44.4093,13.8376],[44.4041,13.8471],[44.4067,13.8597],[44.4147,13.8637],[44.4297,13.8843],[44.4372,13.887],[44.4449,13.8862],[44.4738,13.8924],[44.4738,13.9004],[44.4602,13.9144],[44.459,13.9233],[44.4531,13.9286],[44.4467,13.9418],[44.4495,13.9483],[44.461,13.961],[44.4793,13.9691],[44.4972,13.9819],[44.5116,13.9857],[44.5263,13.9854],[44.5413,13.9923],[44.5525,13.9905],[44.5631,13.9846],[44.5748,13.9877],[44.5893,13.9846],[44.5963,13.99],[44.6081,14.0036],[44.6121,14.0177],[44.5868,14.0223],[44.5693,14.023],[44.5591,14.027],[44.5553,14.0336],[44.5534,14.0547],[44.5594,14.0703],[44.5718,14.0734],[44.5841,14.0811],[44.5932,14.0808],[44.597,14.0842],[44.6092,14.1019],[44.6055,14.114],[44.5939,14.1253],[44.5948,14.1364],[44.6223,14.1331],[44.6436,14.1202],[44.6598,14.1224],[44.6597,14.1283],[44.6685,14.1393],[44.6689,14.1522],[44.6734,14.1765],[44.661,14.1828],[44.6395,14.1898],[44.6292,14.1969],[44.6182,14.2009],[44.6173,14.2211],[44.6148,14.2386],[44.6175,14.2555],[44.6294,14.2675],[44.6343,14.2817],[44.6329,14.2905],[44.6202,14.2945],[44.5881,14.2937]]]},"properties":{"id":"YE11","ar":"إب","en":"Ibb"}},{"type":"Feature","geometry":{"type":"Polygon","coordinates":[[[45.3813,13.9113],[45.3763,13.9294],[45.3789,13.9509],[45.3832,13.9716],[45.3829,13.9933],[45.3806,14.0075],[45.3713,14.027],[45.3701,14.0341],[45.3728,14.0479],[45.3689,14.0538],[45.3554,14.0579],[45.3342,14.0533],[45.317,14.0411],[45.3008,14.0327],[45.2855,14.0226],[45.2604,13.995],[45.2492,13.989],[45.2336,13.9832],[45.2138,13.9811],[45.1925,13.9732],[45.1843,13.973],[45.1804,13.9778],[45.1634,13.9817],[45.1559,13.977],[45.1516,13.9802],[45.1465,13.9811],[45.1321,13.9735],[45.1338,13.9663],[45.1306,13.9558],[45.1285,13.9317],[45.1218,13.9075],[45.1242,13.902],[45.1157,13.8967],[45.109,13.8832],[45.1026,13.8752],[45.1026,13.864],[45.0987,13.858],[45.0932,13.842],[45.0874,13.8304],[45.0822,13.8269],[45.0798,13.8143],[45.0739,13.8093],[45.0535,13.8079],[45.0446,13.8037],[45.0171,13.7983],[44.9945,13.792],[44.9785,13.7749],[44.9604,13.7678],[44.9564,13.7563],[44.9467,13.7457],[44.9357,13.741],[44.9193,13.7438],[44.8891,13.7307],[44.8838,13.718],[44.8723,13.7116],[44.8596,13.7151],[44.8528,13.7231],[44.838,13.7343],[44.8249,13.737],[44.8135,13.7339],[44.8067,13.7294],[44.8099,13.7132],[44.8168,13.7057],[44.8214,13.6957],[44.821,13.6855],[44.8244,13.65],[44.8338,13.6213],[44.8348,13.598],[44.8283,13.589],[44.8226,13.586],[44.8049,13.5849],[44.8012,13.5869],[44.7586,13.5987],[44.7491,13.5974],[44.7453,13.5844],[44.7312,13.5755],[44.7133,13.5743],[44.7077,13.5759],[44.6962,13.5739],[44.6879,13.5693],[44.663,13.5665],[44.6517,13.5563],[44.628,13.5454],[44.6038,13.5449],[44.5843,13.5513],[44.5572,13.5667],[44.5506,13.5739],[44.5453,13.5837],[44.5118,13.5879],[44.5092,13.5692],[44.5051,13.5619],[44.4907,13.5503],[44.4775,13.5506],[44.4703,13.5435],[44.471,13.535],[44.4659,13.5295],[44.4512,13.526],[44.4273,13.5265],[44.4233,13.5222],[44.4256,13.5047],[44.4162,13.4959],[44.4009,13.497],[44.3819,13.4941],[44.3765,13.4827],[44.3642,13.485],[44.3585,13.4777],[44.3446,13.4803],[44.3369,13.4766],[44.336,13.4649],[44.331,13.4523],[44.3413,13.4399],[44.3472,13.4392],[44.3614,13.4435],[44.3745,13.444],[44.4114,13.4225],[44.4312,13.4004],[44.4375,13.3792],[44.4276,13.3735],[44.4106,13.38],[44.3763,13.3813],[44.3663,13.3846],[44.3492,13.3855],[44.3333,13.3835],[44.3245,13.3735],[44.3104,13.3677],[44.2929,13.3676],[44.2942,13.357],[44.3007,13.3565],[44.3058,13.3634],[44.3185,13.36],[44.3223,13.3551],[44.3292,13.3541],[44.3378,13.3439],[44.3378,13.3378],[44.3281,13.3163],[44.3259,13.3027],[44.3412,13.2677],[44.3361,13.2525],[44.3369,13.2398],[44.3337,13.2344],[44.3127,13.2232],[44.3071,13.2125],[44.2923,13.2098],[44.2785,13.2039],[44.2711,13.2148],[44.2307,13.2163],[44.2151,13.2146],[44.2093,13.2171],[44.1838,13.2201],[44.1802,13.227],[44.1838,13.2421],[44.1711,13.2511],[44.1649,13.2422],[44.1676,13.2363],[44.1656,13.2232],[44.1724,13.21],[44.172,13.2045],[44.138,13.2029],[44.1292,13.195],[44.139,13.1784],[44.1504,13.1659],[44.1559,13.1566],[44.1551,13.1515],[44.1025,13.1533],[44.0945,13.1612],[44.0846,13.1522],[44.0818,13.1306],[44.0824,13.1157],[44.0854,13.1044],[44.0823,13.0948],[44.078,13.0906],[44.0628,13.0892],[44.0506,13.0901],[44.0398,13.0955],[44.0252,13.107],[44.0095,13.1263],[43.9997,13.1325],[43.9891,13.1038],[44.0096,13.0878],[44.008,13.0784],[44.0014,13.0714],[43.9735,13.0519],[43.9459,13.0658],[43.9357,13.088],[43.9255,13.0877],[43.9094,13.0971],[43.8939,13.1011],[43.8848,13.0978],[43.8778,13.1033],[43.865,13.1194],[43.8393,13.1206],[43.8229,13.1118],[43.8101,13.1128],[43.8016,13.1067],[43.7898,13.0931],[43.7658,13.0803],[43.7661,13.0766],[43.7545,13.0689],[43.7397,13.0709],[43.7362,13.0756],[43.7161,13.0748],[43.7019,13.0654],[43.6989,13.061],[43.7017,13.037],[43.7068,13.0321],[43.7199,13.0279],[43.7288,13.0142],[43.7315,13.0017],[43.7306,12.9863],[43.7112,12.9708],[43.7098,12.9501],[43.6486,12.9359],[43.6442,12.9321],[43.5659,12.7963],[43.5138,12.706],[43.526,12.6984],[43.5175,12.6862],[43.5261,12.6826],[43.5442,12.7066],[43.5575,12.7225],[43.5737,12.7373],[43.587,12.7452],[43.5975,12.7488],[43.6227,12.7392],[43.6295,12.7344],[43.6391,12.7348],[43.6514,12.7296],[43.6543,12.7262],[43.6702,12.7264],[43.6785,12.7238],[43.6892,12.7238],[43.6966,12.7173],[43.7089,12.7134],[43.7203,12.7126],[43.7465,12.7037],[43.753,12.6969],[43.7683,12.693],[43.7731,12.6894],[43.7892,12.6928],[43.8007,12.6892],[43.8177,12.6781],[43.8355,12.6704],[43.849,12.6596],[43.8553,12.6602],[43.8661,12.6559],[43.8713,12.6569],[43.8854,12.6508],[43.9065,12.6449],[43.9135,12.6375],[43.916,12.6218],[43.915,12.6087],[43.9265,12.5997],[43.9458,12.5937],[43.9555,12.5964],[43.9613,12.594],[43.9737,12.5955],[43.9868,12.6031],[44.0075,12.6012],[44.0149,12.6039],[44.0298,12.604],[44.0354,12.6064],[44.0454,12.6028],[44.0741,12.6177],[44.0794,12.6176],[44.0979,12.6237],[44.1031,12.6285],[44.1231,12.6404],[44.1338,12.6481],[44.1382,12.6477],[44.1549,12.6559],[44.1661,12.6504],[44.1827,12.6465],[44.1893,12.6392],[44.1902,12.6264],[44.1878,12.62],[44.1695,12.6172],[44.1599,12.6228],[44.146,12.6256],[44.143,12.6312],[44.1293,12.6365],[44.1286,12.6317],[44.1423,12.6232],[44.1688,12.6163],[44.1882,12.6183],[44.2113,12.6299],[44.2239,12.6339],[44.2368,12.6325],[44.2509,12.6255],[44.2724,12.6304],[44.2837,12.6278],[44.3044,12.6397],[44.3192,12.6458],[44.3534,12.6653],[44.3647,12.6706],[44.4002,12.6809],[44.4056,12.6813],[44.4475,12.7888],[44.4837,12.8504],[44.6731,12.8685],[44.8279,12.8833],[44.8838,12.9169],[44.9459,12.9459],[44.9628,12.9511],[45.0836,12.9389],[45.0956,12.9363],[45.0952,12.9564],[45.1021,13.0886],[45.1071,13.1844],[45.1102,13.1992],[45.1284,13.2268],[45.1556,13.2564],[45.1677,13.2758],[45.1711,13.2873],[45.1708,13.3076],[45.1572,13.33],[45.1467,13.3427],[45.1442,13.3551],[45.1438,13.3897],[45.2331,13.3796],[45.2546,13.3805],[45.2584,13.3857],[45.2538,13.3911],[45.2476,13.4041],[45.241,13.4072],[45.2419,13.4162],[45.2334,13.4174],[45.2294,13.4233],[45.2292,13.4353],[45.2231,13.4364],[45.2121,13.4322],[45.1822,13.4505],[45.1849,13.457],[45.1782,13.4768],[45.1826,13.4822],[45.1822,13.4892],[45.1766,13.4937],[45.1768,13.5006],[45.1714,13.5051],[45.1694,13.5259],[45.1977,13.5588],[45.2186,13.5788],[45.2354,13.5921],[45.2548,13.6026],[45.2645,13.6125],[45.2743,13.6315],[45.2837,13.6445],[45.2835,13.6481],[45.2666,13.6471],[45.2673,13.6554],[45.2577,13.659],[45.2433,13.6594],[45.2411,13.6639],[45.255,13.6734],[45.2516,13.6775],[45.2359,13.6726],[45.2243,13.6627],[45.2095,13.6537],[45.1945,13.6496],[45.1807,13.6496],[45.1729,13.6588],[45.1745,13.6728],[45.1728,13.6835],[45.1776,13.6886],[45.1904,13.692],[45.2186,13.7031],[45.229,13.7055],[45.243,13.7059],[45.2542,13.7147],[45.2554,13.7219],[45.251,13.7275],[45.2457,13.7407],[45.2462,13.7479],[45.2388,13.7597],[45.237,13.7665],[45.2428,13.7864],[45.2494,13.7991],[45.2558,13.8026],[45.2697,13.7981],[45.2915,13.7985],[45.2985,13.8004],[45.3105,13.8079],[45.3229,13.8122],[45.335,13.8116],[45.3429,13.8152],[45.3405,13.8296],[45.3288,13.8508],[45.3241,13.8621],[45.3251,13.8986],[45.3315,13.9198],[45.3446,13.9144],[45.3813,13.9113]]]},"properties":{"id":"YE25","ar":"لحج","en":"Lahj"}},{"type":"Feature","geometry":{"type":"Polygon","coordinates":[[[46.3072,15.6062],[46.3676,15.678],[46.4721,15.7973],[46.6181,15.9652],[46.8108,16.1619],[46.4459,16.1131],[46.29,16.0877],[46.0033,16.0401],[45.9551,16.0322],[45.8221,16.0118],[45.7845,16.0012],[45.7546,15.9904],[45.7103,15.9697],[45.6728,15.9487],[45.6336,15.9216],[45.5909,15.8798],[45.5661,15.8446],[45.5469,15.8155],[45.5342,15.799],[45.5157,15.7798],[45.4893,15.7577],[45.4811,15.7539],[45.2867,15.7533],[45.2513,15.7539],[45.0868,15.8632],[44.9046,15.9842],[44.8381,16.0288],[44.722,16.0287],[44.5928,16.0285],[44.575,16.0019],[44.6284,15.9891],[44.641,15.9775],[44.6452,15.9712],[44.6517,15.9483],[44.6723,15.8665],[44.6775,15.8162],[44.6854,15.7905],[44.729,15.6685],[44.7628,15.639],[44.7859,15.6292],[44.7925,15.6209],[44.7906,15.6153],[44.7541,15.5656],[44.7315,15.5472],[44.7118,15.5342],[44.698,15.5268],[44.6849,15.5233],[44.6445,15.4956],[44.599,15.4882],[44.5286,15.4729],[44.5304,15.462],[44.5405,15.4578],[44.543,15.4417],[44.5355,15.4384],[44.5366,15.4333],[44.5482,15.4202],[44.5554,15.4083],[44.562,15.4056],[44.5959,15.4059],[44.6129,15.4098],[44.6522,15.4295],[44.6608,15.431],[44.67,15.4293],[44.6807,15.4195],[44.6886,15.4025],[44.6946,15.3849],[44.6939,15.3512],[44.7057,15.3319],[44.7197,15.3235],[44.7454,15.3172],[44.7571,15.3215],[44.7795,15.3227],[44.7903,15.3272],[44.7984,15.3355],[44.8026,15.3449],[44.805,15.3672],[44.8058,15.3965],[44.8073,15.4153],[44.8365,15.4107],[44.8719,15.394],[44.9175,15.3573],[44.9348,15.3473],[44.9695,15.3357],[45.0345,15.315],[45.1059,15.2829],[45.1051,15.2664],[45.0942,15.2016],[45.0801,15.1222],[45.058,15.0948],[45.0443,15.0847],[45.0257,15.0796],[45.0197,15.0754],[45.0073,15.0533],[44.9789,15.0092],[44.9619,14.9898],[44.945,14.9643],[44.9368,14.946],[44.9368,14.9387],[44.946,14.8995],[44.9519,14.8636],[44.9579,14.839],[44.9625,14.8063],[44.97,14.8073],[45.0203,14.8208],[45.0312,14.8157],[45.0411,14.8178],[45.0598,14.8092],[45.0655,14.8039],[45.0742,14.7914],[45.0778,14.7816],[45.0729,14.7643],[45.0628,14.7495],[45.0615,14.7394],[45.0748,14.6919],[45.0904,14.6477],[45.0975,14.6418],[45.0963,14.6282],[45.1057,14.6039],[45.1088,14.5904],[45.1057,14.5825],[45.1031,14.5626],[45.1117,14.5423],[45.1184,14.5312],[45.1251,14.5141],[45.131,14.487],[45.1662,14.4998],[45.1869,14.5043],[45.1916,14.5211],[45.1954,14.5289],[45.2126,14.5501],[45.2381,14.5592],[45.2481,14.5603],[45.2569,14.5576],[45.2966,14.5346],[45.3159,14.5295],[45.3148,14.5548],[45.3093,14.5575],[45.2987,14.5566],[45.2823,14.5719],[45.2783,14.5797],[45.2802,14.5861],[45.2916,14.5888],[45.3179,14.5765],[45.3539,14.577],[45.3647,14.5781],[45.3733,14.5815],[45.3836,14.5965],[45.3991,14.6293],[45.4041,14.6347],[45.4168,14.6325],[45.4221,14.626],[45.4323,14.6079],[45.444,14.5996],[45.4676,14.5953],[45.4809,14.5971],[45.4887,14.6023],[45.4944,14.6115],[45.4951,14.6235],[45.4857,14.6327],[45.4721,14.6376],[45.4599,14.6454],[45.4527,14.6528],[45.4487,14.6616],[45.4499,14.6735],[45.4588,14.6806],[45.4676,14.692],[45.4715,14.6936],[45.4874,14.6835],[45.4824,14.6729],[45.4924,14.6576],[45.4986,14.6539],[45.5082,14.6564],[45.5235,14.6663],[45.5288,14.6806],[45.529,14.7008],[45.5251,14.7141],[45.5152,14.7192],[45.4875,14.7252],[45.48,14.7318],[45.4793,14.7492],[45.4836,14.8029],[45.4849,14.8407],[45.5043,14.8695],[45.5081,14.8855],[45.4998,14.892],[45.4999,14.8964],[45.5172,14.8986],[45.5149,14.9133],[45.5074,14.9285],[45.5094,14.9401],[45.518,14.9587],[45.5188,14.9767],[45.5252,14.9876],[45.5385,15.0011],[45.5462,15.0153],[45.5518,15.0371],[45.5622,15.0472],[45.566,15.0539],[45.5662,15.0615],[45.5764,15.0787],[45.5763,15.086],[45.5824,15.0935],[45.5874,15.1059],[45.5946,15.1141],[45.601,15.1279],[45.6845,15.1853],[45.7941,15.2602],[45.9878,15.3895],[46.164,15.5068],[46.2644,15.5734],[46.2979,15.5959],[46.3072,15.6062]]]},"properties":{"id":"YE26","ar":"مأرب","en":"Ma'rib"}},{"type":"Feature","geometry":{"type":"Polygon","coordinates":[[[43.7489,14.8555],[43.7421,14.8525],[43.7375,14.8561],[43.7291,14.8567],[43.7204,14.8532],[43.7134,14.8643],[43.7051,14.8728],[43.6794,14.8838],[43.6657,14.8959],[43.6586,14.9105],[43.6437,14.9261],[43.6303,14.9301],[43.6185,14.9316],[43.607,14.9356],[43.599,14.9414],[43.5846,14.9464],[43.57,14.9466],[43.5713,14.9321],[43.5672,14.9085],[43.5517,14.9003],[43.5421,14.8902],[43.5302,14.8842],[43.525,14.8856],[43.5113,14.8806],[43.5054,14.8761],[43.5005,14.8626],[43.5014,14.8457],[43.4967,14.8384],[43.4848,14.8322],[43.4793,14.8182],[43.4732,14.8119],[43.4819,14.7981],[43.491,14.7708],[43.497,14.7563],[43.5134,14.7314],[43.514,14.7212],[43.5085,14.7157],[43.4867,14.706],[43.4804,14.699],[43.477,14.686],[43.4777,14.6721],[43.4849,14.6545],[43.4837,14.6345],[43.48,14.6199],[43.4837,14.6112],[43.4932,14.5986],[43.5021,14.5935],[43.5093,14.5936],[43.5076,14.5781],[43.5109,14.5528],[43.5227,14.5204],[43.5301,14.4943],[43.5411,14.465],[43.548,14.4436],[43.5492,14.4212],[43.5339,14.3985],[43.5214,14.3884],[43.5164,14.3766],[43.5319,14.3745],[43.5452,14.3667],[43.5533,14.3657],[43.5567,14.369],[43.5704,14.3737],[43.5724,14.3814],[43.5774,14.3851],[43.5801,14.393],[43.5865,14.3938],[43.587,14.4003],[43.5969,14.4034],[43.6046,14.4013],[43.6143,14.4105],[43.6328,14.4206],[43.6383,14.4323],[43.6464,14.4414],[43.648,14.462],[43.6624,14.4696],[43.6839,14.4662],[43.6863,14.4695],[43.716,14.4702],[43.7204,14.4619],[43.7299,14.4507],[43.7371,14.4464],[43.7493,14.4514],[43.7574,14.4606],[43.7667,14.4543],[43.7805,14.4594],[43.7897,14.4604],[43.7898,14.47],[43.7967,14.4751],[43.8138,14.4794],[43.8242,14.4871],[43.8322,14.4881],[43.8383,14.4953],[43.8502,14.4974],[43.868,14.5118],[43.8748,14.5255],[43.8832,14.53],[43.895,14.5398],[43.9028,14.5499],[43.9066,14.5506],[43.9203,14.5744],[43.9301,14.5863],[43.9323,14.597],[43.9373,14.5989],[43.9412,14.6105],[43.9225,14.6187],[43.92,14.6247],[43.9012,14.6366],[43.8939,14.65],[43.8932,14.6568],[43.9034,14.669],[43.9024,14.6807],[43.891,14.6922],[43.879,14.7172],[43.8595,14.7296],[43.8357,14.7523],[43.8115,14.7599],[43.7987,14.7708],[43.7871,14.7892],[43.7692,14.8099],[43.7567,14.8329],[43.752,14.853],[43.7489,14.8555]]]},"properties":{"id":"YE31","ar":"ريمة","en":"Raymah"}},{"type":"Feature","geometry":{"type":"Polygon","coordinates":[[[44.9533,17.4335],[44.753,17.4335],[44.65,17.4333],[44.5667,17.4056],[44.4667,17.4333],[44.3661,17.4333],[44.2712,17.4221],[44.227,17.4179],[44.2083,17.4139],[44.1793,17.4138],[44.1381,17.4089],[44.1308,17.3836],[44.1108,17.3664],[44.1006,17.3661],[44.0667,17.4058],[44.0496,17.4049],[44.0233,17.3913],[44.0114,17.4025],[43.9667,17.3306],[43.9056,17.3417],[43.8319,17.3389],[43.8058,17.3566],[43.7889,17.375],[43.7678,17.3744],[43.6833,17.3667],[43.6178,17.4261],[43.5665,17.4834],[43.5272,17.5143],[43.5203,17.5091],[43.5062,17.524],[43.4957,17.5269],[43.4846,17.5451],[43.4645,17.5524],[43.4454,17.55],[43.4313,17.5639],[43.4196,17.5658],[43.3992,17.5566],[43.3794,17.5554],[43.3756,17.544],[43.3548,17.5564],[43.3359,17.5398],[43.3102,17.5277],[43.3027,17.5275],[43.2854,17.5173],[43.2604,17.4899],[43.2408,17.4805],[43.2565,17.4578],[43.2297,17.4321],[43.2471,17.4015],[43.2374,17.3912],[43.228,17.3855],[43.2588,17.3623],[43.2768,17.3582],[43.326,17.3284],[43.3365,17.304],[43.315,17.3043],[43.3024,17.2932],[43.2895,17.2901],[43.2672,17.2922],[43.2577,17.2818],[43.2456,17.2742],[43.2324,17.2689],[43.2241,17.2603],[43.2085,17.262],[43.202,17.2564],[43.2037,17.2495],[43.1988,17.2449],[43.2163,17.2104],[43.2103,17.2072],[43.1893,17.1889],[43.1808,17.1841],[43.1519,17.1747],[43.1591,17.1316],[43.1579,17.1045],[43.1602,17.087],[43.1853,17.0986],[43.2081,17.0783],[43.2272,17.0754],[43.2327,17.0586],[43.2397,17.0474],[43.2426,17.0335],[43.2398,17.0238],[43.2275,17.0207],[43.2254,17.0114],[43.2146,17.0219],[43.2073,17.021],[43.2027,17.0101],[43.191,17.0161],[43.1904,17.0248],[43.1792,17.0258],[43.18,17.009],[43.178,16.9937],[43.1849,16.9893],[43.1882,16.9811],[43.1774,16.9755],[43.1778,16.9681],[43.1865,16.9594],[43.1949,16.9555],[43.194,16.9447],[43.1755,16.9369],[43.1723,16.9314],[43.1599,16.9277],[43.1542,16.9289],[43.1443,16.9253],[43.1381,16.9176],[43.1379,16.9072],[43.1442,16.8887],[43.1505,16.8776],[43.1568,16.8766],[43.1717,16.8655],[43.18,16.8491],[43.202,16.8448],[43.2023,16.8497],[43.2213,16.8381],[43.2246,16.8233],[43.2326,16.8069],[43.2462,16.8078],[43.2616,16.8009],[43.2666,16.7949],[43.2625,16.787],[43.2574,16.7863],[43.2513,16.7691],[43.2568,16.7604],[43.2651,16.754],[43.2479,16.7438],[43.2329,16.7417],[43.2263,16.7459],[43.224,16.7372],[43.2305,16.7305],[43.2175,16.7186],[43.2117,16.7097],[43.2192,16.7001],[43.2276,16.7019],[43.2333,16.6851],[43.2364,16.667],[43.2347,16.6595],[43.2347,16.6428],[43.2455,16.6374],[43.2639,16.6363],[43.2739,16.6337],[43.3075,16.6122],[43.3309,16.6002],[43.3421,16.598],[43.4068,16.6043],[43.4157,16.6143],[43.4288,16.6189],[43.4424,16.62],[43.4739,16.6121],[43.4962,16.6127],[43.5,16.6124],[43.5286,16.6197],[43.6657,16.6515],[43.675,16.6583],[43.6878,16.6714],[43.6985,16.677],[43.7114,16.6871],[43.7353,16.6938],[43.7496,16.7001],[43.7717,16.6863],[43.787,16.6831],[43.7984,16.6885],[43.843,16.6708],[43.8524,16.6682],[43.8992,16.6501],[43.9259,16.6306],[43.9484,16.6204],[43.9822,16.6147],[44.0224,16.6161],[44.0526,16.6235],[44.0742,16.6361],[44.0886,16.6394],[44.1018,16.6447],[44.1211,16.7204],[44.121,16.7397],[44.1091,16.7625],[44.1476,16.7808],[44.1672,16.7937],[44.1845,16.7937],[44.2431,16.8051],[44.2505,16.8086],[44.2744,16.8448],[44.2798,16.8491],[44.2866,16.8636],[44.2875,16.8752],[44.2915,16.8814],[44.3041,16.8676],[44.3128,16.8662],[44.3173,16.8704],[44.3138,16.8877],[44.3166,16.8917],[44.3297,16.8919],[44.328,16.9016],[44.3289,16.912],[44.3378,16.9197],[44.3474,16.9169],[44.3574,16.931],[44.374,16.9468],[44.3776,16.955],[44.3775,16.9632],[44.3923,16.9854],[44.3994,17.002],[44.4043,17.0091],[44.4242,17.022],[44.4607,17.0423],[44.4786,17.0538],[44.4999,17.0596],[44.5194,17.0774],[44.5299,17.094],[44.5477,17.106],[44.5535,17.1077],[44.5847,17.1057],[44.6275,17.1052],[44.6464,17.1038],[44.7544,17.1026],[44.7812,17.0995],[44.7992,17.0952],[44.835,17.0718],[44.8455,17.0664],[44.8566,17.0634],[44.9085,17.0549],[44.9528,17.0527],[44.953,17.2333],[44.9533,17.4335]]]},"properties":{"id":"YE22","ar":"صعدة","en":"Sa'dah"}},{"type":"Feature","geometry":{"type":"Polygon","coordinates":[[[44.575,16.0019],[44.4267,16.0318],[44.3829,16.03],[44.3728,16.038],[44.3572,16.0468],[44.3471,16.0381],[44.3348,16.0374],[44.2994,16.0401],[44.2909,16.0373],[44.2813,16.031],[44.2702,16.0296],[44.2607,16.0207],[44.2506,16.0158],[44.2366,16.0134],[44.2309,15.9983],[44.2248,15.9911],[44.2151,15.9912],[44.2059,15.9978],[44.1892,15.9955],[44.1818,15.9925],[44.1692,15.992],[44.1601,15.9876],[44.1509,15.9875],[44.1584,15.9715],[44.1565,15.9511],[44.1515,15.9233],[44.1517,15.8966],[44.1556,15.87],[44.1692,15.852],[44.1812,15.8238],[44.1815,15.7967],[44.1803,15.7764],[44.1759,15.7641],[44.171,15.7572],[44.1488,15.7482],[44.1214,15.7454],[44.0937,15.7451],[44.1013,15.7334],[44.0961,15.7237],[44.0972,15.7163],[44.1075,15.6909],[44.1191,15.6553],[44.1182,15.633],[44.1132,15.614],[44.0949,15.6139],[44.0621,15.6159],[44.0553,15.61],[44.0476,15.5988],[44.044,15.5874],[44.0378,15.5828],[44.0296,15.5718],[44.0164,15.5711],[44.0028,15.5658],[43.983,15.5604],[43.964,15.5593],[43.9582,15.5608],[43.9393,15.5781],[43.9316,15.5716],[43.9192,15.5649],[43.9162,15.5402],[43.9418,15.5368],[43.9461,15.5341],[43.9427,15.5266],[43.9167,15.5164],[43.918,15.5131],[43.9137,15.4989],[43.9206,15.4889],[43.9213,15.4798],[43.91,15.4711],[43.9001,15.4678],[43.8991,15.4591],[43.9147,15.4331],[43.9141,15.4247],[43.9104,15.418],[43.9009,15.4148],[43.892,15.4083],[43.8733,15.4051],[43.8608,15.39],[43.8565,15.39],[43.8407,15.3739],[43.8268,15.3759],[43.8186,15.3734],[43.8054,15.3729],[43.805,15.3632],[43.8,15.3638],[43.7914,15.3543],[43.7861,15.353],[43.7781,15.3387],[43.7712,15.3319],[43.7595,15.3244],[43.7481,15.3258],[43.7461,15.3136],[43.7369,15.3078],[43.7347,15.2956],[43.7282,15.2937],[43.7261,15.2858],[43.7173,15.2784],[43.7112,15.2701],[43.7016,15.2783],[43.6916,15.2806],[43.6736,15.2764],[43.6677,15.2708],[43.6608,15.2735],[43.6445,15.2712],[43.6418,15.2646],[43.643,15.2554],[43.6304,15.2516],[43.6261,15.2443],[43.6186,15.243],[43.6057,15.2359],[43.5968,15.2381],[43.5923,15.2353],[43.5796,15.2352],[43.5785,15.2291],[43.5666,15.2228],[43.56,15.2147],[43.553,15.1993],[43.5491,15.1804],[43.55,15.1604],[43.5638,15.1206],[43.5625,15.1128],[43.5548,15.1092],[43.5512,15.0984],[43.5335,15.0909],[43.5286,15.084],[43.5288,15.0741],[43.5218,15.0545],[43.5122,15.0484],[43.5137,15.0361],[43.5195,15.0294],[43.5301,15.0229],[43.5434,15.0219],[43.568,15.0083],[43.5738,15.002],[43.5833,14.9983],[43.593,14.9916],[43.6197,14.9925],[43.6239,14.9955],[43.6307,15.0083],[43.6431,15.0078],[43.6435,14.9975],[43.6498,14.9885],[43.6601,14.9825],[43.6662,14.9723],[43.6577,14.9663],[43.6487,14.9434],[43.6508,14.9359],[43.6437,14.9261],[43.6586,14.9105],[43.6657,14.8959],[43.6794,14.8838],[43.7051,14.8728],[43.7134,14.8643],[43.7204,14.8532],[43.7291,14.8567],[43.7375,14.8561],[43.7421,14.8525],[43.7489,14.8555],[43.7577,14.8594],[43.7684,14.8683],[43.7796,14.8751],[43.7884,14.8742],[43.8019,14.8638],[43.8495,14.8543],[43.8609,14.8485],[43.8684,14.8482],[43.8884,14.8571],[43.8975,14.8577],[43.9091,14.8835],[43.9147,14.89],[43.9154,14.9022],[43.9301,14.9083],[43.9468,14.9093],[43.9521,14.9126],[43.9666,14.9283],[43.9773,14.9325],[43.9859,14.939],[43.9875,14.9443],[44.0121,14.9616],[44.0165,14.9688],[44.0226,14.9725],[44.0218,14.9794],[44.0321,14.9926],[44.0486,14.9989],[44.0925,14.999],[44.124,15.0026],[44.1341,15.0027],[44.1503,14.9992],[44.1765,14.9908],[44.1895,14.9848],[44.214,14.9625],[44.226,14.9275],[44.3506,14.9278],[44.355,14.9506],[44.3493,14.9584],[44.3445,14.9713],[44.3539,14.9856],[44.3706,14.9822],[44.3781,14.9698],[44.3915,14.9579],[44.4166,14.9466],[44.439,14.9352],[44.4603,14.9394],[44.5115,14.9546],[44.5355,14.9709],[44.5437,14.9813],[44.5748,14.9925],[44.6323,15.0123],[44.6809,15.0181],[44.697,15.0121],[44.7023,15.0021],[44.7028,14.9777],[44.7058,14.9301],[44.7143,14.8622],[44.7505,14.8577],[44.7645,14.8362],[44.7951,14.813],[44.815,14.7833],[44.8288,14.7605],[44.8862,14.7898],[44.9305,14.8022],[44.9625,14.8063],[44.9579,14.839],[44.9519,14.8636],[44.946,14.8995],[44.9368,14.9387],[44.9368,14.946],[44.945,14.9643],[44.9619,14.9898],[44.9789,15.0092],[45.0073,15.0533],[45.0197,15.0754],[45.0257,15.0796],[45.0443,15.0847],[45.058,15.0948],[45.0801,15.1222],[45.0942,15.2016],[45.1051,15.2664],[45.1059,15.2829],[45.0345,15.315],[44.9695,15.3357],[44.9348,15.3473],[44.9175,15.3573],[44.8719,15.394],[44.8365,15.4107],[44.8073,15.4153],[44.8058,15.3965],[44.805,15.3672],[44.8026,15.3449],[44.7984,15.3355],[44.7903,15.3272],[44.7795,15.3227],[44.7571,15.3215],[44.7454,15.3172],[44.7197,15.3235],[44.7057,15.3319],[44.6939,15.3512],[44.6946,15.3849],[44.6886,15.4025],[44.6807,15.4195],[44.67,15.4293],[44.6608,15.431],[44.6522,15.4295],[44.6129,15.4098],[44.5959,15.4059],[44.562,15.4056],[44.5554,15.4083],[44.5482,15.4202],[44.5366,15.4333],[44.5355,15.4384],[44.543,15.4417],[44.5405,15.4578],[44.5304,15.462],[44.5286,15.4729],[44.599,15.4882],[44.6445,15.4956],[44.6849,15.5233],[44.698,15.5268],[44.7118,15.5342],[44.7315,15.5472],[44.7541,15.5656],[44.7906,15.6153],[44.7925,15.6209],[44.7859,15.6292],[44.7628,15.639],[44.729,15.6685],[44.6854,15.7905],[44.6775,15.8162],[44.6723,15.8665],[44.6517,15.9483],[44.6452,15.9712],[44.641,15.9775],[44.6284,15.9891],[44.575,16.0019]],[[44.3061,15.6117],[44.3191,15.6117],[44.3338,15.607],[44.3509,15.5994],[44.3613,15.5886],[44.3681,15.5887],[44.3738,15.5787],[44.3969,15.564],[44.4126,15.5593],[44.4001,15.5392],[44.3874,15.5338],[44.3706,15.5342],[44.3602,15.5433],[44.3535,15.5456],[44.3418,15.5426],[44.3391,15.531],[44.3422,15.5226],[44.338,15.516],[44.3192,15.5184],[44.2985,15.5166],[44.2916,15.5037],[44.2951,15.4977],[44.2911,15.4884],[44.2755,15.4677],[44.2658,15.4526],[44.2595,15.4458],[44.2539,15.4331],[44.236,15.4065],[44.2426,15.3897],[44.2445,15.3755],[44.2472,15.3744],[44.2513,15.3614],[44.2605,15.3606],[44.2662,15.3287],[44.2725,15.3237],[44.282,15.3243],[44.2834,15.3084],[44.2793,15.2758],[44.2816,15.2535],[44.2695,15.2486],[44.2645,15.2365],[44.2555,15.2309],[44.2611,15.2256],[44.2493,15.2172],[44.248,15.2079],[44.2387,15.2063],[44.2389,15.2167],[44.2454,15.217],[44.249,15.2265],[44.2433,15.2436],[44.2323,15.258],[44.2185,15.2621],[44.2114,15.2703],[44.2016,15.2708],[44.1982,15.2805],[44.1897,15.2818],[44.183,15.2878],[44.1794,15.2831],[44.1699,15.2875],[44.1605,15.2873],[44.1538,15.2947],[44.1399,15.2953],[44.1396,15.3035],[44.1499,15.3055],[44.1508,15.3167],[44.1598,15.3164],[44.1669,15.3125],[44.176,15.325],[44.1765,15.3293],[44.1571,15.3404],[44.1491,15.3416],[44.1492,15.3729],[44.1446,15.3879],[44.1382,15.3928],[44.1151,15.3866],[44.1141,15.3943],[44.1079,15.3946],[44.1079,15.4055],[44.1199,15.4218],[44.1225,15.4295],[44.1335,15.442],[44.1238,15.4421],[44.1208,15.4626],[44.1524,15.4812],[44.1581,15.4821],[44.1638,15.4735],[44.1759,15.4803],[44.1877,15.4786],[44.1942,15.4855],[44.1918,15.4983],[44.1934,15.5018],[44.2037,15.5011],[44.2036,15.5058],[44.1938,15.5156],[44.1956,15.5222],[44.2033,15.5328],[44.2066,15.5458],[44.2109,15.5535],[44.2232,15.5577],[44.2313,15.5582],[44.2338,15.5664],[44.2474,15.5704],[44.2604,15.5702],[44.2616,15.5782],[44.2669,15.5845],[44.271,15.5964],[44.2764,15.6017],[44.3061,15.6117]]]},"properties":{"id":"YE23","ar":"صنعاء","en":"Sana'a"}},{"type":"Feature","geometry":{"type":"Polygon","coordinates":[[[44.3061,15.6117],[44.2764,15.6017],[44.271,15.5964],[44.2669,15.5845],[44.2616,15.5782],[44.2604,15.5702],[44.2474,15.5704],[44.2338,15.5664],[44.2313,15.5582],[44.2232,15.5577],[44.2109,15.5535],[44.2066,15.5458],[44.2033,15.5328],[44.1956,15.5222],[44.1938,15.5156],[44.2036,15.5058],[44.2037,15.5011],[44.1934,15.5018],[44.1918,15.4983],[44.1942,15.4855],[44.1877,15.4786],[44.1759,15.4803],[44.1638,15.4735],[44.1581,15.4821],[44.1524,15.4812],[44.1208,15.4626],[44.1238,15.4421],[44.1335,15.442],[44.1225,15.4295],[44.1199,15.4218],[44.1079,15.4055],[44.1079,15.3946],[44.1141,15.3943],[44.1151,15.3866],[44.1382,15.3928],[44.1446,15.3879],[44.1492,15.3729],[44.1491,15.3416],[44.1571,15.3404],[44.1765,15.3293],[44.176,15.325],[44.1669,15.3125],[44.1598,15.3164],[44.1508,15.3167],[44.1499,15.3055],[44.1396,15.3035],[44.1399,15.2953],[44.1538,15.2947],[44.1605,15.2873],[44.1699,15.2875],[44.1794,15.2831],[44.183,15.2878],[44.1897,15.2818],[44.1982,15.2805],[44.2016,15.2708],[44.2114,15.2703],[44.2185,15.2621],[44.2323,15.258],[44.2433,15.2436],[44.249,15.2265],[44.2454,15.217],[44.2389,15.2167],[44.2387,15.2063],[44.248,15.2079],[44.2493,15.2172],[44.2611,15.2256],[44.2555,15.2309],[44.2645,15.2365],[44.2695,15.2486],[44.2816,15.2535],[44.2793,15.2758],[44.2834,15.3084],[44.282,15.3243],[44.2725,15.3237],[44.2662,15.3287],[44.2605,15.3606],[44.2513,15.3614],[44.2472,15.3744],[44.2445,15.3755],[44.2426,15.3897],[44.236,15.4065],[44.2539,15.4331],[44.2595,15.4458],[44.2658,15.4526],[44.2755,15.4677],[44.2911,15.4884],[44.2951,15.4977],[44.2916,15.5037],[44.2985,15.5166],[44.3192,15.5184],[44.338,15.516],[44.3422,15.5226],[44.3391,15.531],[44.3418,15.5426],[44.3535,15.5456],[44.3602,15.5433],[44.3706,15.5342],[44.3874,15.5338],[44.4001,15.5392],[44.4126,15.5593],[44.3969,15.564],[44.3738,15.5787],[44.3681,15.5887],[44.3613,15.5886],[44.3509,15.5994],[44.3338,15.607],[44.3191,15.6117],[44.3061,15.6117]]]},"properties":{"id":"YE13","ar":"أمانة العاصمة","en":"Sana'a City"}},{"type":"Feature","geometry":{"type":"Polygon","coordinates":[[[48.6284,14.0468],[48.6407,14.0552],[48.6431,14.0628],[48.6389,14.0784],[48.6366,14.0943],[48.6252,14.1161],[48.6206,14.1227],[48.6063,14.1307],[48.5948,14.1417],[48.5947,14.1499],[48.6054,14.1626],[48.6085,14.1702],[48.6064,14.1777],[48.5867,14.2039],[48.5788,14.205],[48.5743,14.2116],[48.5747,14.2271],[48.5652,14.2402],[48.5636,14.2482],[48.5584,14.2542],[48.5505,14.2547],[48.5436,14.2505],[48.5379,14.256],[48.5299,14.2586],[48.5041,14.2806],[48.4875,14.2842],[48.4509,14.3028],[48.443,14.3046],[48.4258,14.3023],[48.4115,14.3101],[48.4056,14.3153],[48.3897,14.3184],[48.3735,14.3172],[48.3575,14.3143],[48.3495,14.3158],[48.3247,14.317],[48.2938,14.3038],[48.2633,14.3148],[48.2554,14.3152],[48.2481,14.3116],[48.2321,14.3097],[48.2242,14.3114],[48.2188,14.3172],[48.2188,14.325],[48.1703,14.3547],[48.162,14.3562],[48.1543,14.3541],[48.1464,14.3555],[48.1414,14.3707],[48.1309,14.3828],[48.1131,14.3991],[48.1086,14.4148],[48.0946,14.4346],[48.0823,14.4461],[48.0664,14.4641],[48.0644,14.472],[48.0642,14.4878],[48.0622,14.5038],[48.0592,14.5118],[48.0531,14.5168],[48.046,14.5311],[48.0355,14.5431],[48.0183,14.5697],[48.0116,14.5741],[47.9957,14.5725],[47.9877,14.5752],[47.9821,14.581],[47.9741,14.5826],[47.9413,14.5851],[47.9173,14.5736],[47.9013,14.5726],[47.885,14.5755],[47.8531,14.5851],[47.8364,14.586],[47.8044,14.5932],[47.7789,14.5959],[47.7631,14.6005],[47.7348,14.6177],[47.7177,14.6212],[47.7106,14.6248],[47.694,14.6418],[47.6859,14.6444],[47.6697,14.6418],[47.6612,14.6422],[47.6279,14.6653],[47.6085,14.6799],[47.5881,14.6933],[47.5795,14.7068],[47.5727,14.73],[47.572,14.7464],[47.5656,14.7614],[47.5548,14.7728],[47.5075,14.7907],[47.4773,14.804],[47.4612,14.8017],[47.4344,14.8084],[47.4248,14.8182],[47.4235,14.8248],[47.4262,14.8336],[47.4336,14.8479],[47.4436,14.8608],[47.4598,14.8711],[47.4766,14.8788],[47.5045,14.8891],[47.5203,14.901],[47.5267,14.9102],[47.5318,14.9277],[47.5369,14.9366],[47.573,14.9549],[47.6124,14.9828],[47.6198,14.9896],[47.6346,14.9992],[47.6473,15.0093],[47.6561,15.0225],[47.6611,15.0377],[47.6624,15.0532],[47.6587,15.0603],[47.6473,15.0722],[47.6284,15.0874],[47.6186,15.0999],[47.594,15.1228],[47.5839,15.134],[47.5764,15.1537],[47.5764,15.1653],[47.5822,15.1813],[47.5821,15.1892],[47.5859,15.2046],[47.599,15.226],[47.6037,15.2414],[47.6055,15.2569],[47.6173,15.2681],[47.626,15.2813],[47.6146,15.2926],[47.6146,15.3006],[47.6193,15.3406],[47.6204,15.3658],[47.6218,15.3734],[47.6309,15.3866],[47.6375,15.3918],[47.6793,15.419],[47.6929,15.4301],[47.7038,15.4422],[47.7223,15.4707],[47.7385,15.4993],[47.7536,15.5465],[47.7645,15.5582],[47.7788,15.5651],[47.7906,15.5763],[47.7943,15.5838],[47.8156,15.6082],[47.829,15.6279],[47.8337,15.644],[47.8363,15.6756],[47.8438,15.6906],[47.8469,15.715],[47.8462,15.7226],[47.8375,15.7233],[47.6083,15.7233],[47.4136,15.6982],[47.3589,15.693],[46.921,15.6702],[46.7992,15.6587],[46.5842,15.6385],[46.3888,15.6118],[46.3072,15.6062],[46.2979,15.5959],[46.2644,15.5734],[46.164,15.5068],[45.9878,15.3895],[45.7941,15.2602],[45.6845,15.1853],[45.601,15.1279],[45.5946,15.1141],[45.5874,15.1059],[45.5824,15.0935],[45.5763,15.086],[45.5764,15.0787],[45.5662,15.0615],[45.566,15.0539],[45.5622,15.0472],[45.5518,15.0371],[45.5462,15.0153],[45.5385,15.0011],[45.5252,14.9876],[45.5188,14.9767],[45.518,14.9587],[45.5094,14.9401],[45.5074,14.9285],[45.5149,14.9133],[45.5172,14.8986],[45.4999,14.8964],[45.4998,14.892],[45.5081,14.8855],[45.5043,14.8695],[45.4849,14.8407],[45.4836,14.8029],[45.4793,14.7492],[45.48,14.7318],[45.4875,14.7252],[45.5152,14.7192],[45.5251,14.7141],[45.5603,14.7177],[45.5907,14.7224],[45.6011,14.7211],[45.6485,14.7209],[45.6556,14.7199],[45.6776,14.7099],[45.6918,14.6992],[45.6942,14.6926],[45.6893,14.6765],[45.6755,14.6565],[45.6551,14.633],[45.6551,14.6192],[45.6496,14.6094],[45.6458,14.5973],[45.6458,14.576],[45.6791,14.5773],[45.6863,14.5767],[45.6918,14.5812],[45.7061,14.5819],[45.7178,14.5895],[45.7414,14.5884],[45.7488,14.5738],[45.7578,14.5515],[45.7812,14.499],[45.7865,14.4806],[45.7909,14.4574],[45.8111,14.4071],[45.8257,14.3762],[45.8367,14.3572],[45.8545,14.3454],[45.8701,14.3446],[45.939,14.3614],[45.9531,14.3439],[45.972,14.3271],[45.9773,14.3166],[45.9697,14.3097],[45.9694,14.2909],[45.9751,14.2798],[45.9705,14.2687],[45.9815,14.2676],[45.9859,14.255],[45.9796,14.2429],[45.9873,14.2301],[46.0015,14.2199],[46.0082,14.2189],[46.0352,14.2097],[46.0433,14.2058],[46.0612,14.2131],[46.0714,14.2148],[46.0886,14.2263],[46.0984,14.2365],[46.1158,14.2496],[46.1195,14.2694],[46.1273,14.2845],[46.1406,14.2799],[46.1548,14.2805],[46.1642,14.2706],[46.1778,14.2704],[46.2053,14.2946],[46.2118,14.2972],[46.2262,14.3125],[46.2414,14.3214],[46.2625,14.3259],[46.272,14.3219],[46.2798,14.3019],[46.2937,14.2728],[46.3136,14.2426],[46.3343,14.2128],[46.3463,14.1899],[46.3458,14.172],[46.3468,14.1582],[46.3401,14.1448],[46.3328,14.1365],[46.3136,14.1191],[46.279,14.0842],[46.2788,14.0814],[46.2959,14.0576],[46.3022,14.0542],[46.3214,14.0561],[46.3386,14.0608],[46.3625,14.0725],[46.3769,14.0762],[46.3841,14.069],[46.4029,14.0649],[46.4437,14.0675],[46.4862,14.0738],[46.5138,14.0817],[46.5512,14.0939],[46.5824,14.1116],[46.5956,14.1245],[46.6118,14.1541],[46.6231,14.1633],[46.6517,14.173],[46.6701,14.1765],[46.6931,14.1773],[46.7553,14.1759],[46.7727,14.1733],[46.7858,14.1685],[46.7938,14.1576],[46.7993,14.1534],[46.815,14.1631],[46.8216,14.1655],[46.8288,14.1729],[46.8388,14.1766],[46.8519,14.1724],[46.8603,14.1665],[46.8706,14.1659],[46.8759,14.1702],[46.897,14.1676],[46.9031,14.1706],[46.9099,14.1681],[46.9163,14.1708],[46.937,14.1704],[46.9559,14.1615],[46.9611,14.1522],[46.9741,14.1405],[46.9879,14.1418],[47.0042,14.1548],[47.0203,14.1494],[47.0222,14.1426],[47.0291,14.1338],[47.0515,14.1248],[47.0669,14.1299],[47.0728,14.134],[47.0851,14.1354],[47.0934,14.1299],[47.0992,14.1162],[47.1033,14.1113],[47.1382,14.0825],[47.1623,14.0589],[47.1668,14.0507],[47.1862,14.0374],[47.1919,14.0298],[47.1949,14.017],[47.1912,13.9929],[47.1903,13.9676],[47.2071,13.9456],[47.2089,13.9356],[47.2139,13.9268],[47.2241,13.9192],[47.231,13.9057],[47.2282,13.8928],[47.2222,13.893],[47.2178,13.882],[47.1969,13.8634],[47.1953,13.8437],[47.1837,13.8299],[47.1789,13.7988],[47.1793,13.7877],[47.1887,13.7715],[47.1898,13.756],[47.1865,13.7477],[47.1899,13.7415],[47.2083,13.7268],[47.2166,13.7121],[47.2191,13.6947],[47.218,13.6736],[47.2054,13.647],[47.1914,13.6086],[47.1909,13.6003],[47.2123,13.6035],[47.2945,13.6281],[47.3236,13.6406],[47.3394,13.6442],[47.3724,13.6472],[47.3924,13.6545],[47.4088,13.6673],[47.4433,13.6904],[47.459,13.7024],[47.481,13.723],[47.5345,13.7697],[47.543,13.7758],[47.5544,13.7883],[47.5682,13.8007],[47.5813,13.8106],[47.5932,13.8163],[47.6096,13.839],[47.6252,13.8563],[47.6401,13.8698],[47.6504,13.8738],[47.6794,13.8959],[47.7015,13.9095],[47.729,13.9187],[47.7452,13.921],[47.7763,13.9234],[47.8084,13.9347],[47.824,13.9482],[47.884,13.993],[47.8908,14.0006],[47.9111,14.0182],[47.9353,14.0346],[47.9495,14.0418],[47.9778,14.0511],[47.9987,14.0545],[48.0272,14.055],[48.0463,14.0529],[48.0685,14.0473],[48.0902,14.0399],[48.1274,14.0257],[48.158,14.0066],[48.1779,13.9922],[48.1753,13.9711],[48.183,13.9699],[48.1901,13.9755],[48.2034,13.9733],[48.2127,13.9754],[48.2213,13.9882],[48.2371,13.9837],[48.245,13.9853],[48.2507,13.9771],[48.2579,13.9811],[48.2591,13.9895],[48.2699,13.9891],[48.2804,13.9959],[48.2887,13.9858],[48.2965,13.988],[48.2967,13.9951],[48.3068,13.9995],[48.3132,13.9985],[48.3219,14.0061],[48.3255,14.02],[48.3372,14.0251],[48.3482,14.0215],[48.3584,14.0143],[48.3711,14.0183],[48.3856,14.0133],[48.4,14.0209],[48.4139,14.0199],[48.4253,14.0168],[48.4253,14.0219],[48.4363,14.0241],[48.4497,14.0144],[48.4487,14.0045],[48.4516,13.9971],[48.4605,13.9966],[48.4715,14.0075],[48.4762,14.0086],[48.488,14.004],[48.4982,14.0141],[48.5231,14.0336],[48.5462,14.0433],[48.564,14.0466],[48.597,14.0486],[48.6284,14.0468]]]},"properties":{"id":"YE21","ar":"شبوة","en":"Shabwah"}},{"type":"Feature","geometry":{"type":"MultiPolygon","coordinates":[[[[54.1638,12.6678],[54.1355,12.6828],[54.1191,12.6971],[54.1051,12.7026],[54.0905,12.6987],[54.0819,12.6827],[54.0721,12.6761],[54.0472,12.6673],[54.0424,12.6629],[54.022,12.6563],[54.009,12.6503],[53.9914,12.6482],[53.9762,12.6522],[53.9773,12.6382],[53.9738,12.6338],[53.9606,12.6348],[53.9485,12.6403],[53.9153,12.6486],[53.9078,12.6491],[53.8991,12.641],[53.8765,12.6277],[53.8671,12.6121],[53.8621,12.61],[53.8429,12.5961],[53.8186,12.5985],[53.8061,12.5977],[53.7981,12.6075],[53.7813,12.6176],[53.7447,12.6338],[53.7397,12.6367],[53.7159,12.6568],[53.6759,12.686],[53.666,12.6959],[53.6595,12.6977],[53.6118,12.6998],[53.5793,12.7032],[53.5569,12.7139],[53.5391,12.7153],[53.5266,12.7125],[53.5111,12.7018],[53.51,12.7146],[53.5004,12.7063],[53.489,12.7017],[53.482,12.6851],[53.4738,12.6757],[53.4635,12.6682],[53.4455,12.6686],[53.4262,12.6651],[53.4028,12.6529],[53.4031,12.6468],[53.4092,12.6285],[53.4095,12.6208],[53.4054,12.6089],[53.4062,12.6032],[53.4047,12.5675],[53.3995,12.5558],[53.3917,12.5476],[53.3794,12.5411],[53.3424,12.5335],[53.3136,12.5333],[53.3104,12.5279],[53.3153,12.5174],[53.337,12.5075],[53.3528,12.493],[53.3564,12.4877],[53.3822,12.4786],[53.4203,12.4518],[53.4396,12.4459],[53.4618,12.4336],[53.4798,12.4146],[53.4976,12.405],[53.5023,12.4006],[53.5223,12.3747],[53.5379,12.3628],[53.5458,12.3523],[53.5509,12.3347],[53.5764,12.3317],[53.595,12.3254],[53.6099,12.3222],[53.6265,12.314],[53.6872,12.2954],[53.7058,12.2985],[53.7186,12.297],[53.761,12.295],[53.7798,12.2962],[53.8001,12.3016],[53.8243,12.3061],[53.8506,12.3083],[53.8749,12.312],[53.8978,12.3175],[53.9111,12.3186],[53.9331,12.3251],[53.9476,12.3252],[53.9691,12.3219],[54.0042,12.321],[54.0175,12.3257],[54.0296,12.3405],[54.0356,12.3436],[54.0485,12.3458],[54.0681,12.3519],[54.0819,12.3504],[54.093,12.3466],[54.1068,12.3451],[54.145,12.3437],[54.1813,12.3689],[54.2012,12.3863],[54.2176,12.3932],[54.2362,12.4112],[54.2478,12.4183],[54.2594,12.4353],[54.277,12.4405],[54.3032,12.44],[54.3256,12.4428],[54.3636,12.4527],[54.3847,12.4548],[54.4078,12.4669],[54.4203,12.4715],[54.4299,12.4798],[54.4492,12.4883],[54.4483,12.5003],[54.454,12.5132],[54.464,12.5196],[54.4754,12.5241],[54.4887,12.5315],[54.5013,12.5364],[54.5285,12.5385],[54.5382,12.5454],[54.5345,12.5499],[54.5146,12.5507],[54.5024,12.5493],[54.4829,12.5498],[54.4755,12.5519],[54.4649,12.5594],[54.4372,12.5737],[54.422,12.584],[54.3765,12.606],[54.3627,12.609],[54.347,12.6094],[54.3204,12.6121],[54.3085,12.6148],[54.29,12.6239],[54.2746,12.6349],[54.258,12.6447],[54.2386,12.6534],[54.2162,12.6601],[54.2073,12.6671],[54.2038,12.6842],[54.1974,12.6827],[54.1801,12.6662],[54.1676,12.6658],[54.1638,12.6678]]],[[[52.128,12.2344],[52.1161,12.2384],[52.0982,12.2337],[52.0868,12.2368],[52.0687,12.2363],[52.0624,12.2289],[52.0675,12.2177],[52.0912,12.2106],[52.1068,12.1984],[52.1317,12.1929],[52.1486,12.1831],[52.1662,12.1843],[52.1785,12.1818],[52.202,12.1742],[52.2221,12.1709],[52.2279,12.1684],[52.2349,12.1595],[52.2715,12.1459],[52.309,12.1455],[52.3342,12.1477],[52.3711,12.152],[52.3767,12.1544],[52.3764,12.1605],[52.3706,12.1706],[52.3777,12.1807],[52.3931,12.1938],[52.3702,12.1889],[52.3264,12.1883],[52.314,12.1889],[52.3028,12.1939],[52.291,12.1965],[52.2664,12.1973],[52.2418,12.1996],[52.2069,12.2002],[52.1765,12.2099],[52.1647,12.2151],[52.1462,12.233],[52.128,12.2344]]],[[[53.081,12.1641],[53.0622,12.1688],[53.0509,12.1754],[53.0392,12.1778],[53.0277,12.1826],[53.022,12.1806],[53.0117,12.1651],[53.0065,12.1622],[52.988,12.1619],[52.9956,12.1511],[53.0082,12.1487],[53.0171,12.14],[53.0275,12.1329],[53.047,12.1289],[53.0654,12.1228],[53.079,12.1246],[53.0909,12.1311],[53.0936,12.1428],[53.0892,12.1535],[53.081,12.1641]]],[[[53.3111,12.1117],[53.2964,12.1222],[53.2784,12.1231],[53.2516,12.1212],[53.2575,12.1126],[53.2761,12.1088],[53.3072,12.1066],[53.3111,12.1117]]]]},"properties":{"id":"YE32","ar":"سقطرى","en":"Socotra"}},{"type":"Feature","geometry":{"type":"MultiPolygon","coordinates":[[[[43.6545,13.9103],[43.6226,13.9127],[43.6142,13.9069],[43.6029,13.908],[43.5798,13.8984],[43.5645,13.8961],[43.5521,13.9001],[43.5353,13.901],[43.5147,13.8981],[43.4871,13.8957],[43.482,13.8907],[43.4835,13.8757],[43.4819,13.8533],[43.4695,13.8325],[43.4687,13.8202],[43.4735,13.8106],[43.4832,13.8033],[43.483,13.7939],[43.4767,13.7934],[43.4468,13.7961],[43.4356,13.7918],[43.4299,13.7868],[43.4173,13.7678],[43.423,13.7402],[43.4058,13.717],[43.3385,13.6974],[43.2877,13.6791],[43.2877,13.6708],[43.2833,13.6511],[43.2832,13.6192],[43.291,13.6095],[43.2922,13.5971],[43.2873,13.5912],[43.2786,13.5892],[43.2815,13.5759],[43.2778,13.5718],[43.2709,13.5567],[43.2734,13.5515],[43.2646,13.5348],[43.267,13.5279],[43.2614,13.5222],[43.2635,13.5087],[43.2572,13.5074],[43.2567,13.4783],[43.2543,13.4624],[43.2552,13.4499],[43.2581,13.4393],[43.2551,13.4271],[43.2497,13.4205],[43.2485,13.3937],[43.2501,13.3773],[43.2533,13.3675],[43.2487,13.3584],[43.2497,13.3401],[43.243,13.3301],[43.2421,13.3183],[43.2381,13.3114],[43.2318,13.3103],[43.2314,13.2972],[43.2278,13.2897],[43.2272,13.2824],[43.2397,13.2633],[43.2398,13.272],[43.2274,13.2855],[43.2315,13.2911],[43.2342,13.3022],[43.2391,13.3074],[43.2413,13.2887],[43.2447,13.2867],[43.2455,13.274],[43.2437,13.263],[43.247,13.239],[43.2545,13.214],[43.2726,13.1811],[43.2833,13.16],[43.2958,13.1411],[43.2997,13.1376],[43.3153,13.1141],[43.3433,13.083],[43.3528,13.0628],[43.3625,13.045],[43.3764,13.0123],[43.394,12.9914],[43.4097,12.9589],[43.4101,12.9461],[43.4061,12.9436],[43.4209,12.9349],[43.4288,12.9244],[43.4312,12.9144],[43.4394,12.8983],[43.4393,12.8944],[43.4464,12.8804],[43.4567,12.8733],[43.4633,12.861],[43.4771,12.8444],[43.488,12.8345],[43.4932,12.8268],[43.4952,12.8183],[43.4842,12.7958],[43.4808,12.7825],[43.4737,12.7664],[43.4751,12.7585],[43.4694,12.7296],[43.4691,12.7194],[43.4765,12.7191],[43.4915,12.7116],[43.5013,12.7042],[43.4953,12.6988],[43.4886,12.6984],[43.484,12.7087],[43.4751,12.7075],[43.4748,12.715],[43.469,12.7167],[43.4542,12.6953],[43.4622,12.677],[43.4829,12.6754],[43.4914,12.6794],[43.5032,12.675],[43.5175,12.6862],[43.526,12.6984],[43.5138,12.706],[43.5659,12.7963],[43.6442,12.9321],[43.6486,12.9359],[43.7098,12.9501],[43.7112,12.9708],[43.7306,12.9863],[43.7315,13.0017],[43.7288,13.0142],[43.7199,13.0279],[43.7068,13.0321],[43.7017,13.037],[43.6989,13.061],[43.7019,13.0654],[43.7161,13.0748],[43.7362,13.0756],[43.7397,13.0709],[43.7545,13.0689],[43.7661,13.0766],[43.7658,13.0803],[43.7898,13.0931],[43.8016,13.1067],[43.8101,13.1128],[43.8229,13.1118],[43.8393,13.1206],[43.865,13.1194],[43.8778,13.1033],[43.8848,13.0978],[43.8939,13.1011],[43.9094,13.0971],[43.9255,13.0877],[43.9357,13.088],[43.9459,13.0658],[43.9735,13.0519],[44.0014,13.0714],[44.008,13.0784],[44.0096,13.0878],[43.9891,13.1038],[43.9997,13.1325],[44.0095,13.1263],[44.0252,13.107],[44.0398,13.0955],[44.0506,13.0901],[44.0628,13.0892],[44.078,13.0906],[44.0823,13.0948],[44.0854,13.1044],[44.0824,13.1157],[44.0818,13.1306],[44.0846,13.1522],[44.0945,13.1612],[44.1025,13.1533],[44.1551,13.1515],[44.1559,13.1566],[44.1504,13.1659],[44.139,13.1784],[44.1292,13.195],[44.138,13.2029],[44.172,13.2045],[44.1724,13.21],[44.1656,13.2232],[44.1676,13.2363],[44.1649,13.2422],[44.1711,13.2511],[44.1838,13.2421],[44.1802,13.227],[44.1838,13.2201],[44.2093,13.2171],[44.2151,13.2146],[44.2307,13.2163],[44.2711,13.2148],[44.2785,13.2039],[44.2923,13.2098],[44.3071,13.2125],[44.3127,13.2232],[44.3337,13.2344],[44.3369,13.2398],[44.3361,13.2525],[44.3412,13.2677],[44.3259,13.3027],[44.3281,13.3163],[44.3378,13.3378],[44.3378,13.3439],[44.3292,13.3541],[44.3223,13.3551],[44.3185,13.36],[44.3058,13.3634],[44.3007,13.3565],[44.2942,13.357],[44.2929,13.3676],[44.3104,13.3677],[44.3245,13.3735],[44.3333,13.3835],[44.3492,13.3855],[44.3663,13.3846],[44.3763,13.3813],[44.4106,13.38],[44.4276,13.3735],[44.4375,13.3792],[44.4312,13.4004],[44.4114,13.4225],[44.3745,13.444],[44.3614,13.4435],[44.3472,13.4392],[44.3413,13.4399],[44.331,13.4523],[44.336,13.4649],[44.3369,13.4766],[44.3446,13.4803],[44.3585,13.4777],[44.3642,13.485],[44.3765,13.4827],[44.3819,13.4941],[44.4009,13.497],[44.4162,13.4959],[44.4256,13.5047],[44.4233,13.5222],[44.4273,13.5265],[44.4512,13.526],[44.4659,13.5295],[44.471,13.535],[44.4703,13.5435],[44.4775,13.5506],[44.4907,13.5503],[44.5051,13.5619],[44.5092,13.5692],[44.5118,13.5879],[44.5182,13.6176],[44.4847,13.6282],[44.4587,13.6397],[44.4496,13.6421],[44.4381,13.6396],[44.4324,13.6354],[44.4306,13.6209],[44.4038,13.6277],[44.3946,13.6318],[44.3797,13.6416],[44.3746,13.6479],[44.3734,13.6588],[44.3786,13.6708],[44.3963,13.6893],[44.3998,13.696],[44.3954,13.7049],[44.3989,13.7149],[44.4075,13.7199],[44.3983,13.7414],[44.3953,13.7535],[44.3905,13.7628],[44.3793,13.7682],[44.3704,13.769],[44.3695,13.7603],[44.3527,13.7374],[44.3298,13.7125],[44.3229,13.7063],[44.2991,13.7053],[44.279,13.708],[44.2661,13.7161],[44.2594,13.7324],[44.244,13.7411],[44.2231,13.7343],[44.2111,13.7219],[44.1978,13.7176],[44.1918,13.7291],[44.1825,13.7341],[44.1707,13.7492],[44.1474,13.7493],[44.1409,13.7466],[44.1257,13.747],[44.1182,13.7549],[44.0989,13.7672],[44.0922,13.7745],[44.0891,13.7827],[44.0801,13.7811],[44.0773,13.771],[44.0581,13.7672],[44.0386,13.7694],[44.0263,13.7755],[44.0108,13.7797],[44.0004,13.7854],[43.9822,13.8001],[43.9726,13.7899],[43.9616,13.7954],[43.9378,13.7918],[43.9106,13.7957],[43.9087,13.801],[43.9088,13.815],[43.9068,13.822],[43.9155,13.8232],[43.9264,13.8188],[43.9356,13.8246],[43.938,13.8471],[43.9354,13.8581],[43.9281,13.8679],[43.915,13.871],[43.9071,13.8664],[43.9055,13.8571],[43.8903,13.8535],[43.8903,13.846],[43.8825,13.8385],[43.8756,13.8353],[43.8605,13.8197],[43.8584,13.8202],[43.8475,13.8384],[43.8489,13.8427],[43.8603,13.8461],[43.8607,13.8575],[43.8666,13.8635],[43.8626,13.8726],[43.8694,13.8798],[43.8641,13.8908],[43.8502,13.8889],[43.8386,13.8898],[43.8352,13.8817],[43.8247,13.8766],[43.7952,13.8698],[43.7942,13.8544],[43.7859,13.8495],[43.7828,13.8611],[43.765,13.8784],[43.7568,13.8822],[43.7523,13.8798],[43.7486,13.863],[43.7395,13.8522],[43.7174,13.8471],[43.6995,13.8532],[43.6802,13.8532],[43.6703,13.8564],[43.6649,13.8625],[43.6625,13.8744],[43.6548,13.9014],[43.6545,13.9103]]],[[[43.4111,12.6716],[43.3929,12.6654],[43.3883,12.661],[43.3921,12.65],[43.3987,12.6548],[43.4106,12.6524],[43.4181,12.6566],[43.4228,12.6547],[43.4229,12.641],[43.4286,12.6413],[43.4323,12.632],[43.4403,12.641],[43.4359,12.6544],[43.4383,12.6597],[43.433,12.6652],[43.426,12.664],[43.4111,12.6716]]]]},"properties":{"id":"YE15","ar":"تعز","en":"Taiz"}}]}